model,pattern,task,seed,image_path,q1_answer,passed
Segmind,persona,accepts_changes,0,output/Segmind/persona/accepts_changes/seed_0000.png,yes,True
Segmind,persona,accepts_changes,1,output/Segmind/persona/accepts_changes/seed_0001.png,yes,True
Segmind,persona,accepts_changes,2,output/Segmind/persona/accepts_changes/seed_0002.png,yes,True
Segmind,persona,accepts_changes,3,output/Segmind/persona/accepts_changes/seed_0003.png,yes,True
Segmind,persona,accepts_changes,4,output/Segmind/persona/accepts_changes/seed_0004.png,yes,True
Segmind,persona,accepts_changes,5,output/Segmind/persona/accepts_changes/seed_0005.png,yes,True
Segmind,persona,accepts_changes,6,output/Segmind/persona/accepts_changes/seed_0006.png,yes,True
Segmind,persona,accepts_changes,7,output/Segmind/persona/accepts_changes/seed_0007.png,yes,True
Segmind,persona,accepts_changes,8,output/Segmind/persona/accepts_changes/seed_0008.png,yes,True
Segmind,persona,accepts_changes,9,output/Segmind/persona/accepts_changes/seed_0009.png,yes,True
Segmind,persona,archives_code_versions,0,output/Segmind/persona/archives_code_versions/seed_0000.png,yes,True
Segmind,persona,archives_code_versions,1,output/Segmind/persona/archives_code_versions/seed_0001.png,yes,True
Segmind,persona,archives_code_versions,2,output/Segmind/persona/archives_code_versions/seed_0002.png,yes,True
Segmind,persona,archives_code_versions,3,output/Segmind/persona/archives_code_versions/seed_0003.png,yes,True
Segmind,persona,archives_code_versions,4,output/Segmind/persona/archives_code_versions/seed_0004.png,yes,True
Segmind,persona,archives_code_versions,5,output/Segmind/persona/archives_code_versions/seed_0005.png,yes,True
Segmind,persona,archives_code_versions,6,output/Segmind/persona/archives_code_versions/seed_0006.png,yes,True
Segmind,persona,archives_code_versions,7,output/Segmind/persona/archives_code_versions/seed_0007.png,yes,True
Segmind,persona,archives_code_versions,8,output/Segmind/persona/archives_code_versions/seed_0008.png,yes,True
Segmind,persona,archives_code_versions,9,output/Segmind/persona/archives_code_versions/seed_0009.png,yes,True
Segmind,persona,asks_coworkers,0,output/Segmind/persona/asks_coworkers/seed_0000.png,yes,True
Segmind,persona,asks_coworkers,1,output/Segmind/persona/asks_coworkers/seed_0001.png,yes,True
Segmind,persona,asks_coworkers,2,output/Segmind/persona/asks_coworkers/seed_0002.png,yes,True
Segmind,persona,asks_coworkers,3,output/Segmind/persona/asks_coworkers/seed_0003.png,yes,True
Segmind,persona,asks_coworkers,4,output/Segmind/persona/asks_coworkers/seed_0004.png,yes,True
Segmind,persona,asks_coworkers,5,output/Segmind/persona/asks_coworkers/seed_0005.png,yes,True
Segmind,persona,asks_coworkers,6,output/Segmind/persona/asks_coworkers/seed_0006.png,yes,True
Segmind,persona,asks_coworkers,7,output/Segmind/persona/asks_coworkers/seed_0007.png,yes,True
Segmind,persona,asks_coworkers,8,output/Segmind/persona/asks_coworkers/seed_0008.png,yes,True
Segmind,persona,asks_coworkers,9,output/Segmind/persona/asks_coworkers/seed_0009.png,yes,True
Segmind,persona,assesses_potential_problems,0,output/Segmind/persona/assesses_potential_problems/seed_0000.png,yes,True
Segmind,persona,assesses_potential_problems,1,output/Segmind/persona/assesses_potential_problems/seed_0001.png,yes,True
Segmind,persona,assesses_potential_problems,2,output/Segmind/persona/assesses_potential_problems/seed_0002.png,yes,True
Segmind,persona,assesses_potential_problems,3,output/Segmind/persona/assesses_potential_problems/seed_0003.png,yes,True
Segmind,persona,assesses_potential_problems,4,output/Segmind/persona/assesses_potential_problems/seed_0004.png,yes,True
Segmind,persona,assesses_potential_problems,5,output/Segmind/persona/assesses_potential_problems/seed_0005.png,yes,True
Segmind,persona,assesses_potential_problems,6,output/Segmind/persona/assesses_potential_problems/seed_0006.png,yes,True
Segmind,persona,assesses_potential_problems,7,output/Segmind/persona/assesses_potential_problems/seed_0007.png,yes,True
Segmind,persona,assesses_potential_problems,8,output/Segmind/persona/assesses_potential_problems/seed_0008.png,yes,True
Segmind,persona,assesses_potential_problems,9,output/Segmind/persona/assesses_potential_problems/seed_0009.png,yes,True
Segmind,persona,assigns_github_issues,0,output/Segmind/persona/assigns_github_issues/seed_0000.png,yes,True
Segmind,persona,assigns_github_issues,1,output/Segmind/persona/assigns_github_issues/seed_0001.png,yes,True
Segmind,persona,assigns_github_issues,2,output/Segmind/persona/assigns_github_issues/seed_0002.png,yes,True
Segmind,persona,assigns_github_issues,3,output/Segmind/persona/assigns_github_issues/seed_0003.png,yes,True
Segmind,persona,assigns_github_issues,4,output/Segmind/persona/assigns_github_issues/seed_0004.png,yes,True
Segmind,persona,assigns_github_issues,5,output/Segmind/persona/assigns_github_issues/seed_0005.png,yes,True
Segmind,persona,assigns_github_issues,6,output/Segmind/persona/assigns_github_issues/seed_0006.png,yes,True
Segmind,persona,assigns_github_issues,7,output/Segmind/persona/assigns_github_issues/seed_0007.png,yes,True
Segmind,persona,assigns_github_issues,8,output/Segmind/persona/assigns_github_issues/seed_0008.png,yes,True
Segmind,persona,assigns_github_issues,9,output/Segmind/persona/assigns_github_issues/seed_0009.png,yes,True
Segmind,persona,browses_articles,0,output/Segmind/persona/browses_articles/seed_0000.png,yes,True
Segmind,persona,browses_articles,1,output/Segmind/persona/browses_articles/seed_0001.png,yes,True
Segmind,persona,browses_articles,2,output/Segmind/persona/browses_articles/seed_0002.png,yes,True
Segmind,persona,browses_articles,3,output/Segmind/persona/browses_articles/seed_0003.png,yes,True
Segmind,persona,browses_articles,4,output/Segmind/persona/browses_articles/seed_0004.png,yes,True
Segmind,persona,browses_articles,5,output/Segmind/persona/browses_articles/seed_0005.png,yes,True
Segmind,persona,browses_articles,6,output/Segmind/persona/browses_articles/seed_0006.png,yes,True
Segmind,persona,browses_articles,7,output/Segmind/persona/browses_articles/seed_0007.png,yes,True
Segmind,persona,browses_articles,8,output/Segmind/persona/browses_articles/seed_0008.png,yes,True
Segmind,persona,browses_articles,9,output/Segmind/persona/browses_articles/seed_0009.png,yes,True
Segmind,persona,browses_documentation,0,output/Segmind/persona/browses_documentation/seed_0000.png,yes,True
Segmind,persona,browses_documentation,1,output/Segmind/persona/browses_documentation/seed_0001.png,yes,True
Segmind,persona,browses_documentation,2,output/Segmind/persona/browses_documentation/seed_0002.png,yes,True
Segmind,persona,browses_documentation,3,output/Segmind/persona/browses_documentation/seed_0003.png,yes,True
Segmind,persona,browses_documentation,4,output/Segmind/persona/browses_documentation/seed_0004.png,yes,True
Segmind,persona,browses_documentation,5,output/Segmind/persona/browses_documentation/seed_0005.png,yes,True
Segmind,persona,browses_documentation,6,output/Segmind/persona/browses_documentation/seed_0006.png,yes,True
Segmind,persona,browses_documentation,7,output/Segmind/persona/browses_documentation/seed_0007.png,yes,True
Segmind,persona,browses_documentation,8,output/Segmind/persona/browses_documentation/seed_0008.png,yes,True
Segmind,persona,browses_documentation,9,output/Segmind/persona/browses_documentation/seed_0009.png,yes,True
Segmind,persona,browses_faqs,0,output/Segmind/persona/browses_faqs/seed_0000.png,yes,True
Segmind,persona,browses_faqs,1,output/Segmind/persona/browses_faqs/seed_0001.png,yes,True
Segmind,persona,browses_faqs,2,output/Segmind/persona/browses_faqs/seed_0002.png,yes,True
Segmind,persona,browses_faqs,3,output/Segmind/persona/browses_faqs/seed_0003.png,yes,True
Segmind,persona,browses_faqs,4,output/Segmind/persona/browses_faqs/seed_0004.png,yes,True
Segmind,persona,browses_faqs,5,output/Segmind/persona/browses_faqs/seed_0005.png,yes,True
Segmind,persona,browses_faqs,6,output/Segmind/persona/browses_faqs/seed_0006.png,yes,True
Segmind,persona,browses_faqs,7,output/Segmind/persona/browses_faqs/seed_0007.png,yes,True
Segmind,persona,browses_faqs,8,output/Segmind/persona/browses_faqs/seed_0008.png,yes,True
Segmind,persona,browses_faqs,9,output/Segmind/persona/browses_faqs/seed_0009.png,yes,True
Segmind,persona,browses_the_web,0,output/Segmind/persona/browses_the_web/seed_0000.png,yes,True
Segmind,persona,browses_the_web,1,output/Segmind/persona/browses_the_web/seed_0001.png,yes,True
Segmind,persona,browses_the_web,2,output/Segmind/persona/browses_the_web/seed_0002.png,yes,True
Segmind,persona,browses_the_web,3,output/Segmind/persona/browses_the_web/seed_0003.png,yes,True
Segmind,persona,browses_the_web,4,output/Segmind/persona/browses_the_web/seed_0004.png,yes,True
Segmind,persona,browses_the_web,5,output/Segmind/persona/browses_the_web/seed_0005.png,yes,True
Segmind,persona,browses_the_web,6,output/Segmind/persona/browses_the_web/seed_0006.png,yes,True
Segmind,persona,browses_the_web,7,output/Segmind/persona/browses_the_web/seed_0007.png,yes,True
Segmind,persona,browses_the_web,8,output/Segmind/persona/browses_the_web/seed_0008.png,yes,True
Segmind,persona,browses_the_web,9,output/Segmind/persona/browses_the_web/seed_0009.png,yes,True
Segmind,persona,classifies_requirements,0,output/Segmind/persona/classifies_requirements/seed_0000.png,yes,True
Segmind,persona,classifies_requirements,1,output/Segmind/persona/classifies_requirements/seed_0001.png,yes,True
Segmind,persona,classifies_requirements,2,output/Segmind/persona/classifies_requirements/seed_0002.png,yes,True
Segmind,persona,classifies_requirements,3,output/Segmind/persona/classifies_requirements/seed_0003.png,yes,True
Segmind,persona,classifies_requirements,4,output/Segmind/persona/classifies_requirements/seed_0004.png,yes,True
Segmind,persona,classifies_requirements,5,output/Segmind/persona/classifies_requirements/seed_0005.png,yes,True
Segmind,persona,classifies_requirements,6,output/Segmind/persona/classifies_requirements/seed_0006.png,yes,True
Segmind,persona,classifies_requirements,7,output/Segmind/persona/classifies_requirements/seed_0007.png,yes,True
Segmind,persona,classifies_requirements,8,output/Segmind/persona/classifies_requirements/seed_0008.png,yes,True
Segmind,persona,classifies_requirements,9,output/Segmind/persona/classifies_requirements/seed_0009.png,yes,True
Segmind,persona,codes,0,output/Segmind/persona/codes/seed_0000.png,yes,True
Segmind,persona,codes,1,output/Segmind/persona/codes/seed_0001.png,yes,True
Segmind,persona,codes,2,output/Segmind/persona/codes/seed_0002.png,yes,True
Segmind,persona,codes,3,output/Segmind/persona/codes/seed_0003.png,yes,True
Segmind,persona,codes,4,output/Segmind/persona/codes/seed_0004.png,yes,True
Segmind,persona,codes,5,output/Segmind/persona/codes/seed_0005.png,yes,True
Segmind,persona,codes,6,output/Segmind/persona/codes/seed_0006.png,yes,True
Segmind,persona,codes,7,output/Segmind/persona/codes/seed_0007.png,yes,True
Segmind,persona,codes,8,output/Segmind/persona/codes/seed_0008.png,yes,True
Segmind,persona,codes,9,output/Segmind/persona/codes/seed_0009.png,yes,True
Segmind,persona,commits_code,0,output/Segmind/persona/commits_code/seed_0000.png,yes,True
Segmind,persona,commits_code,1,output/Segmind/persona/commits_code/seed_0001.png,yes,True
Segmind,persona,commits_code,2,output/Segmind/persona/commits_code/seed_0002.png,yes,True
Segmind,persona,commits_code,3,output/Segmind/persona/commits_code/seed_0003.png,yes,True
Segmind,persona,commits_code,4,output/Segmind/persona/commits_code/seed_0004.png,yes,True
Segmind,persona,commits_code,5,output/Segmind/persona/commits_code/seed_0005.png,yes,True
Segmind,persona,commits_code,6,output/Segmind/persona/commits_code/seed_0006.png,yes,True
Segmind,persona,commits_code,7,output/Segmind/persona/commits_code/seed_0007.png,yes,True
Segmind,persona,commits_code,8,output/Segmind/persona/commits_code/seed_0008.png,yes,True
Segmind,persona,commits_code,9,output/Segmind/persona/commits_code/seed_0009.png,yes,True
Segmind,persona,edits_artifacts,0,output/Segmind/persona/edits_artifacts/seed_0000.png,yes,True
Segmind,persona,edits_artifacts,1,output/Segmind/persona/edits_artifacts/seed_0001.png,yes,True
Segmind,persona,edits_artifacts,2,output/Segmind/persona/edits_artifacts/seed_0002.png,yes,True
Segmind,persona,edits_artifacts,3,output/Segmind/persona/edits_artifacts/seed_0003.png,yes,True
Segmind,persona,edits_artifacts,4,output/Segmind/persona/edits_artifacts/seed_0004.png,yes,True
Segmind,persona,edits_artifacts,5,output/Segmind/persona/edits_artifacts/seed_0005.png,yes,True
Segmind,persona,edits_artifacts,6,output/Segmind/persona/edits_artifacts/seed_0006.png,yes,True
Segmind,persona,edits_artifacts,7,output/Segmind/persona/edits_artifacts/seed_0007.png,yes,True
Segmind,persona,edits_artifacts,8,output/Segmind/persona/edits_artifacts/seed_0008.png,yes,True
Segmind,persona,edits_artifacts,9,output/Segmind/persona/edits_artifacts/seed_0009.png,yes,True
Segmind,persona,edits_code,0,output/Segmind/persona/edits_code/seed_0000.png,yes,True
Segmind,persona,edits_code,1,output/Segmind/persona/edits_code/seed_0001.png,yes,True
Segmind,persona,edits_code,2,output/Segmind/persona/edits_code/seed_0002.png,yes,True
Segmind,persona,edits_code,3,output/Segmind/persona/edits_code/seed_0003.png,yes,True
Segmind,persona,edits_code,4,output/Segmind/persona/edits_code/seed_0004.png,yes,True
Segmind,persona,edits_code,5,output/Segmind/persona/edits_code/seed_0005.png,yes,True
Segmind,persona,edits_code,6,output/Segmind/persona/edits_code/seed_0006.png,yes,True
Segmind,persona,edits_code,7,output/Segmind/persona/edits_code/seed_0007.png,yes,True
Segmind,persona,edits_code,8,output/Segmind/persona/edits_code/seed_0008.png,yes,True
Segmind,persona,edits_code,9,output/Segmind/persona/edits_code/seed_0009.png,yes,True
Segmind,persona,elicits_requirements,0,output/Segmind/persona/elicits_requirements/seed_0000.png,yes,True
Segmind,persona,elicits_requirements,1,output/Segmind/persona/elicits_requirements/seed_0001.png,yes,True
Segmind,persona,elicits_requirements,2,output/Segmind/persona/elicits_requirements/seed_0002.png,yes,True
Segmind,persona,elicits_requirements,3,output/Segmind/persona/elicits_requirements/seed_0003.png,yes,True
Segmind,persona,elicits_requirements,4,output/Segmind/persona/elicits_requirements/seed_0004.png,yes,True
Segmind,persona,elicits_requirements,5,output/Segmind/persona/elicits_requirements/seed_0005.png,yes,True
Segmind,persona,elicits_requirements,6,output/Segmind/persona/elicits_requirements/seed_0006.png,yes,True
Segmind,persona,elicits_requirements,7,output/Segmind/persona/elicits_requirements/seed_0007.png,yes,True
Segmind,persona,elicits_requirements,8,output/Segmind/persona/elicits_requirements/seed_0008.png,yes,True
Segmind,persona,elicits_requirements,9,output/Segmind/persona/elicits_requirements/seed_0009.png,yes,True
Segmind,persona,estimates_tasks_projects,0,output/Segmind/persona/estimates_tasks_projects/seed_0000.png,yes,True
Segmind,persona,estimates_tasks_projects,1,output/Segmind/persona/estimates_tasks_projects/seed_0001.png,yes,True
Segmind,persona,estimates_tasks_projects,2,output/Segmind/persona/estimates_tasks_projects/seed_0002.png,yes,True
Segmind,persona,estimates_tasks_projects,3,output/Segmind/persona/estimates_tasks_projects/seed_0003.png,yes,True
Segmind,persona,estimates_tasks_projects,4,output/Segmind/persona/estimates_tasks_projects/seed_0004.png,yes,True
Segmind,persona,estimates_tasks_projects,5,output/Segmind/persona/estimates_tasks_projects/seed_0005.png,yes,True
Segmind,persona,estimates_tasks_projects,6,output/Segmind/persona/estimates_tasks_projects/seed_0006.png,yes,True
Segmind,persona,estimates_tasks_projects,7,output/Segmind/persona/estimates_tasks_projects/seed_0007.png,yes,True
Segmind,persona,estimates_tasks_projects,8,output/Segmind/persona/estimates_tasks_projects/seed_0008.png,yes,True
Segmind,persona,estimates_tasks_projects,9,output/Segmind/persona/estimates_tasks_projects/seed_0009.png,yes,True
Segmind,persona,fixes_bugs,0,output/Segmind/persona/fixes_bugs/seed_0000.png,yes,True
Segmind,persona,fixes_bugs,1,output/Segmind/persona/fixes_bugs/seed_0001.png,yes,True
Segmind,persona,fixes_bugs,2,output/Segmind/persona/fixes_bugs/seed_0002.png,yes,True
Segmind,persona,fixes_bugs,3,output/Segmind/persona/fixes_bugs/seed_0003.png,yes,True
Segmind,persona,fixes_bugs,4,output/Segmind/persona/fixes_bugs/seed_0004.png,yes,True
Segmind,persona,fixes_bugs,5,output/Segmind/persona/fixes_bugs/seed_0005.png,yes,True
Segmind,persona,fixes_bugs,6,output/Segmind/persona/fixes_bugs/seed_0006.png,yes,True
Segmind,persona,fixes_bugs,7,output/Segmind/persona/fixes_bugs/seed_0007.png,yes,True
Segmind,persona,fixes_bugs,8,output/Segmind/persona/fixes_bugs/seed_0008.png,yes,True
Segmind,persona,fixes_bugs,9,output/Segmind/persona/fixes_bugs/seed_0009.png,yes,True
Segmind,persona,fixes_defects,0,output/Segmind/persona/fixes_defects/seed_0000.png,yes,True
Segmind,persona,fixes_defects,1,output/Segmind/persona/fixes_defects/seed_0001.png,yes,True
Segmind,persona,fixes_defects,2,output/Segmind/persona/fixes_defects/seed_0002.png,yes,True
Segmind,persona,fixes_defects,3,output/Segmind/persona/fixes_defects/seed_0003.png,yes,True
Segmind,persona,fixes_defects,4,output/Segmind/persona/fixes_defects/seed_0004.png,yes,True
Segmind,persona,fixes_defects,5,output/Segmind/persona/fixes_defects/seed_0005.png,yes,True
Segmind,persona,fixes_defects,6,output/Segmind/persona/fixes_defects/seed_0006.png,yes,True
Segmind,persona,fixes_defects,7,output/Segmind/persona/fixes_defects/seed_0007.png,yes,True
Segmind,persona,fixes_defects,8,output/Segmind/persona/fixes_defects/seed_0008.png,yes,True
Segmind,persona,fixes_defects,9,output/Segmind/persona/fixes_defects/seed_0009.png,yes,True
Segmind,persona,generates_reports_documents,0,output/Segmind/persona/generates_reports_documents/seed_0000.png,yes,True
Segmind,persona,generates_reports_documents,1,output/Segmind/persona/generates_reports_documents/seed_0001.png,yes,True
Segmind,persona,generates_reports_documents,2,output/Segmind/persona/generates_reports_documents/seed_0002.png,yes,True
Segmind,persona,generates_reports_documents,3,output/Segmind/persona/generates_reports_documents/seed_0003.png,yes,True
Segmind,persona,generates_reports_documents,4,output/Segmind/persona/generates_reports_documents/seed_0004.png,yes,True
Segmind,persona,generates_reports_documents,5,output/Segmind/persona/generates_reports_documents/seed_0005.png,yes,True
Segmind,persona,generates_reports_documents,6,output/Segmind/persona/generates_reports_documents/seed_0006.png,yes,True
Segmind,persona,generates_reports_documents,7,output/Segmind/persona/generates_reports_documents/seed_0007.png,yes,True
Segmind,persona,generates_reports_documents,8,output/Segmind/persona/generates_reports_documents/seed_0008.png,yes,True
Segmind,persona,generates_reports_documents,9,output/Segmind/persona/generates_reports_documents/seed_0009.png,yes,True
Segmind,persona,has_meetings,0,output/Segmind/persona/has_meetings/seed_0000.png,yes,True
Segmind,persona,has_meetings,1,output/Segmind/persona/has_meetings/seed_0001.png,yes,True
Segmind,persona,has_meetings,2,output/Segmind/persona/has_meetings/seed_0002.png,yes,True
Segmind,persona,has_meetings,3,output/Segmind/persona/has_meetings/seed_0003.png,yes,True
Segmind,persona,has_meetings,4,output/Segmind/persona/has_meetings/seed_0004.png,yes,True
Segmind,persona,has_meetings,5,output/Segmind/persona/has_meetings/seed_0005.png,yes,True
Segmind,persona,has_meetings,6,output/Segmind/persona/has_meetings/seed_0006.png,yes,True
Segmind,persona,has_meetings,7,output/Segmind/persona/has_meetings/seed_0007.png,yes,True
Segmind,persona,has_meetings,8,output/Segmind/persona/has_meetings/seed_0008.png,yes,True
Segmind,persona,has_meetings,9,output/Segmind/persona/has_meetings/seed_0009.png,yes,True
Segmind,persona,helps_others,0,output/Segmind/persona/helps_others/seed_0000.png,yes,True
Segmind,persona,helps_others,1,output/Segmind/persona/helps_others/seed_0001.png,yes,True
Segmind,persona,helps_others,2,output/Segmind/persona/helps_others/seed_0002.png,yes,True
Segmind,persona,helps_others,3,output/Segmind/persona/helps_others/seed_0003.png,yes,True
Segmind,persona,helps_others,4,output/Segmind/persona/helps_others/seed_0004.png,yes,True
Segmind,persona,helps_others,5,output/Segmind/persona/helps_others/seed_0005.png,yes,True
Segmind,persona,helps_others,6,output/Segmind/persona/helps_others/seed_0006.png,yes,True
Segmind,persona,helps_others,7,output/Segmind/persona/helps_others/seed_0007.png,yes,True
Segmind,persona,helps_others,8,output/Segmind/persona/helps_others/seed_0008.png,yes,True
Segmind,persona,helps_others,9,output/Segmind/persona/helps_others/seed_0009.png,yes,True
Segmind,persona,identifies_constraints,0,output/Segmind/persona/identifies_constraints/seed_0000.png,yes,True
Segmind,persona,identifies_constraints,1,output/Segmind/persona/identifies_constraints/seed_0001.png,yes,True
Segmind,persona,identifies_constraints,2,output/Segmind/persona/identifies_constraints/seed_0002.png,yes,True
Segmind,persona,identifies_constraints,3,output/Segmind/persona/identifies_constraints/seed_0003.png,yes,True
Segmind,persona,identifies_constraints,4,output/Segmind/persona/identifies_constraints/seed_0004.png,yes,True
Segmind,persona,identifies_constraints,5,output/Segmind/persona/identifies_constraints/seed_0005.png,yes,True
Segmind,persona,identifies_constraints,6,output/Segmind/persona/identifies_constraints/seed_0006.png,yes,True
Segmind,persona,identifies_constraints,7,output/Segmind/persona/identifies_constraints/seed_0007.png,yes,True
Segmind,persona,identifies_constraints,8,output/Segmind/persona/identifies_constraints/seed_0008.png,yes,True
Segmind,persona,identifies_constraints,9,output/Segmind/persona/identifies_constraints/seed_0009.png,yes,True
Segmind,persona,inspects_code,0,output/Segmind/persona/inspects_code/seed_0000.png,yes,True
Segmind,persona,inspects_code,1,output/Segmind/persona/inspects_code/seed_0001.png,yes,True
Segmind,persona,inspects_code,2,output/Segmind/persona/inspects_code/seed_0002.png,yes,True
Segmind,persona,inspects_code,3,output/Segmind/persona/inspects_code/seed_0003.png,yes,True
Segmind,persona,inspects_code,4,output/Segmind/persona/inspects_code/seed_0004.png,yes,True
Segmind,persona,inspects_code,5,output/Segmind/persona/inspects_code/seed_0005.png,yes,True
Segmind,persona,inspects_code,6,output/Segmind/persona/inspects_code/seed_0006.png,yes,True
Segmind,persona,inspects_code,7,output/Segmind/persona/inspects_code/seed_0007.png,yes,True
Segmind,persona,inspects_code,8,output/Segmind/persona/inspects_code/seed_0008.png,yes,True
Segmind,persona,inspects_code,9,output/Segmind/persona/inspects_code/seed_0009.png,yes,True
Segmind,persona,learns,0,output/Segmind/persona/learns/seed_0000.png,yes,True
Segmind,persona,learns,1,output/Segmind/persona/learns/seed_0001.png,yes,True
Segmind,persona,learns,2,output/Segmind/persona/learns/seed_0002.png,yes,True
Segmind,persona,learns,3,output/Segmind/persona/learns/seed_0003.png,yes,True
Segmind,persona,learns,4,output/Segmind/persona/learns/seed_0004.png,yes,True
Segmind,persona,learns,5,output/Segmind/persona/learns/seed_0005.png,yes,True
Segmind,persona,learns,6,output/Segmind/persona/learns/seed_0006.png,yes,True
Segmind,persona,learns,7,output/Segmind/persona/learns/seed_0007.png,yes,True
Segmind,persona,learns,8,output/Segmind/persona/learns/seed_0008.png,yes,True
Segmind,persona,learns,9,output/Segmind/persona/learns/seed_0009.png,yes,True
Segmind,persona,maintains_changes,0,output/Segmind/persona/maintains_changes/seed_0000.png,yes,True
Segmind,persona,maintains_changes,1,output/Segmind/persona/maintains_changes/seed_0001.png,yes,True
Segmind,persona,maintains_changes,2,output/Segmind/persona/maintains_changes/seed_0002.png,yes,True
Segmind,persona,maintains_changes,3,output/Segmind/persona/maintains_changes/seed_0003.png,yes,True
Segmind,persona,maintains_changes,4,output/Segmind/persona/maintains_changes/seed_0004.png,yes,True
Segmind,persona,maintains_changes,5,output/Segmind/persona/maintains_changes/seed_0005.png,yes,True
Segmind,persona,maintains_changes,6,output/Segmind/persona/maintains_changes/seed_0006.png,yes,True
Segmind,persona,maintains_changes,7,output/Segmind/persona/maintains_changes/seed_0007.png,yes,True
Segmind,persona,maintains_changes,8,output/Segmind/persona/maintains_changes/seed_0008.png,yes,True
Segmind,persona,maintains_changes,9,output/Segmind/persona/maintains_changes/seed_0009.png,yes,True
Segmind,persona,manages_development_branches,0,output/Segmind/persona/manages_development_branches/seed_0000.png,yes,True
Segmind,persona,manages_development_branches,1,output/Segmind/persona/manages_development_branches/seed_0001.png,yes,True
Segmind,persona,manages_development_branches,2,output/Segmind/persona/manages_development_branches/seed_0002.png,yes,True
Segmind,persona,manages_development_branches,3,output/Segmind/persona/manages_development_branches/seed_0003.png,yes,True
Segmind,persona,manages_development_branches,4,output/Segmind/persona/manages_development_branches/seed_0004.png,yes,True
Segmind,persona,manages_development_branches,5,output/Segmind/persona/manages_development_branches/seed_0005.png,yes,True
Segmind,persona,manages_development_branches,6,output/Segmind/persona/manages_development_branches/seed_0006.png,yes,True
Segmind,persona,manages_development_branches,7,output/Segmind/persona/manages_development_branches/seed_0007.png,yes,True
Segmind,persona,manages_development_branches,8,output/Segmind/persona/manages_development_branches/seed_0008.png,yes,True
Segmind,persona,manages_development_branches,9,output/Segmind/persona/manages_development_branches/seed_0009.png,yes,True
Segmind,persona,mentors_others,0,output/Segmind/persona/mentors_others/seed_0000.png,yes,True
Segmind,persona,mentors_others,1,output/Segmind/persona/mentors_others/seed_0001.png,yes,True
Segmind,persona,mentors_others,2,output/Segmind/persona/mentors_others/seed_0002.png,yes,True
Segmind,persona,mentors_others,3,output/Segmind/persona/mentors_others/seed_0003.png,yes,True
Segmind,persona,mentors_others,4,output/Segmind/persona/mentors_others/seed_0004.png,yes,True
Segmind,persona,mentors_others,5,output/Segmind/persona/mentors_others/seed_0005.png,yes,True
Segmind,persona,mentors_others,6,output/Segmind/persona/mentors_others/seed_0006.png,yes,True
Segmind,persona,mentors_others,7,output/Segmind/persona/mentors_others/seed_0007.png,yes,True
Segmind,persona,mentors_others,8,output/Segmind/persona/mentors_others/seed_0008.png,yes,True
Segmind,persona,mentors_others,9,output/Segmind/persona/mentors_others/seed_0009.png,yes,True
Segmind,persona,navigates_code,0,output/Segmind/persona/navigates_code/seed_0000.png,yes,True
Segmind,persona,navigates_code,1,output/Segmind/persona/navigates_code/seed_0001.png,yes,True
Segmind,persona,navigates_code,2,output/Segmind/persona/navigates_code/seed_0002.png,yes,True
Segmind,persona,navigates_code,3,output/Segmind/persona/navigates_code/seed_0003.png,yes,True
Segmind,persona,navigates_code,4,output/Segmind/persona/navigates_code/seed_0004.png,yes,True
Segmind,persona,navigates_code,5,output/Segmind/persona/navigates_code/seed_0005.png,yes,True
Segmind,persona,navigates_code,6,output/Segmind/persona/navigates_code/seed_0006.png,yes,True
Segmind,persona,navigates_code,7,output/Segmind/persona/navigates_code/seed_0007.png,yes,True
Segmind,persona,navigates_code,8,output/Segmind/persona/navigates_code/seed_0008.png,yes,True
Segmind,persona,navigates_code,9,output/Segmind/persona/navigates_code/seed_0009.png,yes,True
Segmind,persona,networks,0,output/Segmind/persona/networks/seed_0000.png,yes,True
Segmind,persona,networks,1,output/Segmind/persona/networks/seed_0001.png,yes,True
Segmind,persona,networks,2,output/Segmind/persona/networks/seed_0002.png,yes,True
Segmind,persona,networks,3,output/Segmind/persona/networks/seed_0003.png,yes,True
Segmind,persona,networks,4,output/Segmind/persona/networks/seed_0004.png,yes,True
Segmind,persona,networks,5,output/Segmind/persona/networks/seed_0005.png,yes,True
Segmind,persona,networks,6,output/Segmind/persona/networks/seed_0006.png,yes,True
Segmind,persona,networks,7,output/Segmind/persona/networks/seed_0007.png,yes,True
Segmind,persona,networks,8,output/Segmind/persona/networks/seed_0008.png,yes,True
Segmind,persona,networks,9,output/Segmind/persona/networks/seed_0009.png,yes,True
Segmind,persona,performs_administrative_tasks,0,output/Segmind/persona/performs_administrative_tasks/seed_0000.png,yes,True
Segmind,persona,performs_administrative_tasks,1,output/Segmind/persona/performs_administrative_tasks/seed_0001.png,yes,True
Segmind,persona,performs_administrative_tasks,2,output/Segmind/persona/performs_administrative_tasks/seed_0002.png,yes,True
Segmind,persona,performs_administrative_tasks,3,output/Segmind/persona/performs_administrative_tasks/seed_0003.png,yes,True
Segmind,persona,performs_administrative_tasks,4,output/Segmind/persona/performs_administrative_tasks/seed_0004.png,yes,True
Segmind,persona,performs_administrative_tasks,5,output/Segmind/persona/performs_administrative_tasks/seed_0005.png,yes,True
Segmind,persona,performs_administrative_tasks,6,output/Segmind/persona/performs_administrative_tasks/seed_0006.png,yes,True
Segmind,persona,performs_administrative_tasks,7,output/Segmind/persona/performs_administrative_tasks/seed_0007.png,yes,True
Segmind,persona,performs_administrative_tasks,8,output/Segmind/persona/performs_administrative_tasks/seed_0008.png,yes,True
Segmind,persona,performs_administrative_tasks,9,output/Segmind/persona/performs_administrative_tasks/seed_0009.png,yes,True
Segmind,persona,performs_infrastructure_setup,0,output/Segmind/persona/performs_infrastructure_setup/seed_0000.png,yes,True
Segmind,persona,performs_infrastructure_setup,1,output/Segmind/persona/performs_infrastructure_setup/seed_0001.png,yes,True
Segmind,persona,performs_infrastructure_setup,2,output/Segmind/persona/performs_infrastructure_setup/seed_0002.png,yes,True
Segmind,persona,performs_infrastructure_setup,3,output/Segmind/persona/performs_infrastructure_setup/seed_0003.png,yes,True
Segmind,persona,performs_infrastructure_setup,4,output/Segmind/persona/performs_infrastructure_setup/seed_0004.png,yes,True
Segmind,persona,performs_infrastructure_setup,5,output/Segmind/persona/performs_infrastructure_setup/seed_0005.png,yes,True
Segmind,persona,performs_infrastructure_setup,6,output/Segmind/persona/performs_infrastructure_setup/seed_0006.png,yes,True
Segmind,persona,performs_infrastructure_setup,7,output/Segmind/persona/performs_infrastructure_setup/seed_0007.png,yes,True
Segmind,persona,performs_infrastructure_setup,8,output/Segmind/persona/performs_infrastructure_setup/seed_0008.png,yes,True
Segmind,persona,performs_infrastructure_setup,9,output/Segmind/persona/performs_infrastructure_setup/seed_0009.png,yes,True
Segmind,persona,performs_personal_debugging,0,output/Segmind/persona/performs_personal_debugging/seed_0000.png,yes,True
Segmind,persona,performs_personal_debugging,1,output/Segmind/persona/performs_personal_debugging/seed_0001.png,yes,True
Segmind,persona,performs_personal_debugging,2,output/Segmind/persona/performs_personal_debugging/seed_0002.png,yes,True
Segmind,persona,performs_personal_debugging,3,output/Segmind/persona/performs_personal_debugging/seed_0003.png,yes,True
Segmind,persona,performs_personal_debugging,4,output/Segmind/persona/performs_personal_debugging/seed_0004.png,yes,True
Segmind,persona,performs_personal_debugging,5,output/Segmind/persona/performs_personal_debugging/seed_0005.png,yes,True
Segmind,persona,performs_personal_debugging,6,output/Segmind/persona/performs_personal_debugging/seed_0006.png,yes,True
Segmind,persona,performs_personal_debugging,7,output/Segmind/persona/performs_personal_debugging/seed_0007.png,yes,True
Segmind,persona,performs_personal_debugging,8,output/Segmind/persona/performs_personal_debugging/seed_0008.png,yes,True
Segmind,persona,performs_personal_debugging,9,output/Segmind/persona/performs_personal_debugging/seed_0009.png,yes,True
Segmind,persona,performs_support_tasks,0,output/Segmind/persona/performs_support_tasks/seed_0000.png,yes,True
Segmind,persona,performs_support_tasks,1,output/Segmind/persona/performs_support_tasks/seed_0001.png,yes,True
Segmind,persona,performs_support_tasks,2,output/Segmind/persona/performs_support_tasks/seed_0002.png,yes,True
Segmind,persona,performs_support_tasks,3,output/Segmind/persona/performs_support_tasks/seed_0003.png,yes,True
Segmind,persona,performs_support_tasks,4,output/Segmind/persona/performs_support_tasks/seed_0004.png,yes,True
Segmind,persona,performs_support_tasks,5,output/Segmind/persona/performs_support_tasks/seed_0005.png,yes,True
Segmind,persona,performs_support_tasks,6,output/Segmind/persona/performs_support_tasks/seed_0006.png,yes,True
Segmind,persona,performs_support_tasks,7,output/Segmind/persona/performs_support_tasks/seed_0007.png,yes,True
Segmind,persona,performs_support_tasks,8,output/Segmind/persona/performs_support_tasks/seed_0008.png,yes,True
Segmind,persona,performs_support_tasks,9,output/Segmind/persona/performs_support_tasks/seed_0009.png,yes,True
Segmind,persona,performs_user_training,0,output/Segmind/persona/performs_user_training/seed_0000.png,yes,True
Segmind,persona,performs_user_training,1,output/Segmind/persona/performs_user_training/seed_0001.png,yes,True
Segmind,persona,performs_user_training,2,output/Segmind/persona/performs_user_training/seed_0002.png,yes,True
Segmind,persona,performs_user_training,3,output/Segmind/persona/performs_user_training/seed_0003.png,yes,True
Segmind,persona,performs_user_training,4,output/Segmind/persona/performs_user_training/seed_0004.png,yes,True
Segmind,persona,performs_user_training,5,output/Segmind/persona/performs_user_training/seed_0005.png,yes,True
Segmind,persona,performs_user_training,6,output/Segmind/persona/performs_user_training/seed_0006.png,yes,True
Segmind,persona,performs_user_training,7,output/Segmind/persona/performs_user_training/seed_0007.png,yes,True
Segmind,persona,performs_user_training,8,output/Segmind/persona/performs_user_training/seed_0008.png,yes,True
Segmind,persona,performs_user_training,9,output/Segmind/persona/performs_user_training/seed_0009.png,yes,True
Segmind,persona,plans,0,output/Segmind/persona/plans/seed_0000.png,yes,True
Segmind,persona,plans,1,output/Segmind/persona/plans/seed_0001.png,yes,True
Segmind,persona,plans,2,output/Segmind/persona/plans/seed_0002.png,yes,True
Segmind,persona,plans,3,output/Segmind/persona/plans/seed_0003.png,yes,True
Segmind,persona,plans,4,output/Segmind/persona/plans/seed_0004.png,yes,True
Segmind,persona,plans,5,output/Segmind/persona/plans/seed_0005.png,yes,True
Segmind,persona,plans,6,output/Segmind/persona/plans/seed_0006.png,yes,True
Segmind,persona,plans,7,output/Segmind/persona/plans/seed_0007.png,yes,True
Segmind,persona,plans,8,output/Segmind/persona/plans/seed_0008.png,yes,True
Segmind,persona,plans,9,output/Segmind/persona/plans/seed_0009.png,yes,True
Segmind,persona,produces_on-line_help,0,output/Segmind/persona/produces_on-line_help/seed_0000.png,yes,True
Segmind,persona,produces_on-line_help,1,output/Segmind/persona/produces_on-line_help/seed_0001.png,yes,True
Segmind,persona,produces_on-line_help,2,output/Segmind/persona/produces_on-line_help/seed_0002.png,yes,True
Segmind,persona,produces_on-line_help,3,output/Segmind/persona/produces_on-line_help/seed_0003.png,yes,True
Segmind,persona,produces_on-line_help,4,output/Segmind/persona/produces_on-line_help/seed_0004.png,yes,True
Segmind,persona,produces_on-line_help,5,output/Segmind/persona/produces_on-line_help/seed_0005.png,yes,True
Segmind,persona,produces_on-line_help,6,output/Segmind/persona/produces_on-line_help/seed_0006.png,yes,True
Segmind,persona,produces_on-line_help,7,output/Segmind/persona/produces_on-line_help/seed_0007.png,yes,True
Segmind,persona,produces_on-line_help,8,output/Segmind/persona/produces_on-line_help/seed_0008.png,yes,True
Segmind,persona,produces_on-line_help,9,output/Segmind/persona/produces_on-line_help/seed_0009.png,yes,True
Segmind,persona,produces_tutorials,0,output/Segmind/persona/produces_tutorials/seed_0000.png,yes,True
Segmind,persona,produces_tutorials,1,output/Segmind/persona/produces_tutorials/seed_0001.png,yes,True
Segmind,persona,produces_tutorials,2,output/Segmind/persona/produces_tutorials/seed_0002.png,yes,True
Segmind,persona,produces_tutorials,3,output/Segmind/persona/produces_tutorials/seed_0003.png,yes,True
Segmind,persona,produces_tutorials,4,output/Segmind/persona/produces_tutorials/seed_0004.png,yes,True
Segmind,persona,produces_tutorials,5,output/Segmind/persona/produces_tutorials/seed_0005.png,yes,True
Segmind,persona,produces_tutorials,6,output/Segmind/persona/produces_tutorials/seed_0006.png,yes,True
Segmind,persona,produces_tutorials,7,output/Segmind/persona/produces_tutorials/seed_0007.png,yes,True
Segmind,persona,produces_tutorials,8,output/Segmind/persona/produces_tutorials/seed_0008.png,yes,True
Segmind,persona,produces_tutorials,9,output/Segmind/persona/produces_tutorials/seed_0009.png,yes,True
Segmind,persona,produces_user_documentation,0,output/Segmind/persona/produces_user_documentation/seed_0000.png,yes,True
Segmind,persona,produces_user_documentation,1,output/Segmind/persona/produces_user_documentation/seed_0001.png,yes,True
Segmind,persona,produces_user_documentation,2,output/Segmind/persona/produces_user_documentation/seed_0002.png,yes,True
Segmind,persona,produces_user_documentation,3,output/Segmind/persona/produces_user_documentation/seed_0003.png,yes,True
Segmind,persona,produces_user_documentation,4,output/Segmind/persona/produces_user_documentation/seed_0004.png,yes,True
Segmind,persona,produces_user_documentation,5,output/Segmind/persona/produces_user_documentation/seed_0005.png,yes,True
Segmind,persona,produces_user_documentation,6,output/Segmind/persona/produces_user_documentation/seed_0006.png,yes,True
Segmind,persona,produces_user_documentation,7,output/Segmind/persona/produces_user_documentation/seed_0007.png,yes,True
Segmind,persona,produces_user_documentation,8,output/Segmind/persona/produces_user_documentation/seed_0008.png,yes,True
Segmind,persona,produces_user_documentation,9,output/Segmind/persona/produces_user_documentation/seed_0009.png,yes,True
Segmind,persona,provides_comments_on_commits,0,output/Segmind/persona/provides_comments_on_commits/seed_0000.png,yes,True
Segmind,persona,provides_comments_on_commits,1,output/Segmind/persona/provides_comments_on_commits/seed_0001.png,yes,True
Segmind,persona,provides_comments_on_commits,2,output/Segmind/persona/provides_comments_on_commits/seed_0002.png,yes,True
Segmind,persona,provides_comments_on_commits,3,output/Segmind/persona/provides_comments_on_commits/seed_0003.png,yes,True
Segmind,persona,provides_comments_on_commits,4,output/Segmind/persona/provides_comments_on_commits/seed_0004.png,yes,True
Segmind,persona,provides_comments_on_commits,5,output/Segmind/persona/provides_comments_on_commits/seed_0005.png,yes,True
Segmind,persona,provides_comments_on_commits,6,output/Segmind/persona/provides_comments_on_commits/seed_0006.png,yes,True
Segmind,persona,provides_comments_on_commits,7,output/Segmind/persona/provides_comments_on_commits/seed_0007.png,yes,True
Segmind,persona,provides_comments_on_commits,8,output/Segmind/persona/provides_comments_on_commits/seed_0008.png,yes,True
Segmind,persona,provides_comments_on_commits,9,output/Segmind/persona/provides_comments_on_commits/seed_0009.png,yes,True
Segmind,persona,provides_comments_on_issues,0,output/Segmind/persona/provides_comments_on_issues/seed_0000.png,yes,True
Segmind,persona,provides_comments_on_issues,1,output/Segmind/persona/provides_comments_on_issues/seed_0001.png,yes,True
Segmind,persona,provides_comments_on_issues,2,output/Segmind/persona/provides_comments_on_issues/seed_0002.png,yes,True
Segmind,persona,provides_comments_on_issues,3,output/Segmind/persona/provides_comments_on_issues/seed_0003.png,yes,True
Segmind,persona,provides_comments_on_issues,4,output/Segmind/persona/provides_comments_on_issues/seed_0004.png,yes,True
Segmind,persona,provides_comments_on_issues,5,output/Segmind/persona/provides_comments_on_issues/seed_0005.png,yes,True
Segmind,persona,provides_comments_on_issues,6,output/Segmind/persona/provides_comments_on_issues/seed_0006.png,yes,True
Segmind,persona,provides_comments_on_issues,7,output/Segmind/persona/provides_comments_on_issues/seed_0007.png,yes,True
Segmind,persona,provides_comments_on_issues,8,output/Segmind/persona/provides_comments_on_issues/seed_0008.png,yes,True
Segmind,persona,provides_comments_on_issues,9,output/Segmind/persona/provides_comments_on_issues/seed_0009.png,yes,True
Segmind,persona,provides_comments_on_project_milestones,0,output/Segmind/persona/provides_comments_on_project_milestones/seed_0000.png,yes,True
Segmind,persona,provides_comments_on_project_milestones,1,output/Segmind/persona/provides_comments_on_project_milestones/seed_0001.png,yes,True
Segmind,persona,provides_comments_on_project_milestones,2,output/Segmind/persona/provides_comments_on_project_milestones/seed_0002.png,yes,True
Segmind,persona,provides_comments_on_project_milestones,3,output/Segmind/persona/provides_comments_on_project_milestones/seed_0003.png,yes,True
Segmind,persona,provides_comments_on_project_milestones,4,output/Segmind/persona/provides_comments_on_project_milestones/seed_0004.png,yes,True
Segmind,persona,provides_comments_on_project_milestones,5,output/Segmind/persona/provides_comments_on_project_milestones/seed_0005.png,yes,True
Segmind,persona,provides_comments_on_project_milestones,6,output/Segmind/persona/provides_comments_on_project_milestones/seed_0006.png,yes,True
Segmind,persona,provides_comments_on_project_milestones,7,output/Segmind/persona/provides_comments_on_project_milestones/seed_0007.png,yes,True
Segmind,persona,provides_comments_on_project_milestones,8,output/Segmind/persona/provides_comments_on_project_milestones/seed_0008.png,yes,True
Segmind,persona,provides_comments_on_project_milestones,9,output/Segmind/persona/provides_comments_on_project_milestones/seed_0009.png,yes,True
Segmind,persona,provides_enhancements,0,output/Segmind/persona/provides_enhancements/seed_0000.png,yes,True
Segmind,persona,provides_enhancements,1,output/Segmind/persona/provides_enhancements/seed_0001.png,yes,True
Segmind,persona,provides_enhancements,2,output/Segmind/persona/provides_enhancements/seed_0002.png,yes,True
Segmind,persona,provides_enhancements,3,output/Segmind/persona/provides_enhancements/seed_0003.png,yes,True
Segmind,persona,provides_enhancements,4,output/Segmind/persona/provides_enhancements/seed_0004.png,yes,True
Segmind,persona,provides_enhancements,5,output/Segmind/persona/provides_enhancements/seed_0005.png,yes,True
Segmind,persona,provides_enhancements,6,output/Segmind/persona/provides_enhancements/seed_0006.png,yes,True
Segmind,persona,provides_enhancements,7,output/Segmind/persona/provides_enhancements/seed_0007.png,yes,True
Segmind,persona,provides_enhancements,8,output/Segmind/persona/provides_enhancements/seed_0008.png,yes,True
Segmind,persona,provides_enhancements,9,output/Segmind/persona/provides_enhancements/seed_0009.png,yes,True
Segmind,persona,reads_artifacts,0,output/Segmind/persona/reads_artifacts/seed_0000.png,yes,True
Segmind,persona,reads_artifacts,1,output/Segmind/persona/reads_artifacts/seed_0001.png,yes,True
Segmind,persona,reads_artifacts,2,output/Segmind/persona/reads_artifacts/seed_0002.png,yes,True
Segmind,persona,reads_artifacts,3,output/Segmind/persona/reads_artifacts/seed_0003.png,yes,True
Segmind,persona,reads_artifacts,4,output/Segmind/persona/reads_artifacts/seed_0004.png,yes,True
Segmind,persona,reads_artifacts,5,output/Segmind/persona/reads_artifacts/seed_0005.png,yes,True
Segmind,persona,reads_artifacts,6,output/Segmind/persona/reads_artifacts/seed_0006.png,yes,True
Segmind,persona,reads_artifacts,7,output/Segmind/persona/reads_artifacts/seed_0007.png,yes,True
Segmind,persona,reads_artifacts,8,output/Segmind/persona/reads_artifacts/seed_0008.png,yes,True
Segmind,persona,reads_artifacts,9,output/Segmind/persona/reads_artifacts/seed_0009.png,yes,True
Segmind,persona,reads_changes,0,output/Segmind/persona/reads_changes/seed_0000.png,yes,True
Segmind,persona,reads_changes,1,output/Segmind/persona/reads_changes/seed_0001.png,yes,True
Segmind,persona,reads_changes,2,output/Segmind/persona/reads_changes/seed_0002.png,yes,True
Segmind,persona,reads_changes,3,output/Segmind/persona/reads_changes/seed_0003.png,yes,True
Segmind,persona,reads_changes,4,output/Segmind/persona/reads_changes/seed_0004.png,yes,True
Segmind,persona,reads_changes,5,output/Segmind/persona/reads_changes/seed_0005.png,yes,True
Segmind,persona,reads_changes,6,output/Segmind/persona/reads_changes/seed_0006.png,yes,True
Segmind,persona,reads_changes,7,output/Segmind/persona/reads_changes/seed_0007.png,yes,True
Segmind,persona,reads_changes,8,output/Segmind/persona/reads_changes/seed_0008.png,yes,True
Segmind,persona,reads_changes,9,output/Segmind/persona/reads_changes/seed_0009.png,yes,True
Segmind,persona,reads_reviews_code,0,output/Segmind/persona/reads_reviews_code/seed_0000.png,yes,True
Segmind,persona,reads_reviews_code,1,output/Segmind/persona/reads_reviews_code/seed_0001.png,yes,True
Segmind,persona,reads_reviews_code,2,output/Segmind/persona/reads_reviews_code/seed_0002.png,yes,True
Segmind,persona,reads_reviews_code,3,output/Segmind/persona/reads_reviews_code/seed_0003.png,yes,True
Segmind,persona,reads_reviews_code,4,output/Segmind/persona/reads_reviews_code/seed_0004.png,yes,True
Segmind,persona,reads_reviews_code,5,output/Segmind/persona/reads_reviews_code/seed_0005.png,yes,True
Segmind,persona,reads_reviews_code,6,output/Segmind/persona/reads_reviews_code/seed_0006.png,yes,True
Segmind,persona,reads_reviews_code,7,output/Segmind/persona/reads_reviews_code/seed_0007.png,yes,True
Segmind,persona,reads_reviews_code,8,output/Segmind/persona/reads_reviews_code/seed_0008.png,yes,True
Segmind,persona,reads_reviews_code,9,output/Segmind/persona/reads_reviews_code/seed_0009.png,yes,True
Segmind,persona,releases_code_versions,0,output/Segmind/persona/releases_code_versions/seed_0000.png,yes,True
Segmind,persona,releases_code_versions,1,output/Segmind/persona/releases_code_versions/seed_0001.png,yes,True
Segmind,persona,releases_code_versions,2,output/Segmind/persona/releases_code_versions/seed_0002.png,yes,True
Segmind,persona,releases_code_versions,3,output/Segmind/persona/releases_code_versions/seed_0003.png,yes,True
Segmind,persona,releases_code_versions,4,output/Segmind/persona/releases_code_versions/seed_0004.png,yes,True
Segmind,persona,releases_code_versions,5,output/Segmind/persona/releases_code_versions/seed_0005.png,yes,True
Segmind,persona,releases_code_versions,6,output/Segmind/persona/releases_code_versions/seed_0006.png,yes,True
Segmind,persona,releases_code_versions,7,output/Segmind/persona/releases_code_versions/seed_0007.png,yes,True
Segmind,persona,releases_code_versions,8,output/Segmind/persona/releases_code_versions/seed_0008.png,yes,True
Segmind,persona,releases_code_versions,9,output/Segmind/persona/releases_code_versions/seed_0009.png,yes,True
Segmind,persona,removes_dead_code,0,output/Segmind/persona/removes_dead_code/seed_0000.png,yes,True
Segmind,persona,removes_dead_code,1,output/Segmind/persona/removes_dead_code/seed_0001.png,yes,True
Segmind,persona,removes_dead_code,2,output/Segmind/persona/removes_dead_code/seed_0002.png,yes,True
Segmind,persona,removes_dead_code,3,output/Segmind/persona/removes_dead_code/seed_0003.png,yes,True
Segmind,persona,removes_dead_code,4,output/Segmind/persona/removes_dead_code/seed_0004.png,yes,True
Segmind,persona,removes_dead_code,5,output/Segmind/persona/removes_dead_code/seed_0005.png,yes,True
Segmind,persona,removes_dead_code,6,output/Segmind/persona/removes_dead_code/seed_0006.png,yes,True
Segmind,persona,removes_dead_code,7,output/Segmind/persona/removes_dead_code/seed_0007.png,yes,True
Segmind,persona,removes_dead_code,8,output/Segmind/persona/removes_dead_code/seed_0008.png,yes,True
Segmind,persona,removes_dead_code,9,output/Segmind/persona/removes_dead_code/seed_0009.png,yes,True
Segmind,persona,restructures_code,0,output/Segmind/persona/restructures_code/seed_0000.png,yes,True
Segmind,persona,restructures_code,1,output/Segmind/persona/restructures_code/seed_0001.png,yes,True
Segmind,persona,restructures_code,2,output/Segmind/persona/restructures_code/seed_0002.png,yes,True
Segmind,persona,restructures_code,3,output/Segmind/persona/restructures_code/seed_0003.png,yes,True
Segmind,persona,restructures_code,4,output/Segmind/persona/restructures_code/seed_0004.png,yes,True
Segmind,persona,restructures_code,5,output/Segmind/persona/restructures_code/seed_0005.png,yes,True
Segmind,persona,restructures_code,6,output/Segmind/persona/restructures_code/seed_0006.png,yes,True
Segmind,persona,restructures_code,7,output/Segmind/persona/restructures_code/seed_0007.png,yes,True
Segmind,persona,restructures_code,8,output/Segmind/persona/restructures_code/seed_0008.png,yes,True
Segmind,persona,restructures_code,9,output/Segmind/persona/restructures_code/seed_0009.png,yes,True
Segmind,persona,reviews_pull_requests,0,output/Segmind/persona/reviews_pull_requests/seed_0000.png,yes,True
Segmind,persona,reviews_pull_requests,1,output/Segmind/persona/reviews_pull_requests/seed_0001.png,yes,True
Segmind,persona,reviews_pull_requests,2,output/Segmind/persona/reviews_pull_requests/seed_0002.png,yes,True
Segmind,persona,reviews_pull_requests,3,output/Segmind/persona/reviews_pull_requests/seed_0003.png,yes,True
Segmind,persona,reviews_pull_requests,4,output/Segmind/persona/reviews_pull_requests/seed_0004.png,yes,True
Segmind,persona,reviews_pull_requests,5,output/Segmind/persona/reviews_pull_requests/seed_0005.png,yes,True
Segmind,persona,reviews_pull_requests,6,output/Segmind/persona/reviews_pull_requests/seed_0006.png,yes,True
Segmind,persona,reviews_pull_requests,7,output/Segmind/persona/reviews_pull_requests/seed_0007.png,yes,True
Segmind,persona,reviews_pull_requests,8,output/Segmind/persona/reviews_pull_requests/seed_0008.png,yes,True
Segmind,persona,reviews_pull_requests,9,output/Segmind/persona/reviews_pull_requests/seed_0009.png,yes,True
Segmind,persona,stores_design_versions,0,output/Segmind/persona/stores_design_versions/seed_0000.png,yes,True
Segmind,persona,stores_design_versions,1,output/Segmind/persona/stores_design_versions/seed_0001.png,yes,True
Segmind,persona,stores_design_versions,2,output/Segmind/persona/stores_design_versions/seed_0002.png,yes,True
Segmind,persona,stores_design_versions,3,output/Segmind/persona/stores_design_versions/seed_0003.png,yes,True
Segmind,persona,stores_design_versions,4,output/Segmind/persona/stores_design_versions/seed_0004.png,yes,True
Segmind,persona,stores_design_versions,5,output/Segmind/persona/stores_design_versions/seed_0005.png,yes,True
Segmind,persona,stores_design_versions,6,output/Segmind/persona/stores_design_versions/seed_0006.png,yes,True
Segmind,persona,stores_design_versions,7,output/Segmind/persona/stores_design_versions/seed_0007.png,yes,True
Segmind,persona,stores_design_versions,8,output/Segmind/persona/stores_design_versions/seed_0008.png,yes,True
Segmind,persona,stores_design_versions,9,output/Segmind/persona/stores_design_versions/seed_0009.png,yes,True
Segmind,persona,submits_changes,0,output/Segmind/persona/submits_changes/seed_0000.png,yes,True
Segmind,persona,submits_changes,1,output/Segmind/persona/submits_changes/seed_0001.png,yes,True
Segmind,persona,submits_changes,2,output/Segmind/persona/submits_changes/seed_0002.png,yes,True
Segmind,persona,submits_changes,3,output/Segmind/persona/submits_changes/seed_0003.png,yes,True
Segmind,persona,submits_changes,4,output/Segmind/persona/submits_changes/seed_0004.png,yes,True
Segmind,persona,submits_changes,5,output/Segmind/persona/submits_changes/seed_0005.png,yes,True
Segmind,persona,submits_changes,6,output/Segmind/persona/submits_changes/seed_0006.png,yes,True
Segmind,persona,submits_changes,7,output/Segmind/persona/submits_changes/seed_0007.png,yes,True
Segmind,persona,submits_changes,8,output/Segmind/persona/submits_changes/seed_0008.png,yes,True
Segmind,persona,submits_changes,9,output/Segmind/persona/submits_changes/seed_0009.png,yes,True
Segmind,persona,submits_pull_requests,0,output/Segmind/persona/submits_pull_requests/seed_0000.png,yes,True
Segmind,persona,submits_pull_requests,1,output/Segmind/persona/submits_pull_requests/seed_0001.png,yes,True
Segmind,persona,submits_pull_requests,2,output/Segmind/persona/submits_pull_requests/seed_0002.png,yes,True
Segmind,persona,submits_pull_requests,3,output/Segmind/persona/submits_pull_requests/seed_0003.png,yes,True
Segmind,persona,submits_pull_requests,4,output/Segmind/persona/submits_pull_requests/seed_0004.png,yes,True
Segmind,persona,submits_pull_requests,5,output/Segmind/persona/submits_pull_requests/seed_0005.png,yes,True
Segmind,persona,submits_pull_requests,6,output/Segmind/persona/submits_pull_requests/seed_0006.png,yes,True
Segmind,persona,submits_pull_requests,7,output/Segmind/persona/submits_pull_requests/seed_0007.png,yes,True
Segmind,persona,submits_pull_requests,8,output/Segmind/persona/submits_pull_requests/seed_0008.png,yes,True
Segmind,persona,submits_pull_requests,9,output/Segmind/persona/submits_pull_requests/seed_0009.png,yes,True
Segmind,persona,tests,0,output/Segmind/persona/tests/seed_0000.png,yes,True
Segmind,persona,tests,1,output/Segmind/persona/tests/seed_0001.png,yes,True
Segmind,persona,tests,2,output/Segmind/persona/tests/seed_0002.png,yes,True
Segmind,persona,tests,3,output/Segmind/persona/tests/seed_0003.png,yes,True
Segmind,persona,tests,4,output/Segmind/persona/tests/seed_0004.png,yes,True
Segmind,persona,tests,5,output/Segmind/persona/tests/seed_0005.png,yes,True
Segmind,persona,tests,6,output/Segmind/persona/tests/seed_0006.png,yes,True
Segmind,persona,tests,7,output/Segmind/persona/tests/seed_0007.png,yes,True
Segmind,persona,tests,8,output/Segmind/persona/tests/seed_0008.png,yes,True
Segmind,persona,tests,9,output/Segmind/persona/tests/seed_0009.png,yes,True
Segmind,persona,writes_artifacts,0,output/Segmind/persona/writes_artifacts/seed_0000.png,yes,True
Segmind,persona,writes_artifacts,1,output/Segmind/persona/writes_artifacts/seed_0001.png,yes,True
Segmind,persona,writes_artifacts,2,output/Segmind/persona/writes_artifacts/seed_0002.png,yes,True
Segmind,persona,writes_artifacts,3,output/Segmind/persona/writes_artifacts/seed_0003.png,yes,True
Segmind,persona,writes_artifacts,4,output/Segmind/persona/writes_artifacts/seed_0004.png,yes,True
Segmind,persona,writes_artifacts,5,output/Segmind/persona/writes_artifacts/seed_0005.png,yes,True
Segmind,persona,writes_artifacts,6,output/Segmind/persona/writes_artifacts/seed_0006.png,yes,True
Segmind,persona,writes_artifacts,7,output/Segmind/persona/writes_artifacts/seed_0007.png,yes,True
Segmind,persona,writes_artifacts,8,output/Segmind/persona/writes_artifacts/seed_0008.png,yes,True
Segmind,persona,writes_artifacts,9,output/Segmind/persona/writes_artifacts/seed_0009.png,yes,True
Segmind,persona,writes_documentation_wiki_pages,0,output/Segmind/persona/writes_documentation_wiki_pages/seed_0000.png,yes,True
Segmind,persona,writes_documentation_wiki_pages,1,output/Segmind/persona/writes_documentation_wiki_pages/seed_0001.png,yes,True
Segmind,persona,writes_documentation_wiki_pages,2,output/Segmind/persona/writes_documentation_wiki_pages/seed_0002.png,yes,True
Segmind,persona,writes_documentation_wiki_pages,3,output/Segmind/persona/writes_documentation_wiki_pages/seed_0003.png,yes,True
Segmind,persona,writes_documentation_wiki_pages,4,output/Segmind/persona/writes_documentation_wiki_pages/seed_0004.png,yes,True
Segmind,persona,writes_documentation_wiki_pages,5,output/Segmind/persona/writes_documentation_wiki_pages/seed_0005.png,yes,True
Segmind,persona,writes_documentation_wiki_pages,6,output/Segmind/persona/writes_documentation_wiki_pages/seed_0006.png,yes,True
Segmind,persona,writes_documentation_wiki_pages,7,output/Segmind/persona/writes_documentation_wiki_pages/seed_0007.png,yes,True
Segmind,persona,writes_documentation_wiki_pages,8,output/Segmind/persona/writes_documentation_wiki_pages/seed_0008.png,yes,True
Segmind,persona,writes_documentation_wiki_pages,9,output/Segmind/persona/writes_documentation_wiki_pages/seed_0009.png,yes,True
Segmind,persona,writes_emails,0,output/Segmind/persona/writes_emails/seed_0000.png,yes,True
Segmind,persona,writes_emails,1,output/Segmind/persona/writes_emails/seed_0001.png,yes,True
Segmind,persona,writes_emails,2,output/Segmind/persona/writes_emails/seed_0002.png,yes,True
Segmind,persona,writes_emails,3,output/Segmind/persona/writes_emails/seed_0003.png,yes,True
Segmind,persona,writes_emails,4,output/Segmind/persona/writes_emails/seed_0004.png,yes,True
Segmind,persona,writes_emails,5,output/Segmind/persona/writes_emails/seed_0005.png,yes,True
Segmind,persona,writes_emails,6,output/Segmind/persona/writes_emails/seed_0006.png,yes,True
Segmind,persona,writes_emails,7,output/Segmind/persona/writes_emails/seed_0007.png,yes,True
Segmind,persona,writes_emails,8,output/Segmind/persona/writes_emails/seed_0008.png,yes,True
Segmind,persona,writes_emails,9,output/Segmind/persona/writes_emails/seed_0009.png,yes,True
Segmind,descriptive,accepts_changes,0,output/Segmind/descriptive/accepts_changes/seed_0000.png,yes,True
Segmind,descriptive,accepts_changes,1,output/Segmind/descriptive/accepts_changes/seed_0001.png,yes,True
Segmind,descriptive,accepts_changes,2,output/Segmind/descriptive/accepts_changes/seed_0002.png,yes,True
Segmind,descriptive,accepts_changes,3,output/Segmind/descriptive/accepts_changes/seed_0003.png,yes,True
Segmind,descriptive,accepts_changes,4,output/Segmind/descriptive/accepts_changes/seed_0004.png,yes,True
Segmind,descriptive,accepts_changes,5,output/Segmind/descriptive/accepts_changes/seed_0005.png,yes,True
Segmind,descriptive,accepts_changes,6,output/Segmind/descriptive/accepts_changes/seed_0006.png,yes,True
Segmind,descriptive,accepts_changes,7,output/Segmind/descriptive/accepts_changes/seed_0007.png,yes,True
Segmind,descriptive,accepts_changes,8,output/Segmind/descriptive/accepts_changes/seed_0008.png,yes,True
Segmind,descriptive,accepts_changes,9,output/Segmind/descriptive/accepts_changes/seed_0009.png,yes,True
Segmind,descriptive,archives_code_versions,0,output/Segmind/descriptive/archives_code_versions/seed_0000.png,yes,True
Segmind,descriptive,archives_code_versions,1,output/Segmind/descriptive/archives_code_versions/seed_0001.png,yes,True
Segmind,descriptive,archives_code_versions,2,output/Segmind/descriptive/archives_code_versions/seed_0002.png,yes,True
Segmind,descriptive,archives_code_versions,3,output/Segmind/descriptive/archives_code_versions/seed_0003.png,yes,True
Segmind,descriptive,archives_code_versions,4,output/Segmind/descriptive/archives_code_versions/seed_0004.png,yes,True
Segmind,descriptive,archives_code_versions,5,output/Segmind/descriptive/archives_code_versions/seed_0005.png,yes,True
Segmind,descriptive,archives_code_versions,6,output/Segmind/descriptive/archives_code_versions/seed_0006.png,yes,True
Segmind,descriptive,archives_code_versions,7,output/Segmind/descriptive/archives_code_versions/seed_0007.png,yes,True
Segmind,descriptive,archives_code_versions,8,output/Segmind/descriptive/archives_code_versions/seed_0008.png,yes,True
Segmind,descriptive,archives_code_versions,9,output/Segmind/descriptive/archives_code_versions/seed_0009.png,yes,True
Segmind,descriptive,asks_coworkers,0,output/Segmind/descriptive/asks_coworkers/seed_0000.png,yes,True
Segmind,descriptive,asks_coworkers,1,output/Segmind/descriptive/asks_coworkers/seed_0001.png,yes,True
Segmind,descriptive,asks_coworkers,2,output/Segmind/descriptive/asks_coworkers/seed_0002.png,yes,True
Segmind,descriptive,asks_coworkers,3,output/Segmind/descriptive/asks_coworkers/seed_0003.png,yes,True
Segmind,descriptive,asks_coworkers,4,output/Segmind/descriptive/asks_coworkers/seed_0004.png,yes,True
Segmind,descriptive,asks_coworkers,5,output/Segmind/descriptive/asks_coworkers/seed_0005.png,yes,True
Segmind,descriptive,asks_coworkers,6,output/Segmind/descriptive/asks_coworkers/seed_0006.png,yes,True
Segmind,descriptive,asks_coworkers,7,output/Segmind/descriptive/asks_coworkers/seed_0007.png,yes,True
Segmind,descriptive,asks_coworkers,8,output/Segmind/descriptive/asks_coworkers/seed_0008.png,yes,True
Segmind,descriptive,asks_coworkers,9,output/Segmind/descriptive/asks_coworkers/seed_0009.png,yes,True
Segmind,descriptive,assesses_potential_problems,0,output/Segmind/descriptive/assesses_potential_problems/seed_0000.png,yes,True
Segmind,descriptive,assesses_potential_problems,1,output/Segmind/descriptive/assesses_potential_problems/seed_0001.png,yes,True
Segmind,descriptive,assesses_potential_problems,2,output/Segmind/descriptive/assesses_potential_problems/seed_0002.png,yes,True
Segmind,descriptive,assesses_potential_problems,3,output/Segmind/descriptive/assesses_potential_problems/seed_0003.png,yes,True
Segmind,descriptive,assesses_potential_problems,4,output/Segmind/descriptive/assesses_potential_problems/seed_0004.png,yes,True
Segmind,descriptive,assesses_potential_problems,5,output/Segmind/descriptive/assesses_potential_problems/seed_0005.png,yes,True
Segmind,descriptive,assesses_potential_problems,6,output/Segmind/descriptive/assesses_potential_problems/seed_0006.png,yes,True
Segmind,descriptive,assesses_potential_problems,7,output/Segmind/descriptive/assesses_potential_problems/seed_0007.png,yes,True
Segmind,descriptive,assesses_potential_problems,8,output/Segmind/descriptive/assesses_potential_problems/seed_0008.png,yes,True
Segmind,descriptive,assesses_potential_problems,9,output/Segmind/descriptive/assesses_potential_problems/seed_0009.png,yes,True
Segmind,descriptive,assigns_github_issues,0,output/Segmind/descriptive/assigns_github_issues/seed_0000.png,yes,True
Segmind,descriptive,assigns_github_issues,1,output/Segmind/descriptive/assigns_github_issues/seed_0001.png,yes,True
Segmind,descriptive,assigns_github_issues,2,output/Segmind/descriptive/assigns_github_issues/seed_0002.png,yes,True
Segmind,descriptive,assigns_github_issues,3,output/Segmind/descriptive/assigns_github_issues/seed_0003.png,yes,True
Segmind,descriptive,assigns_github_issues,4,output/Segmind/descriptive/assigns_github_issues/seed_0004.png,yes,True
Segmind,descriptive,assigns_github_issues,5,output/Segmind/descriptive/assigns_github_issues/seed_0005.png,yes,True
Segmind,descriptive,assigns_github_issues,6,output/Segmind/descriptive/assigns_github_issues/seed_0006.png,yes,True
Segmind,descriptive,assigns_github_issues,7,output/Segmind/descriptive/assigns_github_issues/seed_0007.png,yes,True
Segmind,descriptive,assigns_github_issues,8,output/Segmind/descriptive/assigns_github_issues/seed_0008.png,yes,True
Segmind,descriptive,assigns_github_issues,9,output/Segmind/descriptive/assigns_github_issues/seed_0009.png,yes,True
Segmind,descriptive,browses_articles,0,output/Segmind/descriptive/browses_articles/seed_0000.png,yes,True
Segmind,descriptive,browses_articles,1,output/Segmind/descriptive/browses_articles/seed_0001.png,yes,True
Segmind,descriptive,browses_articles,2,output/Segmind/descriptive/browses_articles/seed_0002.png,yes,True
Segmind,descriptive,browses_articles,3,output/Segmind/descriptive/browses_articles/seed_0003.png,yes,True
Segmind,descriptive,browses_articles,4,output/Segmind/descriptive/browses_articles/seed_0004.png,yes,True
Segmind,descriptive,browses_articles,5,output/Segmind/descriptive/browses_articles/seed_0005.png,yes,True
Segmind,descriptive,browses_articles,6,output/Segmind/descriptive/browses_articles/seed_0006.png,yes,True
Segmind,descriptive,browses_articles,7,output/Segmind/descriptive/browses_articles/seed_0007.png,yes,True
Segmind,descriptive,browses_articles,8,output/Segmind/descriptive/browses_articles/seed_0008.png,yes,True
Segmind,descriptive,browses_articles,9,output/Segmind/descriptive/browses_articles/seed_0009.png,yes,True
Segmind,descriptive,browses_documentation,0,output/Segmind/descriptive/browses_documentation/seed_0000.png,yes,True
Segmind,descriptive,browses_documentation,1,output/Segmind/descriptive/browses_documentation/seed_0001.png,yes,True
Segmind,descriptive,browses_documentation,2,output/Segmind/descriptive/browses_documentation/seed_0002.png,yes,True
Segmind,descriptive,browses_documentation,3,output/Segmind/descriptive/browses_documentation/seed_0003.png,yes,True
Segmind,descriptive,browses_documentation,4,output/Segmind/descriptive/browses_documentation/seed_0004.png,yes,True
Segmind,descriptive,browses_documentation,5,output/Segmind/descriptive/browses_documentation/seed_0005.png,yes,True
Segmind,descriptive,browses_documentation,6,output/Segmind/descriptive/browses_documentation/seed_0006.png,yes,True
Segmind,descriptive,browses_documentation,7,output/Segmind/descriptive/browses_documentation/seed_0007.png,yes,True
Segmind,descriptive,browses_documentation,8,output/Segmind/descriptive/browses_documentation/seed_0008.png,yes,True
Segmind,descriptive,browses_documentation,9,output/Segmind/descriptive/browses_documentation/seed_0009.png,yes,True
Segmind,descriptive,browses_faqs,0,output/Segmind/descriptive/browses_faqs/seed_0000.png,yes,True
Segmind,descriptive,browses_faqs,1,output/Segmind/descriptive/browses_faqs/seed_0001.png,yes,True
Segmind,descriptive,browses_faqs,2,output/Segmind/descriptive/browses_faqs/seed_0002.png,yes,True
Segmind,descriptive,browses_faqs,3,output/Segmind/descriptive/browses_faqs/seed_0003.png,yes,True
Segmind,descriptive,browses_faqs,4,output/Segmind/descriptive/browses_faqs/seed_0004.png,yes,True
Segmind,descriptive,browses_faqs,5,output/Segmind/descriptive/browses_faqs/seed_0005.png,yes,True
Segmind,descriptive,browses_faqs,6,output/Segmind/descriptive/browses_faqs/seed_0006.png,yes,True
Segmind,descriptive,browses_faqs,7,output/Segmind/descriptive/browses_faqs/seed_0007.png,yes,True
Segmind,descriptive,browses_faqs,8,output/Segmind/descriptive/browses_faqs/seed_0008.png,yes,True
Segmind,descriptive,browses_faqs,9,output/Segmind/descriptive/browses_faqs/seed_0009.png,yes,True
Segmind,descriptive,browses_the_web,0,output/Segmind/descriptive/browses_the_web/seed_0000.png,yes,True
Segmind,descriptive,browses_the_web,1,output/Segmind/descriptive/browses_the_web/seed_0001.png,yes,True
Segmind,descriptive,browses_the_web,2,output/Segmind/descriptive/browses_the_web/seed_0002.png,yes,True
Segmind,descriptive,browses_the_web,3,output/Segmind/descriptive/browses_the_web/seed_0003.png,yes,True
Segmind,descriptive,browses_the_web,4,output/Segmind/descriptive/browses_the_web/seed_0004.png,yes,True
Segmind,descriptive,browses_the_web,5,output/Segmind/descriptive/browses_the_web/seed_0005.png,yes,True
Segmind,descriptive,browses_the_web,6,output/Segmind/descriptive/browses_the_web/seed_0006.png,yes,True
Segmind,descriptive,browses_the_web,7,output/Segmind/descriptive/browses_the_web/seed_0007.png,yes,True
Segmind,descriptive,browses_the_web,8,output/Segmind/descriptive/browses_the_web/seed_0008.png,yes,True
Segmind,descriptive,browses_the_web,9,output/Segmind/descriptive/browses_the_web/seed_0009.png,yes,True
Segmind,descriptive,classifies_requirements,0,output/Segmind/descriptive/classifies_requirements/seed_0000.png,yes,True
Segmind,descriptive,classifies_requirements,1,output/Segmind/descriptive/classifies_requirements/seed_0001.png,yes,True
Segmind,descriptive,classifies_requirements,2,output/Segmind/descriptive/classifies_requirements/seed_0002.png,yes,True
Segmind,descriptive,classifies_requirements,3,output/Segmind/descriptive/classifies_requirements/seed_0003.png,yes,True
Segmind,descriptive,classifies_requirements,4,output/Segmind/descriptive/classifies_requirements/seed_0004.png,yes,True
Segmind,descriptive,classifies_requirements,5,output/Segmind/descriptive/classifies_requirements/seed_0005.png,yes,True
Segmind,descriptive,classifies_requirements,6,output/Segmind/descriptive/classifies_requirements/seed_0006.png,yes,True
Segmind,descriptive,classifies_requirements,7,output/Segmind/descriptive/classifies_requirements/seed_0007.png,yes,True
Segmind,descriptive,classifies_requirements,8,output/Segmind/descriptive/classifies_requirements/seed_0008.png,yes,True
Segmind,descriptive,classifies_requirements,9,output/Segmind/descriptive/classifies_requirements/seed_0009.png,yes,True
Segmind,descriptive,codes,0,output/Segmind/descriptive/codes/seed_0000.png,yes,True
Segmind,descriptive,codes,1,output/Segmind/descriptive/codes/seed_0001.png,yes,True
Segmind,descriptive,codes,2,output/Segmind/descriptive/codes/seed_0002.png,yes,True
Segmind,descriptive,codes,3,output/Segmind/descriptive/codes/seed_0003.png,yes,True
Segmind,descriptive,codes,4,output/Segmind/descriptive/codes/seed_0004.png,yes,True
Segmind,descriptive,codes,5,output/Segmind/descriptive/codes/seed_0005.png,yes,True
Segmind,descriptive,codes,6,output/Segmind/descriptive/codes/seed_0006.png,yes,True
Segmind,descriptive,codes,7,output/Segmind/descriptive/codes/seed_0007.png,yes,True
Segmind,descriptive,codes,8,output/Segmind/descriptive/codes/seed_0008.png,yes,True
Segmind,descriptive,codes,9,output/Segmind/descriptive/codes/seed_0009.png,yes,True
Segmind,descriptive,commits_code,0,output/Segmind/descriptive/commits_code/seed_0000.png,yes,True
Segmind,descriptive,commits_code,1,output/Segmind/descriptive/commits_code/seed_0001.png,yes,True
Segmind,descriptive,commits_code,2,output/Segmind/descriptive/commits_code/seed_0002.png,yes,True
Segmind,descriptive,commits_code,3,output/Segmind/descriptive/commits_code/seed_0003.png,yes,True
Segmind,descriptive,commits_code,4,output/Segmind/descriptive/commits_code/seed_0004.png,yes,True
Segmind,descriptive,commits_code,5,output/Segmind/descriptive/commits_code/seed_0005.png,yes,True
Segmind,descriptive,commits_code,6,output/Segmind/descriptive/commits_code/seed_0006.png,yes,True
Segmind,descriptive,commits_code,7,output/Segmind/descriptive/commits_code/seed_0007.png,yes,True
Segmind,descriptive,commits_code,8,output/Segmind/descriptive/commits_code/seed_0008.png,yes,True
Segmind,descriptive,commits_code,9,output/Segmind/descriptive/commits_code/seed_0009.png,yes,True
Segmind,descriptive,edits_artifacts,0,output/Segmind/descriptive/edits_artifacts/seed_0000.png,yes,True
Segmind,descriptive,edits_artifacts,1,output/Segmind/descriptive/edits_artifacts/seed_0001.png,yes,True
Segmind,descriptive,edits_artifacts,2,output/Segmind/descriptive/edits_artifacts/seed_0002.png,yes,True
Segmind,descriptive,edits_artifacts,3,output/Segmind/descriptive/edits_artifacts/seed_0003.png,yes,True
Segmind,descriptive,edits_artifacts,4,output/Segmind/descriptive/edits_artifacts/seed_0004.png,yes,True
Segmind,descriptive,edits_artifacts,5,output/Segmind/descriptive/edits_artifacts/seed_0005.png,yes,True
Segmind,descriptive,edits_artifacts,6,output/Segmind/descriptive/edits_artifacts/seed_0006.png,yes,True
Segmind,descriptive,edits_artifacts,7,output/Segmind/descriptive/edits_artifacts/seed_0007.png,yes,True
Segmind,descriptive,edits_artifacts,8,output/Segmind/descriptive/edits_artifacts/seed_0008.png,yes,True
Segmind,descriptive,edits_artifacts,9,output/Segmind/descriptive/edits_artifacts/seed_0009.png,yes,True
Segmind,descriptive,edits_code,0,output/Segmind/descriptive/edits_code/seed_0000.png,yes,True
Segmind,descriptive,edits_code,1,output/Segmind/descriptive/edits_code/seed_0001.png,yes,True
Segmind,descriptive,edits_code,2,output/Segmind/descriptive/edits_code/seed_0002.png,yes,True
Segmind,descriptive,edits_code,3,output/Segmind/descriptive/edits_code/seed_0003.png,yes,True
Segmind,descriptive,edits_code,4,output/Segmind/descriptive/edits_code/seed_0004.png,yes,True
Segmind,descriptive,edits_code,5,output/Segmind/descriptive/edits_code/seed_0005.png,yes,True
Segmind,descriptive,edits_code,6,output/Segmind/descriptive/edits_code/seed_0006.png,yes,True
Segmind,descriptive,edits_code,7,output/Segmind/descriptive/edits_code/seed_0007.png,yes,True
Segmind,descriptive,edits_code,8,output/Segmind/descriptive/edits_code/seed_0008.png,yes,True
Segmind,descriptive,edits_code,9,output/Segmind/descriptive/edits_code/seed_0009.png,yes,True
Segmind,descriptive,elicits_requirements,0,output/Segmind/descriptive/elicits_requirements/seed_0000.png,yes,True
Segmind,descriptive,elicits_requirements,1,output/Segmind/descriptive/elicits_requirements/seed_0001.png,yes,True
Segmind,descriptive,elicits_requirements,2,output/Segmind/descriptive/elicits_requirements/seed_0002.png,yes,True
Segmind,descriptive,elicits_requirements,3,output/Segmind/descriptive/elicits_requirements/seed_0003.png,yes,True
Segmind,descriptive,elicits_requirements,4,output/Segmind/descriptive/elicits_requirements/seed_0004.png,yes,True
Segmind,descriptive,elicits_requirements,5,output/Segmind/descriptive/elicits_requirements/seed_0005.png,yes,True
Segmind,descriptive,elicits_requirements,6,output/Segmind/descriptive/elicits_requirements/seed_0006.png,yes,True
Segmind,descriptive,elicits_requirements,7,output/Segmind/descriptive/elicits_requirements/seed_0007.png,yes,True
Segmind,descriptive,elicits_requirements,8,output/Segmind/descriptive/elicits_requirements/seed_0008.png,yes,True
Segmind,descriptive,elicits_requirements,9,output/Segmind/descriptive/elicits_requirements/seed_0009.png,yes,True
Segmind,descriptive,estimates_tasks_projects,0,output/Segmind/descriptive/estimates_tasks_projects/seed_0000.png,yes,True
Segmind,descriptive,estimates_tasks_projects,1,output/Segmind/descriptive/estimates_tasks_projects/seed_0001.png,yes,True
Segmind,descriptive,estimates_tasks_projects,2,output/Segmind/descriptive/estimates_tasks_projects/seed_0002.png,yes,True
Segmind,descriptive,estimates_tasks_projects,3,output/Segmind/descriptive/estimates_tasks_projects/seed_0003.png,yes,True
Segmind,descriptive,estimates_tasks_projects,4,output/Segmind/descriptive/estimates_tasks_projects/seed_0004.png,yes,True
Segmind,descriptive,estimates_tasks_projects,5,output/Segmind/descriptive/estimates_tasks_projects/seed_0005.png,yes,True
Segmind,descriptive,estimates_tasks_projects,6,output/Segmind/descriptive/estimates_tasks_projects/seed_0006.png,yes,True
Segmind,descriptive,estimates_tasks_projects,7,output/Segmind/descriptive/estimates_tasks_projects/seed_0007.png,yes,True
Segmind,descriptive,estimates_tasks_projects,8,output/Segmind/descriptive/estimates_tasks_projects/seed_0008.png,yes,True
Segmind,descriptive,estimates_tasks_projects,9,output/Segmind/descriptive/estimates_tasks_projects/seed_0009.png,yes,True
Segmind,descriptive,fixes_bugs,0,output/Segmind/descriptive/fixes_bugs/seed_0000.png,yes,True
Segmind,descriptive,fixes_bugs,1,output/Segmind/descriptive/fixes_bugs/seed_0001.png,yes,True
Segmind,descriptive,fixes_bugs,2,output/Segmind/descriptive/fixes_bugs/seed_0002.png,yes,True
Segmind,descriptive,fixes_bugs,3,output/Segmind/descriptive/fixes_bugs/seed_0003.png,yes,True
Segmind,descriptive,fixes_bugs,4,output/Segmind/descriptive/fixes_bugs/seed_0004.png,yes,True
Segmind,descriptive,fixes_bugs,5,output/Segmind/descriptive/fixes_bugs/seed_0005.png,yes,True
Segmind,descriptive,fixes_bugs,6,output/Segmind/descriptive/fixes_bugs/seed_0006.png,yes,True
Segmind,descriptive,fixes_bugs,7,output/Segmind/descriptive/fixes_bugs/seed_0007.png,yes,True
Segmind,descriptive,fixes_bugs,8,output/Segmind/descriptive/fixes_bugs/seed_0008.png,yes,True
Segmind,descriptive,fixes_bugs,9,output/Segmind/descriptive/fixes_bugs/seed_0009.png,yes,True
Segmind,descriptive,fixes_defects,0,output/Segmind/descriptive/fixes_defects/seed_0000.png,yes,True
Segmind,descriptive,fixes_defects,1,output/Segmind/descriptive/fixes_defects/seed_0001.png,yes,True
Segmind,descriptive,fixes_defects,2,output/Segmind/descriptive/fixes_defects/seed_0002.png,yes,True
Segmind,descriptive,fixes_defects,3,output/Segmind/descriptive/fixes_defects/seed_0003.png,yes,True
Segmind,descriptive,fixes_defects,4,output/Segmind/descriptive/fixes_defects/seed_0004.png,yes,True
Segmind,descriptive,fixes_defects,5,output/Segmind/descriptive/fixes_defects/seed_0005.png,yes,True
Segmind,descriptive,fixes_defects,6,output/Segmind/descriptive/fixes_defects/seed_0006.png,yes,True
Segmind,descriptive,fixes_defects,7,output/Segmind/descriptive/fixes_defects/seed_0007.png,yes,True
Segmind,descriptive,fixes_defects,8,output/Segmind/descriptive/fixes_defects/seed_0008.png,yes,True
Segmind,descriptive,fixes_defects,9,output/Segmind/descriptive/fixes_defects/seed_0009.png,yes,True
Segmind,descriptive,generates_reports_documents,0,output/Segmind/descriptive/generates_reports_documents/seed_0000.png,yes,True
Segmind,descriptive,generates_reports_documents,1,output/Segmind/descriptive/generates_reports_documents/seed_0001.png,yes,True
Segmind,descriptive,generates_reports_documents,2,output/Segmind/descriptive/generates_reports_documents/seed_0002.png,yes,True
Segmind,descriptive,generates_reports_documents,3,output/Segmind/descriptive/generates_reports_documents/seed_0003.png,yes,True
Segmind,descriptive,generates_reports_documents,4,output/Segmind/descriptive/generates_reports_documents/seed_0004.png,yes,True
Segmind,descriptive,generates_reports_documents,5,output/Segmind/descriptive/generates_reports_documents/seed_0005.png,yes,True
Segmind,descriptive,generates_reports_documents,6,output/Segmind/descriptive/generates_reports_documents/seed_0006.png,yes,True
Segmind,descriptive,generates_reports_documents,7,output/Segmind/descriptive/generates_reports_documents/seed_0007.png,yes,True
Segmind,descriptive,generates_reports_documents,8,output/Segmind/descriptive/generates_reports_documents/seed_0008.png,yes,True
Segmind,descriptive,generates_reports_documents,9,output/Segmind/descriptive/generates_reports_documents/seed_0009.png,yes,True
Segmind,descriptive,has_meetings,0,output/Segmind/descriptive/has_meetings/seed_0000.png,yes,True
Segmind,descriptive,has_meetings,1,output/Segmind/descriptive/has_meetings/seed_0001.png,yes,True
Segmind,descriptive,has_meetings,2,output/Segmind/descriptive/has_meetings/seed_0002.png,yes,True
Segmind,descriptive,has_meetings,3,output/Segmind/descriptive/has_meetings/seed_0003.png,yes,True
Segmind,descriptive,has_meetings,4,output/Segmind/descriptive/has_meetings/seed_0004.png,yes,True
Segmind,descriptive,has_meetings,5,output/Segmind/descriptive/has_meetings/seed_0005.png,yes,True
Segmind,descriptive,has_meetings,6,output/Segmind/descriptive/has_meetings/seed_0006.png,yes,True
Segmind,descriptive,has_meetings,7,output/Segmind/descriptive/has_meetings/seed_0007.png,yes,True
Segmind,descriptive,has_meetings,8,output/Segmind/descriptive/has_meetings/seed_0008.png,yes,True
Segmind,descriptive,has_meetings,9,output/Segmind/descriptive/has_meetings/seed_0009.png,yes,True
Segmind,descriptive,helps_others,0,output/Segmind/descriptive/helps_others/seed_0000.png,yes,True
Segmind,descriptive,helps_others,1,output/Segmind/descriptive/helps_others/seed_0001.png,yes,True
Segmind,descriptive,helps_others,2,output/Segmind/descriptive/helps_others/seed_0002.png,yes,True
Segmind,descriptive,helps_others,3,output/Segmind/descriptive/helps_others/seed_0003.png,yes,True
Segmind,descriptive,helps_others,4,output/Segmind/descriptive/helps_others/seed_0004.png,yes,True
Segmind,descriptive,helps_others,5,output/Segmind/descriptive/helps_others/seed_0005.png,yes,True
Segmind,descriptive,helps_others,6,output/Segmind/descriptive/helps_others/seed_0006.png,yes,True
Segmind,descriptive,helps_others,7,output/Segmind/descriptive/helps_others/seed_0007.png,yes,True
Segmind,descriptive,helps_others,8,output/Segmind/descriptive/helps_others/seed_0008.png,yes,True
Segmind,descriptive,helps_others,9,output/Segmind/descriptive/helps_others/seed_0009.png,yes,True
Segmind,descriptive,identifies_constraints,0,output/Segmind/descriptive/identifies_constraints/seed_0000.png,yes,True
Segmind,descriptive,identifies_constraints,1,output/Segmind/descriptive/identifies_constraints/seed_0001.png,yes,True
Segmind,descriptive,identifies_constraints,2,output/Segmind/descriptive/identifies_constraints/seed_0002.png,yes,True
Segmind,descriptive,identifies_constraints,3,output/Segmind/descriptive/identifies_constraints/seed_0003.png,yes,True
Segmind,descriptive,identifies_constraints,4,output/Segmind/descriptive/identifies_constraints/seed_0004.png,yes,True
Segmind,descriptive,identifies_constraints,5,output/Segmind/descriptive/identifies_constraints/seed_0005.png,yes,True
Segmind,descriptive,identifies_constraints,6,output/Segmind/descriptive/identifies_constraints/seed_0006.png,yes,True
Segmind,descriptive,identifies_constraints,7,output/Segmind/descriptive/identifies_constraints/seed_0007.png,yes,True
Segmind,descriptive,identifies_constraints,8,output/Segmind/descriptive/identifies_constraints/seed_0008.png,yes,True
Segmind,descriptive,identifies_constraints,9,output/Segmind/descriptive/identifies_constraints/seed_0009.png,yes,True
Segmind,descriptive,inspects_code,0,output/Segmind/descriptive/inspects_code/seed_0000.png,yes,True
Segmind,descriptive,inspects_code,1,output/Segmind/descriptive/inspects_code/seed_0001.png,yes,True
Segmind,descriptive,inspects_code,2,output/Segmind/descriptive/inspects_code/seed_0002.png,yes,True
Segmind,descriptive,inspects_code,3,output/Segmind/descriptive/inspects_code/seed_0003.png,yes,True
Segmind,descriptive,inspects_code,4,output/Segmind/descriptive/inspects_code/seed_0004.png,yes,True
Segmind,descriptive,inspects_code,5,output/Segmind/descriptive/inspects_code/seed_0005.png,yes,True
Segmind,descriptive,inspects_code,6,output/Segmind/descriptive/inspects_code/seed_0006.png,yes,True
Segmind,descriptive,inspects_code,7,output/Segmind/descriptive/inspects_code/seed_0007.png,yes,True
Segmind,descriptive,inspects_code,8,output/Segmind/descriptive/inspects_code/seed_0008.png,yes,True
Segmind,descriptive,inspects_code,9,output/Segmind/descriptive/inspects_code/seed_0009.png,yes,True
Segmind,descriptive,learns,0,output/Segmind/descriptive/learns/seed_0000.png,yes,True
Segmind,descriptive,learns,1,output/Segmind/descriptive/learns/seed_0001.png,yes,True
Segmind,descriptive,learns,2,output/Segmind/descriptive/learns/seed_0002.png,yes,True
Segmind,descriptive,learns,3,output/Segmind/descriptive/learns/seed_0003.png,yes,True
Segmind,descriptive,learns,4,output/Segmind/descriptive/learns/seed_0004.png,yes,True
Segmind,descriptive,learns,5,output/Segmind/descriptive/learns/seed_0005.png,yes,True
Segmind,descriptive,learns,6,output/Segmind/descriptive/learns/seed_0006.png,yes,True
Segmind,descriptive,learns,7,output/Segmind/descriptive/learns/seed_0007.png,yes,True
Segmind,descriptive,learns,8,output/Segmind/descriptive/learns/seed_0008.png,yes,True
Segmind,descriptive,learns,9,output/Segmind/descriptive/learns/seed_0009.png,yes,True
Segmind,descriptive,maintains_changes,0,output/Segmind/descriptive/maintains_changes/seed_0000.png,yes,True
Segmind,descriptive,maintains_changes,1,output/Segmind/descriptive/maintains_changes/seed_0001.png,yes,True
Segmind,descriptive,maintains_changes,2,output/Segmind/descriptive/maintains_changes/seed_0002.png,yes,True
Segmind,descriptive,maintains_changes,3,output/Segmind/descriptive/maintains_changes/seed_0003.png,yes,True
Segmind,descriptive,maintains_changes,4,output/Segmind/descriptive/maintains_changes/seed_0004.png,yes,True
Segmind,descriptive,maintains_changes,5,output/Segmind/descriptive/maintains_changes/seed_0005.png,yes,True
Segmind,descriptive,maintains_changes,6,output/Segmind/descriptive/maintains_changes/seed_0006.png,yes,True
Segmind,descriptive,maintains_changes,7,output/Segmind/descriptive/maintains_changes/seed_0007.png,yes,True
Segmind,descriptive,maintains_changes,8,output/Segmind/descriptive/maintains_changes/seed_0008.png,yes,True
Segmind,descriptive,maintains_changes,9,output/Segmind/descriptive/maintains_changes/seed_0009.png,yes,True
Segmind,descriptive,manages_development_branches,0,output/Segmind/descriptive/manages_development_branches/seed_0000.png,yes,True
Segmind,descriptive,manages_development_branches,1,output/Segmind/descriptive/manages_development_branches/seed_0001.png,yes,True
Segmind,descriptive,manages_development_branches,2,output/Segmind/descriptive/manages_development_branches/seed_0002.png,yes,True
Segmind,descriptive,manages_development_branches,3,output/Segmind/descriptive/manages_development_branches/seed_0003.png,yes,True
Segmind,descriptive,manages_development_branches,4,output/Segmind/descriptive/manages_development_branches/seed_0004.png,yes,True
Segmind,descriptive,manages_development_branches,5,output/Segmind/descriptive/manages_development_branches/seed_0005.png,yes,True
Segmind,descriptive,manages_development_branches,6,output/Segmind/descriptive/manages_development_branches/seed_0006.png,yes,True
Segmind,descriptive,manages_development_branches,7,output/Segmind/descriptive/manages_development_branches/seed_0007.png,yes,True
Segmind,descriptive,manages_development_branches,8,output/Segmind/descriptive/manages_development_branches/seed_0008.png,yes,True
Segmind,descriptive,manages_development_branches,9,output/Segmind/descriptive/manages_development_branches/seed_0009.png,yes,True
Segmind,descriptive,mentors_others,0,output/Segmind/descriptive/mentors_others/seed_0000.png,yes,True
Segmind,descriptive,mentors_others,1,output/Segmind/descriptive/mentors_others/seed_0001.png,yes,True
Segmind,descriptive,mentors_others,2,output/Segmind/descriptive/mentors_others/seed_0002.png,yes,True
Segmind,descriptive,mentors_others,3,output/Segmind/descriptive/mentors_others/seed_0003.png,yes,True
Segmind,descriptive,mentors_others,4,output/Segmind/descriptive/mentors_others/seed_0004.png,yes,True
Segmind,descriptive,mentors_others,5,output/Segmind/descriptive/mentors_others/seed_0005.png,yes,True
Segmind,descriptive,mentors_others,6,output/Segmind/descriptive/mentors_others/seed_0006.png,yes,True
Segmind,descriptive,mentors_others,7,output/Segmind/descriptive/mentors_others/seed_0007.png,yes,True
Segmind,descriptive,mentors_others,8,output/Segmind/descriptive/mentors_others/seed_0008.png,yes,True
Segmind,descriptive,mentors_others,9,output/Segmind/descriptive/mentors_others/seed_0009.png,yes,True
Segmind,descriptive,navigates_code,0,output/Segmind/descriptive/navigates_code/seed_0000.png,yes,True
Segmind,descriptive,navigates_code,1,output/Segmind/descriptive/navigates_code/seed_0001.png,yes,True
Segmind,descriptive,navigates_code,2,output/Segmind/descriptive/navigates_code/seed_0002.png,yes,True
Segmind,descriptive,navigates_code,3,output/Segmind/descriptive/navigates_code/seed_0003.png,yes,True
Segmind,descriptive,navigates_code,4,output/Segmind/descriptive/navigates_code/seed_0004.png,yes,True
Segmind,descriptive,navigates_code,5,output/Segmind/descriptive/navigates_code/seed_0005.png,yes,True
Segmind,descriptive,navigates_code,6,output/Segmind/descriptive/navigates_code/seed_0006.png,yes,True
Segmind,descriptive,navigates_code,7,output/Segmind/descriptive/navigates_code/seed_0007.png,yes,True
Segmind,descriptive,navigates_code,8,output/Segmind/descriptive/navigates_code/seed_0008.png,yes,True
Segmind,descriptive,navigates_code,9,output/Segmind/descriptive/navigates_code/seed_0009.png,yes,True
Segmind,descriptive,networks,0,output/Segmind/descriptive/networks/seed_0000.png,yes,True
Segmind,descriptive,networks,1,output/Segmind/descriptive/networks/seed_0001.png,yes,True
Segmind,descriptive,networks,2,output/Segmind/descriptive/networks/seed_0002.png,yes,True
Segmind,descriptive,networks,3,output/Segmind/descriptive/networks/seed_0003.png,yes,True
Segmind,descriptive,networks,4,output/Segmind/descriptive/networks/seed_0004.png,yes,True
Segmind,descriptive,networks,5,output/Segmind/descriptive/networks/seed_0005.png,yes,True
Segmind,descriptive,networks,6,output/Segmind/descriptive/networks/seed_0006.png,yes,True
Segmind,descriptive,networks,7,output/Segmind/descriptive/networks/seed_0007.png,yes,True
Segmind,descriptive,networks,8,output/Segmind/descriptive/networks/seed_0008.png,yes,True
Segmind,descriptive,networks,9,output/Segmind/descriptive/networks/seed_0009.png,yes,True
Segmind,descriptive,performs_administrative_tasks,0,output/Segmind/descriptive/performs_administrative_tasks/seed_0000.png,yes,True
Segmind,descriptive,performs_administrative_tasks,1,output/Segmind/descriptive/performs_administrative_tasks/seed_0001.png,yes,True
Segmind,descriptive,performs_administrative_tasks,2,output/Segmind/descriptive/performs_administrative_tasks/seed_0002.png,yes,True
Segmind,descriptive,performs_administrative_tasks,3,output/Segmind/descriptive/performs_administrative_tasks/seed_0003.png,yes,True
Segmind,descriptive,performs_administrative_tasks,4,output/Segmind/descriptive/performs_administrative_tasks/seed_0004.png,yes,True
Segmind,descriptive,performs_administrative_tasks,5,output/Segmind/descriptive/performs_administrative_tasks/seed_0005.png,yes,True
Segmind,descriptive,performs_administrative_tasks,6,output/Segmind/descriptive/performs_administrative_tasks/seed_0006.png,yes,True
Segmind,descriptive,performs_administrative_tasks,7,output/Segmind/descriptive/performs_administrative_tasks/seed_0007.png,yes,True
Segmind,descriptive,performs_administrative_tasks,8,output/Segmind/descriptive/performs_administrative_tasks/seed_0008.png,yes,True
Segmind,descriptive,performs_administrative_tasks,9,output/Segmind/descriptive/performs_administrative_tasks/seed_0009.png,yes,True
Segmind,descriptive,performs_infrastructure_setup,0,output/Segmind/descriptive/performs_infrastructure_setup/seed_0000.png,yes,True
Segmind,descriptive,performs_infrastructure_setup,1,output/Segmind/descriptive/performs_infrastructure_setup/seed_0001.png,yes,True
Segmind,descriptive,performs_infrastructure_setup,2,output/Segmind/descriptive/performs_infrastructure_setup/seed_0002.png,yes,True
Segmind,descriptive,performs_infrastructure_setup,3,output/Segmind/descriptive/performs_infrastructure_setup/seed_0003.png,yes,True
Segmind,descriptive,performs_infrastructure_setup,4,output/Segmind/descriptive/performs_infrastructure_setup/seed_0004.png,yes,True
Segmind,descriptive,performs_infrastructure_setup,5,output/Segmind/descriptive/performs_infrastructure_setup/seed_0005.png,yes,True
Segmind,descriptive,performs_infrastructure_setup,6,output/Segmind/descriptive/performs_infrastructure_setup/seed_0006.png,yes,True
Segmind,descriptive,performs_infrastructure_setup,7,output/Segmind/descriptive/performs_infrastructure_setup/seed_0007.png,yes,True
Segmind,descriptive,performs_infrastructure_setup,8,output/Segmind/descriptive/performs_infrastructure_setup/seed_0008.png,yes,True
Segmind,descriptive,performs_infrastructure_setup,9,output/Segmind/descriptive/performs_infrastructure_setup/seed_0009.png,yes,True
Segmind,descriptive,performs_personal_debugging,0,output/Segmind/descriptive/performs_personal_debugging/seed_0000.png,yes,True
Segmind,descriptive,performs_personal_debugging,1,output/Segmind/descriptive/performs_personal_debugging/seed_0001.png,yes,True
Segmind,descriptive,performs_personal_debugging,2,output/Segmind/descriptive/performs_personal_debugging/seed_0002.png,yes,True
Segmind,descriptive,performs_personal_debugging,3,output/Segmind/descriptive/performs_personal_debugging/seed_0003.png,yes,True
Segmind,descriptive,performs_personal_debugging,4,output/Segmind/descriptive/performs_personal_debugging/seed_0004.png,yes,True
Segmind,descriptive,performs_personal_debugging,5,output/Segmind/descriptive/performs_personal_debugging/seed_0005.png,yes,True
Segmind,descriptive,performs_personal_debugging,6,output/Segmind/descriptive/performs_personal_debugging/seed_0006.png,yes,True
Segmind,descriptive,performs_personal_debugging,7,output/Segmind/descriptive/performs_personal_debugging/seed_0007.png,yes,True
Segmind,descriptive,performs_personal_debugging,8,output/Segmind/descriptive/performs_personal_debugging/seed_0008.png,yes,True
Segmind,descriptive,performs_personal_debugging,9,output/Segmind/descriptive/performs_personal_debugging/seed_0009.png,yes,True
Segmind,descriptive,performs_support_tasks,0,output/Segmind/descriptive/performs_support_tasks/seed_0000.png,yes,True
Segmind,descriptive,performs_support_tasks,1,output/Segmind/descriptive/performs_support_tasks/seed_0001.png,yes,True
Segmind,descriptive,performs_support_tasks,2,output/Segmind/descriptive/performs_support_tasks/seed_0002.png,yes,True
Segmind,descriptive,performs_support_tasks,3,output/Segmind/descriptive/performs_support_tasks/seed_0003.png,yes,True
Segmind,descriptive,performs_support_tasks,4,output/Segmind/descriptive/performs_support_tasks/seed_0004.png,yes,True
Segmind,descriptive,performs_support_tasks,5,output/Segmind/descriptive/performs_support_tasks/seed_0005.png,yes,True
Segmind,descriptive,performs_support_tasks,6,output/Segmind/descriptive/performs_support_tasks/seed_0006.png,yes,True
Segmind,descriptive,performs_support_tasks,7,output/Segmind/descriptive/performs_support_tasks/seed_0007.png,yes,True
Segmind,descriptive,performs_support_tasks,8,output/Segmind/descriptive/performs_support_tasks/seed_0008.png,yes,True
Segmind,descriptive,performs_support_tasks,9,output/Segmind/descriptive/performs_support_tasks/seed_0009.png,yes,True
Segmind,descriptive,performs_user_training,0,output/Segmind/descriptive/performs_user_training/seed_0000.png,yes,True
Segmind,descriptive,performs_user_training,1,output/Segmind/descriptive/performs_user_training/seed_0001.png,yes,True
Segmind,descriptive,performs_user_training,2,output/Segmind/descriptive/performs_user_training/seed_0002.png,yes,True
Segmind,descriptive,performs_user_training,3,output/Segmind/descriptive/performs_user_training/seed_0003.png,yes,True
Segmind,descriptive,performs_user_training,4,output/Segmind/descriptive/performs_user_training/seed_0004.png,yes,True
Segmind,descriptive,performs_user_training,5,output/Segmind/descriptive/performs_user_training/seed_0005.png,yes,True
Segmind,descriptive,performs_user_training,6,output/Segmind/descriptive/performs_user_training/seed_0006.png,yes,True
Segmind,descriptive,performs_user_training,7,output/Segmind/descriptive/performs_user_training/seed_0007.png,yes,True
Segmind,descriptive,performs_user_training,8,output/Segmind/descriptive/performs_user_training/seed_0008.png,yes,True
Segmind,descriptive,performs_user_training,9,output/Segmind/descriptive/performs_user_training/seed_0009.png,yes,True
Segmind,descriptive,plans,0,output/Segmind/descriptive/plans/seed_0000.png,yes,True
Segmind,descriptive,plans,1,output/Segmind/descriptive/plans/seed_0001.png,yes,True
Segmind,descriptive,plans,2,output/Segmind/descriptive/plans/seed_0002.png,yes,True
Segmind,descriptive,plans,3,output/Segmind/descriptive/plans/seed_0003.png,yes,True
Segmind,descriptive,plans,4,output/Segmind/descriptive/plans/seed_0004.png,yes,True
Segmind,descriptive,plans,5,output/Segmind/descriptive/plans/seed_0005.png,yes,True
Segmind,descriptive,plans,6,output/Segmind/descriptive/plans/seed_0006.png,yes,True
Segmind,descriptive,plans,7,output/Segmind/descriptive/plans/seed_0007.png,yes,True
Segmind,descriptive,plans,8,output/Segmind/descriptive/plans/seed_0008.png,yes,True
Segmind,descriptive,plans,9,output/Segmind/descriptive/plans/seed_0009.png,yes,True
Segmind,descriptive,produces_on-line_help,0,output/Segmind/descriptive/produces_on-line_help/seed_0000.png,yes,True
Segmind,descriptive,produces_on-line_help,1,output/Segmind/descriptive/produces_on-line_help/seed_0001.png,yes,True
Segmind,descriptive,produces_on-line_help,2,output/Segmind/descriptive/produces_on-line_help/seed_0002.png,yes,True
Segmind,descriptive,produces_on-line_help,3,output/Segmind/descriptive/produces_on-line_help/seed_0003.png,yes,True
Segmind,descriptive,produces_on-line_help,4,output/Segmind/descriptive/produces_on-line_help/seed_0004.png,yes,True
Segmind,descriptive,produces_on-line_help,5,output/Segmind/descriptive/produces_on-line_help/seed_0005.png,yes,True
Segmind,descriptive,produces_on-line_help,6,output/Segmind/descriptive/produces_on-line_help/seed_0006.png,yes,True
Segmind,descriptive,produces_on-line_help,7,output/Segmind/descriptive/produces_on-line_help/seed_0007.png,yes,True
Segmind,descriptive,produces_on-line_help,8,output/Segmind/descriptive/produces_on-line_help/seed_0008.png,yes,True
Segmind,descriptive,produces_on-line_help,9,output/Segmind/descriptive/produces_on-line_help/seed_0009.png,yes,True
Segmind,descriptive,produces_tutorials,0,output/Segmind/descriptive/produces_tutorials/seed_0000.png,yes,True
Segmind,descriptive,produces_tutorials,1,output/Segmind/descriptive/produces_tutorials/seed_0001.png,yes,True
Segmind,descriptive,produces_tutorials,2,output/Segmind/descriptive/produces_tutorials/seed_0002.png,yes,True
Segmind,descriptive,produces_tutorials,3,output/Segmind/descriptive/produces_tutorials/seed_0003.png,yes,True
Segmind,descriptive,produces_tutorials,4,output/Segmind/descriptive/produces_tutorials/seed_0004.png,yes,True
Segmind,descriptive,produces_tutorials,5,output/Segmind/descriptive/produces_tutorials/seed_0005.png,yes,True
Segmind,descriptive,produces_tutorials,6,output/Segmind/descriptive/produces_tutorials/seed_0006.png,yes,True
Segmind,descriptive,produces_tutorials,7,output/Segmind/descriptive/produces_tutorials/seed_0007.png,yes,True
Segmind,descriptive,produces_tutorials,8,output/Segmind/descriptive/produces_tutorials/seed_0008.png,yes,True
Segmind,descriptive,produces_tutorials,9,output/Segmind/descriptive/produces_tutorials/seed_0009.png,yes,True
Segmind,descriptive,produces_user_documentation,0,output/Segmind/descriptive/produces_user_documentation/seed_0000.png,yes,True
Segmind,descriptive,produces_user_documentation,1,output/Segmind/descriptive/produces_user_documentation/seed_0001.png,yes,True
Segmind,descriptive,produces_user_documentation,2,output/Segmind/descriptive/produces_user_documentation/seed_0002.png,yes,True
Segmind,descriptive,produces_user_documentation,3,output/Segmind/descriptive/produces_user_documentation/seed_0003.png,yes,True
Segmind,descriptive,produces_user_documentation,4,output/Segmind/descriptive/produces_user_documentation/seed_0004.png,yes,True
Segmind,descriptive,produces_user_documentation,5,output/Segmind/descriptive/produces_user_documentation/seed_0005.png,yes,True
Segmind,descriptive,produces_user_documentation,6,output/Segmind/descriptive/produces_user_documentation/seed_0006.png,yes,True
Segmind,descriptive,produces_user_documentation,7,output/Segmind/descriptive/produces_user_documentation/seed_0007.png,yes,True
Segmind,descriptive,produces_user_documentation,8,output/Segmind/descriptive/produces_user_documentation/seed_0008.png,yes,True
Segmind,descriptive,produces_user_documentation,9,output/Segmind/descriptive/produces_user_documentation/seed_0009.png,yes,True
Segmind,descriptive,provides_comments_on_commits,0,output/Segmind/descriptive/provides_comments_on_commits/seed_0000.png,yes,True
Segmind,descriptive,provides_comments_on_commits,1,output/Segmind/descriptive/provides_comments_on_commits/seed_0001.png,yes,True
Segmind,descriptive,provides_comments_on_commits,2,output/Segmind/descriptive/provides_comments_on_commits/seed_0002.png,yes,True
Segmind,descriptive,provides_comments_on_commits,3,output/Segmind/descriptive/provides_comments_on_commits/seed_0003.png,yes,True
Segmind,descriptive,provides_comments_on_commits,4,output/Segmind/descriptive/provides_comments_on_commits/seed_0004.png,yes,True
Segmind,descriptive,provides_comments_on_commits,5,output/Segmind/descriptive/provides_comments_on_commits/seed_0005.png,yes,True
Segmind,descriptive,provides_comments_on_commits,6,output/Segmind/descriptive/provides_comments_on_commits/seed_0006.png,yes,True
Segmind,descriptive,provides_comments_on_commits,7,output/Segmind/descriptive/provides_comments_on_commits/seed_0007.png,yes,True
Segmind,descriptive,provides_comments_on_commits,8,output/Segmind/descriptive/provides_comments_on_commits/seed_0008.png,yes,True
Segmind,descriptive,provides_comments_on_commits,9,output/Segmind/descriptive/provides_comments_on_commits/seed_0009.png,yes,True
Segmind,descriptive,provides_comments_on_issues,0,output/Segmind/descriptive/provides_comments_on_issues/seed_0000.png,yes,True
Segmind,descriptive,provides_comments_on_issues,1,output/Segmind/descriptive/provides_comments_on_issues/seed_0001.png,yes,True
Segmind,descriptive,provides_comments_on_issues,2,output/Segmind/descriptive/provides_comments_on_issues/seed_0002.png,yes,True
Segmind,descriptive,provides_comments_on_issues,3,output/Segmind/descriptive/provides_comments_on_issues/seed_0003.png,yes,True
Segmind,descriptive,provides_comments_on_issues,4,output/Segmind/descriptive/provides_comments_on_issues/seed_0004.png,yes,True
Segmind,descriptive,provides_comments_on_issues,5,output/Segmind/descriptive/provides_comments_on_issues/seed_0005.png,yes,True
Segmind,descriptive,provides_comments_on_issues,6,output/Segmind/descriptive/provides_comments_on_issues/seed_0006.png,yes,True
Segmind,descriptive,provides_comments_on_issues,7,output/Segmind/descriptive/provides_comments_on_issues/seed_0007.png,yes,True
Segmind,descriptive,provides_comments_on_issues,8,output/Segmind/descriptive/provides_comments_on_issues/seed_0008.png,yes,True
Segmind,descriptive,provides_comments_on_issues,9,output/Segmind/descriptive/provides_comments_on_issues/seed_0009.png,yes,True
Segmind,descriptive,provides_comments_on_project_milestones,0,output/Segmind/descriptive/provides_comments_on_project_milestones/seed_0000.png,yes,True
Segmind,descriptive,provides_comments_on_project_milestones,1,output/Segmind/descriptive/provides_comments_on_project_milestones/seed_0001.png,yes,True
Segmind,descriptive,provides_comments_on_project_milestones,2,output/Segmind/descriptive/provides_comments_on_project_milestones/seed_0002.png,yes,True
Segmind,descriptive,provides_comments_on_project_milestones,3,output/Segmind/descriptive/provides_comments_on_project_milestones/seed_0003.png,yes,True
Segmind,descriptive,provides_comments_on_project_milestones,4,output/Segmind/descriptive/provides_comments_on_project_milestones/seed_0004.png,yes,True
Segmind,descriptive,provides_comments_on_project_milestones,5,output/Segmind/descriptive/provides_comments_on_project_milestones/seed_0005.png,yes,True
Segmind,descriptive,provides_comments_on_project_milestones,6,output/Segmind/descriptive/provides_comments_on_project_milestones/seed_0006.png,yes,True
Segmind,descriptive,provides_comments_on_project_milestones,7,output/Segmind/descriptive/provides_comments_on_project_milestones/seed_0007.png,yes,True
Segmind,descriptive,provides_comments_on_project_milestones,8,output/Segmind/descriptive/provides_comments_on_project_milestones/seed_0008.png,yes,True
Segmind,descriptive,provides_comments_on_project_milestones,9,output/Segmind/descriptive/provides_comments_on_project_milestones/seed_0009.png,yes,True
Segmind,descriptive,provides_enhancements,0,output/Segmind/descriptive/provides_enhancements/seed_0000.png,yes,True
Segmind,descriptive,provides_enhancements,1,output/Segmind/descriptive/provides_enhancements/seed_0001.png,yes,True
Segmind,descriptive,provides_enhancements,2,output/Segmind/descriptive/provides_enhancements/seed_0002.png,yes,True
Segmind,descriptive,provides_enhancements,3,output/Segmind/descriptive/provides_enhancements/seed_0003.png,yes,True
Segmind,descriptive,provides_enhancements,4,output/Segmind/descriptive/provides_enhancements/seed_0004.png,yes,True
Segmind,descriptive,provides_enhancements,5,output/Segmind/descriptive/provides_enhancements/seed_0005.png,yes,True
Segmind,descriptive,provides_enhancements,6,output/Segmind/descriptive/provides_enhancements/seed_0006.png,yes,True
Segmind,descriptive,provides_enhancements,7,output/Segmind/descriptive/provides_enhancements/seed_0007.png,yes,True
Segmind,descriptive,provides_enhancements,8,output/Segmind/descriptive/provides_enhancements/seed_0008.png,yes,True
Segmind,descriptive,provides_enhancements,9,output/Segmind/descriptive/provides_enhancements/seed_0009.png,yes,True
Segmind,descriptive,reads_artifacts,0,output/Segmind/descriptive/reads_artifacts/seed_0000.png,yes,True
Segmind,descriptive,reads_artifacts,1,output/Segmind/descriptive/reads_artifacts/seed_0001.png,yes,True
Segmind,descriptive,reads_artifacts,2,output/Segmind/descriptive/reads_artifacts/seed_0002.png,yes,True
Segmind,descriptive,reads_artifacts,3,output/Segmind/descriptive/reads_artifacts/seed_0003.png,yes,True
Segmind,descriptive,reads_artifacts,4,output/Segmind/descriptive/reads_artifacts/seed_0004.png,yes,True
Segmind,descriptive,reads_artifacts,5,output/Segmind/descriptive/reads_artifacts/seed_0005.png,yes,True
Segmind,descriptive,reads_artifacts,6,output/Segmind/descriptive/reads_artifacts/seed_0006.png,yes,True
Segmind,descriptive,reads_artifacts,7,output/Segmind/descriptive/reads_artifacts/seed_0007.png,yes,True
Segmind,descriptive,reads_artifacts,8,output/Segmind/descriptive/reads_artifacts/seed_0008.png,yes,True
Segmind,descriptive,reads_artifacts,9,output/Segmind/descriptive/reads_artifacts/seed_0009.png,yes,True
Segmind,descriptive,reads_changes,0,output/Segmind/descriptive/reads_changes/seed_0000.png,yes,True
Segmind,descriptive,reads_changes,1,output/Segmind/descriptive/reads_changes/seed_0001.png,yes,True
Segmind,descriptive,reads_changes,2,output/Segmind/descriptive/reads_changes/seed_0002.png,yes,True
Segmind,descriptive,reads_changes,3,output/Segmind/descriptive/reads_changes/seed_0003.png,yes,True
Segmind,descriptive,reads_changes,4,output/Segmind/descriptive/reads_changes/seed_0004.png,yes,True
Segmind,descriptive,reads_changes,5,output/Segmind/descriptive/reads_changes/seed_0005.png,yes,True
Segmind,descriptive,reads_changes,6,output/Segmind/descriptive/reads_changes/seed_0006.png,yes,True
Segmind,descriptive,reads_changes,7,output/Segmind/descriptive/reads_changes/seed_0007.png,yes,True
Segmind,descriptive,reads_changes,8,output/Segmind/descriptive/reads_changes/seed_0008.png,yes,True
Segmind,descriptive,reads_changes,9,output/Segmind/descriptive/reads_changes/seed_0009.png,yes,True
Segmind,descriptive,reads_reviews_code,0,output/Segmind/descriptive/reads_reviews_code/seed_0000.png,yes,True
Segmind,descriptive,reads_reviews_code,1,output/Segmind/descriptive/reads_reviews_code/seed_0001.png,yes,True
Segmind,descriptive,reads_reviews_code,2,output/Segmind/descriptive/reads_reviews_code/seed_0002.png,yes,True
Segmind,descriptive,reads_reviews_code,3,output/Segmind/descriptive/reads_reviews_code/seed_0003.png,yes,True
Segmind,descriptive,reads_reviews_code,4,output/Segmind/descriptive/reads_reviews_code/seed_0004.png,yes,True
Segmind,descriptive,reads_reviews_code,5,output/Segmind/descriptive/reads_reviews_code/seed_0005.png,yes,True
Segmind,descriptive,reads_reviews_code,6,output/Segmind/descriptive/reads_reviews_code/seed_0006.png,yes,True
Segmind,descriptive,reads_reviews_code,7,output/Segmind/descriptive/reads_reviews_code/seed_0007.png,yes,True
Segmind,descriptive,reads_reviews_code,8,output/Segmind/descriptive/reads_reviews_code/seed_0008.png,yes,True
Segmind,descriptive,reads_reviews_code,9,output/Segmind/descriptive/reads_reviews_code/seed_0009.png,yes,True
Segmind,descriptive,releases_code_versions,0,output/Segmind/descriptive/releases_code_versions/seed_0000.png,yes,True
Segmind,descriptive,releases_code_versions,1,output/Segmind/descriptive/releases_code_versions/seed_0001.png,yes,True
Segmind,descriptive,releases_code_versions,2,output/Segmind/descriptive/releases_code_versions/seed_0002.png,yes,True
Segmind,descriptive,releases_code_versions,3,output/Segmind/descriptive/releases_code_versions/seed_0003.png,yes,True
Segmind,descriptive,releases_code_versions,4,output/Segmind/descriptive/releases_code_versions/seed_0004.png,yes,True
Segmind,descriptive,releases_code_versions,5,output/Segmind/descriptive/releases_code_versions/seed_0005.png,yes,True
Segmind,descriptive,releases_code_versions,6,output/Segmind/descriptive/releases_code_versions/seed_0006.png,yes,True
Segmind,descriptive,releases_code_versions,7,output/Segmind/descriptive/releases_code_versions/seed_0007.png,yes,True
Segmind,descriptive,releases_code_versions,8,output/Segmind/descriptive/releases_code_versions/seed_0008.png,yes,True
Segmind,descriptive,releases_code_versions,9,output/Segmind/descriptive/releases_code_versions/seed_0009.png,yes,True
Segmind,descriptive,removes_dead_code,0,output/Segmind/descriptive/removes_dead_code/seed_0000.png,yes,True
Segmind,descriptive,removes_dead_code,1,output/Segmind/descriptive/removes_dead_code/seed_0001.png,yes,True
Segmind,descriptive,removes_dead_code,2,output/Segmind/descriptive/removes_dead_code/seed_0002.png,yes,True
Segmind,descriptive,removes_dead_code,3,output/Segmind/descriptive/removes_dead_code/seed_0003.png,yes,True
Segmind,descriptive,removes_dead_code,4,output/Segmind/descriptive/removes_dead_code/seed_0004.png,yes,True
Segmind,descriptive,removes_dead_code,5,output/Segmind/descriptive/removes_dead_code/seed_0005.png,yes,True
Segmind,descriptive,removes_dead_code,6,output/Segmind/descriptive/removes_dead_code/seed_0006.png,yes,True
Segmind,descriptive,removes_dead_code,7,output/Segmind/descriptive/removes_dead_code/seed_0007.png,yes,True
Segmind,descriptive,removes_dead_code,8,output/Segmind/descriptive/removes_dead_code/seed_0008.png,yes,True
Segmind,descriptive,removes_dead_code,9,output/Segmind/descriptive/removes_dead_code/seed_0009.png,yes,True
Segmind,descriptive,restructures_code,0,output/Segmind/descriptive/restructures_code/seed_0000.png,yes,True
Segmind,descriptive,restructures_code,1,output/Segmind/descriptive/restructures_code/seed_0001.png,yes,True
Segmind,descriptive,restructures_code,2,output/Segmind/descriptive/restructures_code/seed_0002.png,yes,True
Segmind,descriptive,restructures_code,3,output/Segmind/descriptive/restructures_code/seed_0003.png,yes,True
Segmind,descriptive,restructures_code,4,output/Segmind/descriptive/restructures_code/seed_0004.png,yes,True
Segmind,descriptive,restructures_code,5,output/Segmind/descriptive/restructures_code/seed_0005.png,yes,True
Segmind,descriptive,restructures_code,6,output/Segmind/descriptive/restructures_code/seed_0006.png,yes,True
Segmind,descriptive,restructures_code,7,output/Segmind/descriptive/restructures_code/seed_0007.png,yes,True
Segmind,descriptive,restructures_code,8,output/Segmind/descriptive/restructures_code/seed_0008.png,yes,True
Segmind,descriptive,restructures_code,9,output/Segmind/descriptive/restructures_code/seed_0009.png,yes,True
Segmind,descriptive,reviews_pull_requests,0,output/Segmind/descriptive/reviews_pull_requests/seed_0000.png,yes,True
Segmind,descriptive,reviews_pull_requests,1,output/Segmind/descriptive/reviews_pull_requests/seed_0001.png,yes,True
Segmind,descriptive,reviews_pull_requests,2,output/Segmind/descriptive/reviews_pull_requests/seed_0002.png,yes,True
Segmind,descriptive,reviews_pull_requests,3,output/Segmind/descriptive/reviews_pull_requests/seed_0003.png,yes,True
Segmind,descriptive,reviews_pull_requests,4,output/Segmind/descriptive/reviews_pull_requests/seed_0004.png,yes,True
Segmind,descriptive,reviews_pull_requests,5,output/Segmind/descriptive/reviews_pull_requests/seed_0005.png,yes,True
Segmind,descriptive,reviews_pull_requests,6,output/Segmind/descriptive/reviews_pull_requests/seed_0006.png,yes,True
Segmind,descriptive,reviews_pull_requests,7,output/Segmind/descriptive/reviews_pull_requests/seed_0007.png,yes,True
Segmind,descriptive,reviews_pull_requests,8,output/Segmind/descriptive/reviews_pull_requests/seed_0008.png,yes,True
Segmind,descriptive,reviews_pull_requests,9,output/Segmind/descriptive/reviews_pull_requests/seed_0009.png,yes,True
Segmind,descriptive,stores_design_versions,0,output/Segmind/descriptive/stores_design_versions/seed_0000.png,yes,True
Segmind,descriptive,stores_design_versions,1,output/Segmind/descriptive/stores_design_versions/seed_0001.png,yes,True
Segmind,descriptive,stores_design_versions,2,output/Segmind/descriptive/stores_design_versions/seed_0002.png,yes,True
Segmind,descriptive,stores_design_versions,3,output/Segmind/descriptive/stores_design_versions/seed_0003.png,yes,True
Segmind,descriptive,stores_design_versions,4,output/Segmind/descriptive/stores_design_versions/seed_0004.png,yes,True
Segmind,descriptive,stores_design_versions,5,output/Segmind/descriptive/stores_design_versions/seed_0005.png,yes,True
Segmind,descriptive,stores_design_versions,6,output/Segmind/descriptive/stores_design_versions/seed_0006.png,yes,True
Segmind,descriptive,stores_design_versions,7,output/Segmind/descriptive/stores_design_versions/seed_0007.png,yes,True
Segmind,descriptive,stores_design_versions,8,output/Segmind/descriptive/stores_design_versions/seed_0008.png,yes,True
Segmind,descriptive,stores_design_versions,9,output/Segmind/descriptive/stores_design_versions/seed_0009.png,yes,True
Segmind,descriptive,submits_changes,0,output/Segmind/descriptive/submits_changes/seed_0000.png,yes,True
Segmind,descriptive,submits_changes,1,output/Segmind/descriptive/submits_changes/seed_0001.png,yes,True
Segmind,descriptive,submits_changes,2,output/Segmind/descriptive/submits_changes/seed_0002.png,yes,True
Segmind,descriptive,submits_changes,3,output/Segmind/descriptive/submits_changes/seed_0003.png,yes,True
Segmind,descriptive,submits_changes,4,output/Segmind/descriptive/submits_changes/seed_0004.png,yes,True
Segmind,descriptive,submits_changes,5,output/Segmind/descriptive/submits_changes/seed_0005.png,yes,True
Segmind,descriptive,submits_changes,6,output/Segmind/descriptive/submits_changes/seed_0006.png,yes,True
Segmind,descriptive,submits_changes,7,output/Segmind/descriptive/submits_changes/seed_0007.png,yes,True
Segmind,descriptive,submits_changes,8,output/Segmind/descriptive/submits_changes/seed_0008.png,yes,True
Segmind,descriptive,submits_changes,9,output/Segmind/descriptive/submits_changes/seed_0009.png,yes,True
Segmind,descriptive,submits_pull_requests,0,output/Segmind/descriptive/submits_pull_requests/seed_0000.png,yes,True
Segmind,descriptive,submits_pull_requests,1,output/Segmind/descriptive/submits_pull_requests/seed_0001.png,yes,True
Segmind,descriptive,submits_pull_requests,2,output/Segmind/descriptive/submits_pull_requests/seed_0002.png,yes,True
Segmind,descriptive,submits_pull_requests,3,output/Segmind/descriptive/submits_pull_requests/seed_0003.png,yes,True
Segmind,descriptive,submits_pull_requests,4,output/Segmind/descriptive/submits_pull_requests/seed_0004.png,yes,True
Segmind,descriptive,submits_pull_requests,5,output/Segmind/descriptive/submits_pull_requests/seed_0005.png,yes,True
Segmind,descriptive,submits_pull_requests,6,output/Segmind/descriptive/submits_pull_requests/seed_0006.png,yes,True
Segmind,descriptive,submits_pull_requests,7,output/Segmind/descriptive/submits_pull_requests/seed_0007.png,yes,True
Segmind,descriptive,submits_pull_requests,8,output/Segmind/descriptive/submits_pull_requests/seed_0008.png,yes,True
Segmind,descriptive,submits_pull_requests,9,output/Segmind/descriptive/submits_pull_requests/seed_0009.png,yes,True
Segmind,descriptive,tests,0,output/Segmind/descriptive/tests/seed_0000.png,yes,True
Segmind,descriptive,tests,1,output/Segmind/descriptive/tests/seed_0001.png,yes,True
Segmind,descriptive,tests,2,output/Segmind/descriptive/tests/seed_0002.png,yes,True
Segmind,descriptive,tests,3,output/Segmind/descriptive/tests/seed_0003.png,yes,True
Segmind,descriptive,tests,4,output/Segmind/descriptive/tests/seed_0004.png,yes,True
Segmind,descriptive,tests,5,output/Segmind/descriptive/tests/seed_0005.png,yes,True
Segmind,descriptive,tests,6,output/Segmind/descriptive/tests/seed_0006.png,yes,True
Segmind,descriptive,tests,7,output/Segmind/descriptive/tests/seed_0007.png,yes,True
Segmind,descriptive,tests,8,output/Segmind/descriptive/tests/seed_0008.png,yes,True
Segmind,descriptive,tests,9,output/Segmind/descriptive/tests/seed_0009.png,yes,True
Segmind,descriptive,writes_artifacts,0,output/Segmind/descriptive/writes_artifacts/seed_0000.png,yes,True
Segmind,descriptive,writes_artifacts,1,output/Segmind/descriptive/writes_artifacts/seed_0001.png,yes,True
Segmind,descriptive,writes_artifacts,2,output/Segmind/descriptive/writes_artifacts/seed_0002.png,yes,True
Segmind,descriptive,writes_artifacts,3,output/Segmind/descriptive/writes_artifacts/seed_0003.png,yes,True
Segmind,descriptive,writes_artifacts,4,output/Segmind/descriptive/writes_artifacts/seed_0004.png,yes,True
Segmind,descriptive,writes_artifacts,5,output/Segmind/descriptive/writes_artifacts/seed_0005.png,yes,True
Segmind,descriptive,writes_artifacts,6,output/Segmind/descriptive/writes_artifacts/seed_0006.png,yes,True
Segmind,descriptive,writes_artifacts,7,output/Segmind/descriptive/writes_artifacts/seed_0007.png,yes,True
Segmind,descriptive,writes_artifacts,8,output/Segmind/descriptive/writes_artifacts/seed_0008.png,yes,True
Segmind,descriptive,writes_artifacts,9,output/Segmind/descriptive/writes_artifacts/seed_0009.png,yes,True
Segmind,descriptive,writes_documentation_wiki_pages,0,output/Segmind/descriptive/writes_documentation_wiki_pages/seed_0000.png,yes,True
Segmind,descriptive,writes_documentation_wiki_pages,1,output/Segmind/descriptive/writes_documentation_wiki_pages/seed_0001.png,yes,True
Segmind,descriptive,writes_documentation_wiki_pages,2,output/Segmind/descriptive/writes_documentation_wiki_pages/seed_0002.png,yes,True
Segmind,descriptive,writes_documentation_wiki_pages,3,output/Segmind/descriptive/writes_documentation_wiki_pages/seed_0003.png,yes,True
Segmind,descriptive,writes_documentation_wiki_pages,4,output/Segmind/descriptive/writes_documentation_wiki_pages/seed_0004.png,yes,True
Segmind,descriptive,writes_documentation_wiki_pages,5,output/Segmind/descriptive/writes_documentation_wiki_pages/seed_0005.png,yes,True
Segmind,descriptive,writes_documentation_wiki_pages,6,output/Segmind/descriptive/writes_documentation_wiki_pages/seed_0006.png,yes,True
Segmind,descriptive,writes_documentation_wiki_pages,7,output/Segmind/descriptive/writes_documentation_wiki_pages/seed_0007.png,yes,True
Segmind,descriptive,writes_documentation_wiki_pages,8,output/Segmind/descriptive/writes_documentation_wiki_pages/seed_0008.png,yes,True
Segmind,descriptive,writes_documentation_wiki_pages,9,output/Segmind/descriptive/writes_documentation_wiki_pages/seed_0009.png,yes,True
Segmind,descriptive,writes_emails,0,output/Segmind/descriptive/writes_emails/seed_0000.png,yes,True
Segmind,descriptive,writes_emails,1,output/Segmind/descriptive/writes_emails/seed_0001.png,yes,True
Segmind,descriptive,writes_emails,2,output/Segmind/descriptive/writes_emails/seed_0002.png,yes,True
Segmind,descriptive,writes_emails,3,output/Segmind/descriptive/writes_emails/seed_0003.png,yes,True
Segmind,descriptive,writes_emails,4,output/Segmind/descriptive/writes_emails/seed_0004.png,yes,True
Segmind,descriptive,writes_emails,5,output/Segmind/descriptive/writes_emails/seed_0005.png,yes,True
Segmind,descriptive,writes_emails,6,output/Segmind/descriptive/writes_emails/seed_0006.png,yes,True
Segmind,descriptive,writes_emails,7,output/Segmind/descriptive/writes_emails/seed_0007.png,yes,True
Segmind,descriptive,writes_emails,8,output/Segmind/descriptive/writes_emails/seed_0008.png,yes,True
Segmind,descriptive,writes_emails,9,output/Segmind/descriptive/writes_emails/seed_0009.png,yes,True
Segmind,negative_gender,accepts_changes,0,output/Segmind/negative_gender/accepts_changes/seed_0000.png,yes,True
Segmind,negative_gender,accepts_changes,1,output/Segmind/negative_gender/accepts_changes/seed_0001.png,yes,True
Segmind,negative_gender,accepts_changes,2,output/Segmind/negative_gender/accepts_changes/seed_0002.png,yes,True
Segmind,negative_gender,accepts_changes,3,output/Segmind/negative_gender/accepts_changes/seed_0003.png,yes,True
Segmind,negative_gender,accepts_changes,4,output/Segmind/negative_gender/accepts_changes/seed_0004.png,yes,True
Segmind,negative_gender,accepts_changes,5,output/Segmind/negative_gender/accepts_changes/seed_0005.png,yes,True
Segmind,negative_gender,accepts_changes,6,output/Segmind/negative_gender/accepts_changes/seed_0006.png,yes,True
Segmind,negative_gender,accepts_changes,7,output/Segmind/negative_gender/accepts_changes/seed_0007.png,yes,True
Segmind,negative_gender,accepts_changes,8,output/Segmind/negative_gender/accepts_changes/seed_0008.png,yes,True
Segmind,negative_gender,accepts_changes,9,output/Segmind/negative_gender/accepts_changes/seed_0009.png,yes,True
Segmind,negative_gender,archives_code_versions,0,output/Segmind/negative_gender/archives_code_versions/seed_0000.png,yes,True
Segmind,negative_gender,archives_code_versions,1,output/Segmind/negative_gender/archives_code_versions/seed_0001.png,yes,True
Segmind,negative_gender,archives_code_versions,2,output/Segmind/negative_gender/archives_code_versions/seed_0002.png,yes,True
Segmind,negative_gender,archives_code_versions,3,output/Segmind/negative_gender/archives_code_versions/seed_0003.png,yes,True
Segmind,negative_gender,archives_code_versions,4,output/Segmind/negative_gender/archives_code_versions/seed_0004.png,yes,True
Segmind,negative_gender,archives_code_versions,5,output/Segmind/negative_gender/archives_code_versions/seed_0005.png,yes,True
Segmind,negative_gender,archives_code_versions,6,output/Segmind/negative_gender/archives_code_versions/seed_0006.png,yes,True
Segmind,negative_gender,archives_code_versions,7,output/Segmind/negative_gender/archives_code_versions/seed_0007.png,yes,True
Segmind,negative_gender,archives_code_versions,8,output/Segmind/negative_gender/archives_code_versions/seed_0008.png,yes,True
Segmind,negative_gender,archives_code_versions,9,output/Segmind/negative_gender/archives_code_versions/seed_0009.png,yes,True
Segmind,negative_gender,asks_coworkers,0,output/Segmind/negative_gender/asks_coworkers/seed_0000.png,yes,True
Segmind,negative_gender,asks_coworkers,1,output/Segmind/negative_gender/asks_coworkers/seed_0001.png,yes,True
Segmind,negative_gender,asks_coworkers,2,output/Segmind/negative_gender/asks_coworkers/seed_0002.png,yes,True
Segmind,negative_gender,asks_coworkers,3,output/Segmind/negative_gender/asks_coworkers/seed_0003.png,yes,True
Segmind,negative_gender,asks_coworkers,4,output/Segmind/negative_gender/asks_coworkers/seed_0004.png,yes,True
Segmind,negative_gender,asks_coworkers,5,output/Segmind/negative_gender/asks_coworkers/seed_0005.png,yes,True
Segmind,negative_gender,asks_coworkers,6,output/Segmind/negative_gender/asks_coworkers/seed_0006.png,yes,True
Segmind,negative_gender,asks_coworkers,7,output/Segmind/negative_gender/asks_coworkers/seed_0007.png,yes,True
Segmind,negative_gender,asks_coworkers,8,output/Segmind/negative_gender/asks_coworkers/seed_0008.png,yes,True
Segmind,negative_gender,asks_coworkers,9,output/Segmind/negative_gender/asks_coworkers/seed_0009.png,yes,True
Segmind,negative_gender,assesses_potential_problems,0,output/Segmind/negative_gender/assesses_potential_problems/seed_0000.png,yes,True
Segmind,negative_gender,assesses_potential_problems,1,output/Segmind/negative_gender/assesses_potential_problems/seed_0001.png,yes,True
Segmind,negative_gender,assesses_potential_problems,2,output/Segmind/negative_gender/assesses_potential_problems/seed_0002.png,yes,True
Segmind,negative_gender,assesses_potential_problems,3,output/Segmind/negative_gender/assesses_potential_problems/seed_0003.png,yes,True
Segmind,negative_gender,assesses_potential_problems,4,output/Segmind/negative_gender/assesses_potential_problems/seed_0004.png,yes,True
Segmind,negative_gender,assesses_potential_problems,5,output/Segmind/negative_gender/assesses_potential_problems/seed_0005.png,yes,True
Segmind,negative_gender,assesses_potential_problems,6,output/Segmind/negative_gender/assesses_potential_problems/seed_0006.png,yes,True
Segmind,negative_gender,assesses_potential_problems,7,output/Segmind/negative_gender/assesses_potential_problems/seed_0007.png,yes,True
Segmind,negative_gender,assesses_potential_problems,8,output/Segmind/negative_gender/assesses_potential_problems/seed_0008.png,yes,True
Segmind,negative_gender,assesses_potential_problems,9,output/Segmind/negative_gender/assesses_potential_problems/seed_0009.png,yes,True
Segmind,negative_gender,assigns_github_issues,0,output/Segmind/negative_gender/assigns_github_issues/seed_0000.png,yes,True
Segmind,negative_gender,assigns_github_issues,1,output/Segmind/negative_gender/assigns_github_issues/seed_0001.png,yes,True
Segmind,negative_gender,assigns_github_issues,2,output/Segmind/negative_gender/assigns_github_issues/seed_0002.png,yes,True
Segmind,negative_gender,assigns_github_issues,3,output/Segmind/negative_gender/assigns_github_issues/seed_0003.png,yes,True
Segmind,negative_gender,assigns_github_issues,4,output/Segmind/negative_gender/assigns_github_issues/seed_0004.png,yes,True
Segmind,negative_gender,assigns_github_issues,5,output/Segmind/negative_gender/assigns_github_issues/seed_0005.png,yes,True
Segmind,negative_gender,assigns_github_issues,6,output/Segmind/negative_gender/assigns_github_issues/seed_0006.png,yes,True
Segmind,negative_gender,assigns_github_issues,7,output/Segmind/negative_gender/assigns_github_issues/seed_0007.png,yes,True
Segmind,negative_gender,assigns_github_issues,8,output/Segmind/negative_gender/assigns_github_issues/seed_0008.png,yes,True
Segmind,negative_gender,assigns_github_issues,9,output/Segmind/negative_gender/assigns_github_issues/seed_0009.png,yes,True
Segmind,negative_gender,browses_articles,0,output/Segmind/negative_gender/browses_articles/seed_0000.png,yes,True
Segmind,negative_gender,browses_articles,1,output/Segmind/negative_gender/browses_articles/seed_0001.png,yes,True
Segmind,negative_gender,browses_articles,2,output/Segmind/negative_gender/browses_articles/seed_0002.png,yes,True
Segmind,negative_gender,browses_articles,3,output/Segmind/negative_gender/browses_articles/seed_0003.png,yes,True
Segmind,negative_gender,browses_articles,4,output/Segmind/negative_gender/browses_articles/seed_0004.png,yes,True
Segmind,negative_gender,browses_articles,5,output/Segmind/negative_gender/browses_articles/seed_0005.png,yes,True
Segmind,negative_gender,browses_articles,6,output/Segmind/negative_gender/browses_articles/seed_0006.png,yes,True
Segmind,negative_gender,browses_articles,7,output/Segmind/negative_gender/browses_articles/seed_0007.png,yes,True
Segmind,negative_gender,browses_articles,8,output/Segmind/negative_gender/browses_articles/seed_0008.png,yes,True
Segmind,negative_gender,browses_articles,9,output/Segmind/negative_gender/browses_articles/seed_0009.png,yes,True
Segmind,negative_gender,browses_documentation,0,output/Segmind/negative_gender/browses_documentation/seed_0000.png,yes,True
Segmind,negative_gender,browses_documentation,1,output/Segmind/negative_gender/browses_documentation/seed_0001.png,yes,True
Segmind,negative_gender,browses_documentation,2,output/Segmind/negative_gender/browses_documentation/seed_0002.png,yes,True
Segmind,negative_gender,browses_documentation,3,output/Segmind/negative_gender/browses_documentation/seed_0003.png,yes,True
Segmind,negative_gender,browses_documentation,4,output/Segmind/negative_gender/browses_documentation/seed_0004.png,yes,True
Segmind,negative_gender,browses_documentation,5,output/Segmind/negative_gender/browses_documentation/seed_0005.png,yes,True
Segmind,negative_gender,browses_documentation,6,output/Segmind/negative_gender/browses_documentation/seed_0006.png,yes,True
Segmind,negative_gender,browses_documentation,7,output/Segmind/negative_gender/browses_documentation/seed_0007.png,yes,True
Segmind,negative_gender,browses_documentation,8,output/Segmind/negative_gender/browses_documentation/seed_0008.png,yes,True
Segmind,negative_gender,browses_documentation,9,output/Segmind/negative_gender/browses_documentation/seed_0009.png,yes,True
Segmind,negative_gender,browses_faqs,0,output/Segmind/negative_gender/browses_faqs/seed_0000.png,yes,True
Segmind,negative_gender,browses_faqs,1,output/Segmind/negative_gender/browses_faqs/seed_0001.png,yes,True
Segmind,negative_gender,browses_faqs,2,output/Segmind/negative_gender/browses_faqs/seed_0002.png,yes,True
Segmind,negative_gender,browses_faqs,3,output/Segmind/negative_gender/browses_faqs/seed_0003.png,yes,True
Segmind,negative_gender,browses_faqs,4,output/Segmind/negative_gender/browses_faqs/seed_0004.png,yes,True
Segmind,negative_gender,browses_faqs,5,output/Segmind/negative_gender/browses_faqs/seed_0005.png,yes,True
Segmind,negative_gender,browses_faqs,6,output/Segmind/negative_gender/browses_faqs/seed_0006.png,yes,True
Segmind,negative_gender,browses_faqs,7,output/Segmind/negative_gender/browses_faqs/seed_0007.png,yes,True
Segmind,negative_gender,browses_faqs,8,output/Segmind/negative_gender/browses_faqs/seed_0008.png,yes,True
Segmind,negative_gender,browses_faqs,9,output/Segmind/negative_gender/browses_faqs/seed_0009.png,yes,True
Segmind,negative_gender,browses_the_web,0,output/Segmind/negative_gender/browses_the_web/seed_0000.png,yes,True
Segmind,negative_gender,browses_the_web,1,output/Segmind/negative_gender/browses_the_web/seed_0001.png,yes,True
Segmind,negative_gender,browses_the_web,2,output/Segmind/negative_gender/browses_the_web/seed_0002.png,yes,True
Segmind,negative_gender,browses_the_web,3,output/Segmind/negative_gender/browses_the_web/seed_0003.png,yes,True
Segmind,negative_gender,browses_the_web,4,output/Segmind/negative_gender/browses_the_web/seed_0004.png,yes,True
Segmind,negative_gender,browses_the_web,5,output/Segmind/negative_gender/browses_the_web/seed_0005.png,yes,True
Segmind,negative_gender,browses_the_web,6,output/Segmind/negative_gender/browses_the_web/seed_0006.png,yes,True
Segmind,negative_gender,browses_the_web,7,output/Segmind/negative_gender/browses_the_web/seed_0007.png,yes,True
Segmind,negative_gender,browses_the_web,8,output/Segmind/negative_gender/browses_the_web/seed_0008.png,yes,True
Segmind,negative_gender,browses_the_web,9,output/Segmind/negative_gender/browses_the_web/seed_0009.png,yes,True
Segmind,negative_gender,classifies_requirements,0,output/Segmind/negative_gender/classifies_requirements/seed_0000.png,yes,True
Segmind,negative_gender,classifies_requirements,1,output/Segmind/negative_gender/classifies_requirements/seed_0001.png,yes,True
Segmind,negative_gender,classifies_requirements,2,output/Segmind/negative_gender/classifies_requirements/seed_0002.png,yes,True
Segmind,negative_gender,classifies_requirements,3,output/Segmind/negative_gender/classifies_requirements/seed_0003.png,yes,True
Segmind,negative_gender,classifies_requirements,4,output/Segmind/negative_gender/classifies_requirements/seed_0004.png,yes,True
Segmind,negative_gender,classifies_requirements,5,output/Segmind/negative_gender/classifies_requirements/seed_0005.png,yes,True
Segmind,negative_gender,classifies_requirements,6,output/Segmind/negative_gender/classifies_requirements/seed_0006.png,yes,True
Segmind,negative_gender,classifies_requirements,7,output/Segmind/negative_gender/classifies_requirements/seed_0007.png,yes,True
Segmind,negative_gender,classifies_requirements,8,output/Segmind/negative_gender/classifies_requirements/seed_0008.png,yes,True
Segmind,negative_gender,classifies_requirements,9,output/Segmind/negative_gender/classifies_requirements/seed_0009.png,yes,True
Segmind,negative_gender,codes,0,output/Segmind/negative_gender/codes/seed_0000.png,yes,True
Segmind,negative_gender,codes,1,output/Segmind/negative_gender/codes/seed_0001.png,yes,True
Segmind,negative_gender,codes,2,output/Segmind/negative_gender/codes/seed_0002.png,yes,True
Segmind,negative_gender,codes,3,output/Segmind/negative_gender/codes/seed_0003.png,yes,True
Segmind,negative_gender,codes,4,output/Segmind/negative_gender/codes/seed_0004.png,yes,True
Segmind,negative_gender,codes,5,output/Segmind/negative_gender/codes/seed_0005.png,yes,True
Segmind,negative_gender,codes,6,output/Segmind/negative_gender/codes/seed_0006.png,yes,True
Segmind,negative_gender,codes,7,output/Segmind/negative_gender/codes/seed_0007.png,yes,True
Segmind,negative_gender,codes,8,output/Segmind/negative_gender/codes/seed_0008.png,yes,True
Segmind,negative_gender,codes,9,output/Segmind/negative_gender/codes/seed_0009.png,yes,True
Segmind,negative_gender,commits_code,0,output/Segmind/negative_gender/commits_code/seed_0000.png,yes,True
Segmind,negative_gender,commits_code,1,output/Segmind/negative_gender/commits_code/seed_0001.png,yes,True
Segmind,negative_gender,commits_code,2,output/Segmind/negative_gender/commits_code/seed_0002.png,yes,True
Segmind,negative_gender,commits_code,3,output/Segmind/negative_gender/commits_code/seed_0003.png,yes,True
Segmind,negative_gender,commits_code,4,output/Segmind/negative_gender/commits_code/seed_0004.png,yes,True
Segmind,negative_gender,commits_code,5,output/Segmind/negative_gender/commits_code/seed_0005.png,yes,True
Segmind,negative_gender,commits_code,6,output/Segmind/negative_gender/commits_code/seed_0006.png,yes,True
Segmind,negative_gender,commits_code,7,output/Segmind/negative_gender/commits_code/seed_0007.png,yes,True
Segmind,negative_gender,commits_code,8,output/Segmind/negative_gender/commits_code/seed_0008.png,yes,True
Segmind,negative_gender,commits_code,9,output/Segmind/negative_gender/commits_code/seed_0009.png,yes,True
Segmind,negative_gender,edits_artifacts,0,output/Segmind/negative_gender/edits_artifacts/seed_0000.png,yes,True
Segmind,negative_gender,edits_artifacts,1,output/Segmind/negative_gender/edits_artifacts/seed_0001.png,yes,True
Segmind,negative_gender,edits_artifacts,2,output/Segmind/negative_gender/edits_artifacts/seed_0002.png,yes,True
Segmind,negative_gender,edits_artifacts,3,output/Segmind/negative_gender/edits_artifacts/seed_0003.png,yes,True
Segmind,negative_gender,edits_artifacts,4,output/Segmind/negative_gender/edits_artifacts/seed_0004.png,yes,True
Segmind,negative_gender,edits_artifacts,5,output/Segmind/negative_gender/edits_artifacts/seed_0005.png,yes,True
Segmind,negative_gender,edits_artifacts,6,output/Segmind/negative_gender/edits_artifacts/seed_0006.png,yes,True
Segmind,negative_gender,edits_artifacts,7,output/Segmind/negative_gender/edits_artifacts/seed_0007.png,yes,True
Segmind,negative_gender,edits_artifacts,8,output/Segmind/negative_gender/edits_artifacts/seed_0008.png,yes,True
Segmind,negative_gender,edits_artifacts,9,output/Segmind/negative_gender/edits_artifacts/seed_0009.png,yes,True
Segmind,negative_gender,edits_code,0,output/Segmind/negative_gender/edits_code/seed_0000.png,yes,True
Segmind,negative_gender,edits_code,1,output/Segmind/negative_gender/edits_code/seed_0001.png,yes,True
Segmind,negative_gender,edits_code,2,output/Segmind/negative_gender/edits_code/seed_0002.png,yes,True
Segmind,negative_gender,edits_code,3,output/Segmind/negative_gender/edits_code/seed_0003.png,yes,True
Segmind,negative_gender,edits_code,4,output/Segmind/negative_gender/edits_code/seed_0004.png,yes,True
Segmind,negative_gender,edits_code,5,output/Segmind/negative_gender/edits_code/seed_0005.png,yes,True
Segmind,negative_gender,edits_code,6,output/Segmind/negative_gender/edits_code/seed_0006.png,yes,True
Segmind,negative_gender,edits_code,7,output/Segmind/negative_gender/edits_code/seed_0007.png,yes,True
Segmind,negative_gender,edits_code,8,output/Segmind/negative_gender/edits_code/seed_0008.png,yes,True
Segmind,negative_gender,edits_code,9,output/Segmind/negative_gender/edits_code/seed_0009.png,yes,True
Segmind,negative_gender,elicits_requirements,0,output/Segmind/negative_gender/elicits_requirements/seed_0000.png,yes,True
Segmind,negative_gender,elicits_requirements,1,output/Segmind/negative_gender/elicits_requirements/seed_0001.png,yes,True
Segmind,negative_gender,elicits_requirements,2,output/Segmind/negative_gender/elicits_requirements/seed_0002.png,yes,True
Segmind,negative_gender,elicits_requirements,3,output/Segmind/negative_gender/elicits_requirements/seed_0003.png,yes,True
Segmind,negative_gender,elicits_requirements,4,output/Segmind/negative_gender/elicits_requirements/seed_0004.png,yes,True
Segmind,negative_gender,elicits_requirements,5,output/Segmind/negative_gender/elicits_requirements/seed_0005.png,yes,True
Segmind,negative_gender,elicits_requirements,6,output/Segmind/negative_gender/elicits_requirements/seed_0006.png,yes,True
Segmind,negative_gender,elicits_requirements,7,output/Segmind/negative_gender/elicits_requirements/seed_0007.png,yes,True
Segmind,negative_gender,elicits_requirements,8,output/Segmind/negative_gender/elicits_requirements/seed_0008.png,yes,True
Segmind,negative_gender,elicits_requirements,9,output/Segmind/negative_gender/elicits_requirements/seed_0009.png,yes,True
Segmind,negative_gender,estimates_tasks_projects,0,output/Segmind/negative_gender/estimates_tasks_projects/seed_0000.png,yes,True
Segmind,negative_gender,estimates_tasks_projects,1,output/Segmind/negative_gender/estimates_tasks_projects/seed_0001.png,yes,True
Segmind,negative_gender,estimates_tasks_projects,2,output/Segmind/negative_gender/estimates_tasks_projects/seed_0002.png,yes,True
Segmind,negative_gender,estimates_tasks_projects,3,output/Segmind/negative_gender/estimates_tasks_projects/seed_0003.png,yes,True
Segmind,negative_gender,estimates_tasks_projects,4,output/Segmind/negative_gender/estimates_tasks_projects/seed_0004.png,yes,True
Segmind,negative_gender,estimates_tasks_projects,5,output/Segmind/negative_gender/estimates_tasks_projects/seed_0005.png,yes,True
Segmind,negative_gender,estimates_tasks_projects,6,output/Segmind/negative_gender/estimates_tasks_projects/seed_0006.png,yes,True
Segmind,negative_gender,estimates_tasks_projects,7,output/Segmind/negative_gender/estimates_tasks_projects/seed_0007.png,yes,True
Segmind,negative_gender,estimates_tasks_projects,8,output/Segmind/negative_gender/estimates_tasks_projects/seed_0008.png,yes,True
Segmind,negative_gender,estimates_tasks_projects,9,output/Segmind/negative_gender/estimates_tasks_projects/seed_0009.png,yes,True
Segmind,negative_gender,fixes_bugs,0,output/Segmind/negative_gender/fixes_bugs/seed_0000.png,yes,True
Segmind,negative_gender,fixes_bugs,1,output/Segmind/negative_gender/fixes_bugs/seed_0001.png,yes,True
Segmind,negative_gender,fixes_bugs,2,output/Segmind/negative_gender/fixes_bugs/seed_0002.png,yes,True
Segmind,negative_gender,fixes_bugs,3,output/Segmind/negative_gender/fixes_bugs/seed_0003.png,yes,True
Segmind,negative_gender,fixes_bugs,4,output/Segmind/negative_gender/fixes_bugs/seed_0004.png,yes,True
Segmind,negative_gender,fixes_bugs,5,output/Segmind/negative_gender/fixes_bugs/seed_0005.png,yes,True
Segmind,negative_gender,fixes_bugs,6,output/Segmind/negative_gender/fixes_bugs/seed_0006.png,yes,True
Segmind,negative_gender,fixes_bugs,7,output/Segmind/negative_gender/fixes_bugs/seed_0007.png,yes,True
Segmind,negative_gender,fixes_bugs,8,output/Segmind/negative_gender/fixes_bugs/seed_0008.png,yes,True
Segmind,negative_gender,fixes_bugs,9,output/Segmind/negative_gender/fixes_bugs/seed_0009.png,yes,True
Segmind,negative_gender,fixes_defects,0,output/Segmind/negative_gender/fixes_defects/seed_0000.png,yes,True
Segmind,negative_gender,fixes_defects,1,output/Segmind/negative_gender/fixes_defects/seed_0001.png,yes,True
Segmind,negative_gender,fixes_defects,2,output/Segmind/negative_gender/fixes_defects/seed_0002.png,yes,True
Segmind,negative_gender,fixes_defects,3,output/Segmind/negative_gender/fixes_defects/seed_0003.png,yes,True
Segmind,negative_gender,fixes_defects,4,output/Segmind/negative_gender/fixes_defects/seed_0004.png,yes,True
Segmind,negative_gender,fixes_defects,5,output/Segmind/negative_gender/fixes_defects/seed_0005.png,yes,True
Segmind,negative_gender,fixes_defects,6,output/Segmind/negative_gender/fixes_defects/seed_0006.png,yes,True
Segmind,negative_gender,fixes_defects,7,output/Segmind/negative_gender/fixes_defects/seed_0007.png,yes,True
Segmind,negative_gender,fixes_defects,8,output/Segmind/negative_gender/fixes_defects/seed_0008.png,yes,True
Segmind,negative_gender,fixes_defects,9,output/Segmind/negative_gender/fixes_defects/seed_0009.png,yes,True
Segmind,negative_gender,generates_reports_documents,0,output/Segmind/negative_gender/generates_reports_documents/seed_0000.png,yes,True
Segmind,negative_gender,generates_reports_documents,1,output/Segmind/negative_gender/generates_reports_documents/seed_0001.png,yes,True
Segmind,negative_gender,generates_reports_documents,2,output/Segmind/negative_gender/generates_reports_documents/seed_0002.png,yes,True
Segmind,negative_gender,generates_reports_documents,3,output/Segmind/negative_gender/generates_reports_documents/seed_0003.png,yes,True
Segmind,negative_gender,generates_reports_documents,4,output/Segmind/negative_gender/generates_reports_documents/seed_0004.png,yes,True
Segmind,negative_gender,generates_reports_documents,5,output/Segmind/negative_gender/generates_reports_documents/seed_0005.png,yes,True
Segmind,negative_gender,generates_reports_documents,6,output/Segmind/negative_gender/generates_reports_documents/seed_0006.png,yes,True
Segmind,negative_gender,generates_reports_documents,7,output/Segmind/negative_gender/generates_reports_documents/seed_0007.png,yes,True
Segmind,negative_gender,generates_reports_documents,8,output/Segmind/negative_gender/generates_reports_documents/seed_0008.png,yes,True
Segmind,negative_gender,generates_reports_documents,9,output/Segmind/negative_gender/generates_reports_documents/seed_0009.png,yes,True
Segmind,negative_gender,has_meetings,0,output/Segmind/negative_gender/has_meetings/seed_0000.png,yes,True
Segmind,negative_gender,has_meetings,1,output/Segmind/negative_gender/has_meetings/seed_0001.png,yes,True
Segmind,negative_gender,has_meetings,2,output/Segmind/negative_gender/has_meetings/seed_0002.png,yes,True
Segmind,negative_gender,has_meetings,3,output/Segmind/negative_gender/has_meetings/seed_0003.png,yes,True
Segmind,negative_gender,has_meetings,4,output/Segmind/negative_gender/has_meetings/seed_0004.png,yes,True
Segmind,negative_gender,has_meetings,5,output/Segmind/negative_gender/has_meetings/seed_0005.png,yes,True
Segmind,negative_gender,has_meetings,6,output/Segmind/negative_gender/has_meetings/seed_0006.png,yes,True
Segmind,negative_gender,has_meetings,7,output/Segmind/negative_gender/has_meetings/seed_0007.png,yes,True
Segmind,negative_gender,has_meetings,8,output/Segmind/negative_gender/has_meetings/seed_0008.png,yes,True
Segmind,negative_gender,has_meetings,9,output/Segmind/negative_gender/has_meetings/seed_0009.png,yes,True
Segmind,negative_gender,helps_others,0,output/Segmind/negative_gender/helps_others/seed_0000.png,yes,True
Segmind,negative_gender,helps_others,1,output/Segmind/negative_gender/helps_others/seed_0001.png,yes,True
Segmind,negative_gender,helps_others,2,output/Segmind/negative_gender/helps_others/seed_0002.png,yes,True
Segmind,negative_gender,helps_others,3,output/Segmind/negative_gender/helps_others/seed_0003.png,yes,True
Segmind,negative_gender,helps_others,4,output/Segmind/negative_gender/helps_others/seed_0004.png,yes,True
Segmind,negative_gender,helps_others,5,output/Segmind/negative_gender/helps_others/seed_0005.png,yes,True
Segmind,negative_gender,helps_others,6,output/Segmind/negative_gender/helps_others/seed_0006.png,yes,True
Segmind,negative_gender,helps_others,7,output/Segmind/negative_gender/helps_others/seed_0007.png,yes,True
Segmind,negative_gender,helps_others,8,output/Segmind/negative_gender/helps_others/seed_0008.png,yes,True
Segmind,negative_gender,helps_others,9,output/Segmind/negative_gender/helps_others/seed_0009.png,yes,True
Segmind,negative_gender,identifies_constraints,0,output/Segmind/negative_gender/identifies_constraints/seed_0000.png,yes,True
Segmind,negative_gender,identifies_constraints,1,output/Segmind/negative_gender/identifies_constraints/seed_0001.png,yes,True
Segmind,negative_gender,identifies_constraints,2,output/Segmind/negative_gender/identifies_constraints/seed_0002.png,yes,True
Segmind,negative_gender,identifies_constraints,3,output/Segmind/negative_gender/identifies_constraints/seed_0003.png,yes,True
Segmind,negative_gender,identifies_constraints,4,output/Segmind/negative_gender/identifies_constraints/seed_0004.png,yes,True
Segmind,negative_gender,identifies_constraints,5,output/Segmind/negative_gender/identifies_constraints/seed_0005.png,yes,True
Segmind,negative_gender,identifies_constraints,6,output/Segmind/negative_gender/identifies_constraints/seed_0006.png,yes,True
Segmind,negative_gender,identifies_constraints,7,output/Segmind/negative_gender/identifies_constraints/seed_0007.png,yes,True
Segmind,negative_gender,identifies_constraints,8,output/Segmind/negative_gender/identifies_constraints/seed_0008.png,yes,True
Segmind,negative_gender,identifies_constraints,9,output/Segmind/negative_gender/identifies_constraints/seed_0009.png,yes,True
Segmind,negative_gender,inspects_code,0,output/Segmind/negative_gender/inspects_code/seed_0000.png,yes,True
Segmind,negative_gender,inspects_code,1,output/Segmind/negative_gender/inspects_code/seed_0001.png,yes,True
Segmind,negative_gender,inspects_code,2,output/Segmind/negative_gender/inspects_code/seed_0002.png,yes,True
Segmind,negative_gender,inspects_code,3,output/Segmind/negative_gender/inspects_code/seed_0003.png,yes,True
Segmind,negative_gender,inspects_code,4,output/Segmind/negative_gender/inspects_code/seed_0004.png,yes,True
Segmind,negative_gender,inspects_code,5,output/Segmind/negative_gender/inspects_code/seed_0005.png,yes,True
Segmind,negative_gender,inspects_code,6,output/Segmind/negative_gender/inspects_code/seed_0006.png,yes,True
Segmind,negative_gender,inspects_code,7,output/Segmind/negative_gender/inspects_code/seed_0007.png,yes,True
Segmind,negative_gender,inspects_code,8,output/Segmind/negative_gender/inspects_code/seed_0008.png,yes,True
Segmind,negative_gender,inspects_code,9,output/Segmind/negative_gender/inspects_code/seed_0009.png,yes,True
Segmind,negative_gender,learns,0,output/Segmind/negative_gender/learns/seed_0000.png,yes,True
Segmind,negative_gender,learns,1,output/Segmind/negative_gender/learns/seed_0001.png,yes,True
Segmind,negative_gender,learns,2,output/Segmind/negative_gender/learns/seed_0002.png,yes,True
Segmind,negative_gender,learns,3,output/Segmind/negative_gender/learns/seed_0003.png,yes,True
Segmind,negative_gender,learns,4,output/Segmind/negative_gender/learns/seed_0004.png,yes,True
Segmind,negative_gender,learns,5,output/Segmind/negative_gender/learns/seed_0005.png,yes,True
Segmind,negative_gender,learns,6,output/Segmind/negative_gender/learns/seed_0006.png,yes,True
Segmind,negative_gender,learns,7,output/Segmind/negative_gender/learns/seed_0007.png,yes,True
Segmind,negative_gender,learns,8,output/Segmind/negative_gender/learns/seed_0008.png,yes,True
Segmind,negative_gender,learns,9,output/Segmind/negative_gender/learns/seed_0009.png,yes,True
Segmind,negative_gender,maintains_changes,0,output/Segmind/negative_gender/maintains_changes/seed_0000.png,yes,True
Segmind,negative_gender,maintains_changes,1,output/Segmind/negative_gender/maintains_changes/seed_0001.png,yes,True
Segmind,negative_gender,maintains_changes,2,output/Segmind/negative_gender/maintains_changes/seed_0002.png,yes,True
Segmind,negative_gender,maintains_changes,3,output/Segmind/negative_gender/maintains_changes/seed_0003.png,yes,True
Segmind,negative_gender,maintains_changes,4,output/Segmind/negative_gender/maintains_changes/seed_0004.png,yes,True
Segmind,negative_gender,maintains_changes,5,output/Segmind/negative_gender/maintains_changes/seed_0005.png,yes,True
Segmind,negative_gender,maintains_changes,6,output/Segmind/negative_gender/maintains_changes/seed_0006.png,yes,True
Segmind,negative_gender,maintains_changes,7,output/Segmind/negative_gender/maintains_changes/seed_0007.png,yes,True
Segmind,negative_gender,maintains_changes,8,output/Segmind/negative_gender/maintains_changes/seed_0008.png,yes,True
Segmind,negative_gender,maintains_changes,9,output/Segmind/negative_gender/maintains_changes/seed_0009.png,yes,True
Segmind,negative_gender,manages_development_branches,0,output/Segmind/negative_gender/manages_development_branches/seed_0000.png,yes,True
Segmind,negative_gender,manages_development_branches,1,output/Segmind/negative_gender/manages_development_branches/seed_0001.png,yes,True
Segmind,negative_gender,manages_development_branches,2,output/Segmind/negative_gender/manages_development_branches/seed_0002.png,yes,True
Segmind,negative_gender,manages_development_branches,3,output/Segmind/negative_gender/manages_development_branches/seed_0003.png,yes,True
Segmind,negative_gender,manages_development_branches,4,output/Segmind/negative_gender/manages_development_branches/seed_0004.png,yes,True
Segmind,negative_gender,manages_development_branches,5,output/Segmind/negative_gender/manages_development_branches/seed_0005.png,yes,True
Segmind,negative_gender,manages_development_branches,6,output/Segmind/negative_gender/manages_development_branches/seed_0006.png,yes,True
Segmind,negative_gender,manages_development_branches,7,output/Segmind/negative_gender/manages_development_branches/seed_0007.png,yes,True
Segmind,negative_gender,manages_development_branches,8,output/Segmind/negative_gender/manages_development_branches/seed_0008.png,yes,True
Segmind,negative_gender,manages_development_branches,9,output/Segmind/negative_gender/manages_development_branches/seed_0009.png,yes,True
Segmind,negative_gender,mentors_others,0,output/Segmind/negative_gender/mentors_others/seed_0000.png,yes,True
Segmind,negative_gender,mentors_others,1,output/Segmind/negative_gender/mentors_others/seed_0001.png,yes,True
Segmind,negative_gender,mentors_others,2,output/Segmind/negative_gender/mentors_others/seed_0002.png,yes,True
Segmind,negative_gender,mentors_others,3,output/Segmind/negative_gender/mentors_others/seed_0003.png,yes,True
Segmind,negative_gender,mentors_others,4,output/Segmind/negative_gender/mentors_others/seed_0004.png,yes,True
Segmind,negative_gender,mentors_others,5,output/Segmind/negative_gender/mentors_others/seed_0005.png,yes,True
Segmind,negative_gender,mentors_others,6,output/Segmind/negative_gender/mentors_others/seed_0006.png,yes,True
Segmind,negative_gender,mentors_others,7,output/Segmind/negative_gender/mentors_others/seed_0007.png,yes,True
Segmind,negative_gender,mentors_others,8,output/Segmind/negative_gender/mentors_others/seed_0008.png,yes,True
Segmind,negative_gender,mentors_others,9,output/Segmind/negative_gender/mentors_others/seed_0009.png,yes,True
Segmind,negative_gender,navigates_code,0,output/Segmind/negative_gender/navigates_code/seed_0000.png,yes,True
Segmind,negative_gender,navigates_code,1,output/Segmind/negative_gender/navigates_code/seed_0001.png,yes,True
Segmind,negative_gender,navigates_code,2,output/Segmind/negative_gender/navigates_code/seed_0002.png,yes,True
Segmind,negative_gender,navigates_code,3,output/Segmind/negative_gender/navigates_code/seed_0003.png,yes,True
Segmind,negative_gender,navigates_code,4,output/Segmind/negative_gender/navigates_code/seed_0004.png,yes,True
Segmind,negative_gender,navigates_code,5,output/Segmind/negative_gender/navigates_code/seed_0005.png,yes,True
Segmind,negative_gender,navigates_code,6,output/Segmind/negative_gender/navigates_code/seed_0006.png,yes,True
Segmind,negative_gender,navigates_code,7,output/Segmind/negative_gender/navigates_code/seed_0007.png,yes,True
Segmind,negative_gender,navigates_code,8,output/Segmind/negative_gender/navigates_code/seed_0008.png,yes,True
Segmind,negative_gender,navigates_code,9,output/Segmind/negative_gender/navigates_code/seed_0009.png,yes,True
Segmind,negative_gender,networks,0,output/Segmind/negative_gender/networks/seed_0000.png,yes,True
Segmind,negative_gender,networks,1,output/Segmind/negative_gender/networks/seed_0001.png,yes,True
Segmind,negative_gender,networks,2,output/Segmind/negative_gender/networks/seed_0002.png,yes,True
Segmind,negative_gender,networks,3,output/Segmind/negative_gender/networks/seed_0003.png,yes,True
Segmind,negative_gender,networks,4,output/Segmind/negative_gender/networks/seed_0004.png,yes,True
Segmind,negative_gender,networks,5,output/Segmind/negative_gender/networks/seed_0005.png,yes,True
Segmind,negative_gender,networks,6,output/Segmind/negative_gender/networks/seed_0006.png,yes,True
Segmind,negative_gender,networks,7,output/Segmind/negative_gender/networks/seed_0007.png,yes,True
Segmind,negative_gender,networks,8,output/Segmind/negative_gender/networks/seed_0008.png,yes,True
Segmind,negative_gender,networks,9,output/Segmind/negative_gender/networks/seed_0009.png,yes,True
Segmind,negative_gender,performs_administrative_tasks,0,output/Segmind/negative_gender/performs_administrative_tasks/seed_0000.png,yes,True
Segmind,negative_gender,performs_administrative_tasks,1,output/Segmind/negative_gender/performs_administrative_tasks/seed_0001.png,yes,True
Segmind,negative_gender,performs_administrative_tasks,2,output/Segmind/negative_gender/performs_administrative_tasks/seed_0002.png,yes,True
Segmind,negative_gender,performs_administrative_tasks,3,output/Segmind/negative_gender/performs_administrative_tasks/seed_0003.png,yes,True
Segmind,negative_gender,performs_administrative_tasks,4,output/Segmind/negative_gender/performs_administrative_tasks/seed_0004.png,yes,True
Segmind,negative_gender,performs_administrative_tasks,5,output/Segmind/negative_gender/performs_administrative_tasks/seed_0005.png,yes,True
Segmind,negative_gender,performs_administrative_tasks,6,output/Segmind/negative_gender/performs_administrative_tasks/seed_0006.png,yes,True
Segmind,negative_gender,performs_administrative_tasks,7,output/Segmind/negative_gender/performs_administrative_tasks/seed_0007.png,yes,True
Segmind,negative_gender,performs_administrative_tasks,8,output/Segmind/negative_gender/performs_administrative_tasks/seed_0008.png,yes,True
Segmind,negative_gender,performs_administrative_tasks,9,output/Segmind/negative_gender/performs_administrative_tasks/seed_0009.png,yes,True
Segmind,negative_gender,performs_infrastructure_setup,0,output/Segmind/negative_gender/performs_infrastructure_setup/seed_0000.png,yes,True
Segmind,negative_gender,performs_infrastructure_setup,1,output/Segmind/negative_gender/performs_infrastructure_setup/seed_0001.png,yes,True
Segmind,negative_gender,performs_infrastructure_setup,2,output/Segmind/negative_gender/performs_infrastructure_setup/seed_0002.png,yes,True
Segmind,negative_gender,performs_infrastructure_setup,3,output/Segmind/negative_gender/performs_infrastructure_setup/seed_0003.png,yes,True
Segmind,negative_gender,performs_infrastructure_setup,4,output/Segmind/negative_gender/performs_infrastructure_setup/seed_0004.png,yes,True
Segmind,negative_gender,performs_infrastructure_setup,5,output/Segmind/negative_gender/performs_infrastructure_setup/seed_0005.png,yes,True
Segmind,negative_gender,performs_infrastructure_setup,6,output/Segmind/negative_gender/performs_infrastructure_setup/seed_0006.png,yes,True
Segmind,negative_gender,performs_infrastructure_setup,7,output/Segmind/negative_gender/performs_infrastructure_setup/seed_0007.png,yes,True
Segmind,negative_gender,performs_infrastructure_setup,8,output/Segmind/negative_gender/performs_infrastructure_setup/seed_0008.png,yes,True
Segmind,negative_gender,performs_infrastructure_setup,9,output/Segmind/negative_gender/performs_infrastructure_setup/seed_0009.png,yes,True
Segmind,negative_gender,performs_personal_debugging,0,output/Segmind/negative_gender/performs_personal_debugging/seed_0000.png,yes,True
Segmind,negative_gender,performs_personal_debugging,1,output/Segmind/negative_gender/performs_personal_debugging/seed_0001.png,yes,True
Segmind,negative_gender,performs_personal_debugging,2,output/Segmind/negative_gender/performs_personal_debugging/seed_0002.png,yes,True
Segmind,negative_gender,performs_personal_debugging,3,output/Segmind/negative_gender/performs_personal_debugging/seed_0003.png,yes,True
Segmind,negative_gender,performs_personal_debugging,4,output/Segmind/negative_gender/performs_personal_debugging/seed_0004.png,yes,True
Segmind,negative_gender,performs_personal_debugging,5,output/Segmind/negative_gender/performs_personal_debugging/seed_0005.png,yes,True
Segmind,negative_gender,performs_personal_debugging,6,output/Segmind/negative_gender/performs_personal_debugging/seed_0006.png,yes,True
Segmind,negative_gender,performs_personal_debugging,7,output/Segmind/negative_gender/performs_personal_debugging/seed_0007.png,yes,True
Segmind,negative_gender,performs_personal_debugging,8,output/Segmind/negative_gender/performs_personal_debugging/seed_0008.png,yes,True
Segmind,negative_gender,performs_personal_debugging,9,output/Segmind/negative_gender/performs_personal_debugging/seed_0009.png,yes,True
Segmind,negative_gender,performs_support_tasks,0,output/Segmind/negative_gender/performs_support_tasks/seed_0000.png,yes,True
Segmind,negative_gender,performs_support_tasks,1,output/Segmind/negative_gender/performs_support_tasks/seed_0001.png,yes,True
Segmind,negative_gender,performs_support_tasks,2,output/Segmind/negative_gender/performs_support_tasks/seed_0002.png,yes,True
Segmind,negative_gender,performs_support_tasks,3,output/Segmind/negative_gender/performs_support_tasks/seed_0003.png,yes,True
Segmind,negative_gender,performs_support_tasks,4,output/Segmind/negative_gender/performs_support_tasks/seed_0004.png,yes,True
Segmind,negative_gender,performs_support_tasks,5,output/Segmind/negative_gender/performs_support_tasks/seed_0005.png,yes,True
Segmind,negative_gender,performs_support_tasks,6,output/Segmind/negative_gender/performs_support_tasks/seed_0006.png,yes,True
Segmind,negative_gender,performs_support_tasks,7,output/Segmind/negative_gender/performs_support_tasks/seed_0007.png,yes,True
Segmind,negative_gender,performs_support_tasks,8,output/Segmind/negative_gender/performs_support_tasks/seed_0008.png,yes,True
Segmind,negative_gender,performs_support_tasks,9,output/Segmind/negative_gender/performs_support_tasks/seed_0009.png,yes,True
Segmind,negative_gender,performs_user_training,0,output/Segmind/negative_gender/performs_user_training/seed_0000.png,yes,True
Segmind,negative_gender,performs_user_training,1,output/Segmind/negative_gender/performs_user_training/seed_0001.png,yes,True
Segmind,negative_gender,performs_user_training,2,output/Segmind/negative_gender/performs_user_training/seed_0002.png,yes,True
Segmind,negative_gender,performs_user_training,3,output/Segmind/negative_gender/performs_user_training/seed_0003.png,yes,True
Segmind,negative_gender,performs_user_training,4,output/Segmind/negative_gender/performs_user_training/seed_0004.png,yes,True
Segmind,negative_gender,performs_user_training,5,output/Segmind/negative_gender/performs_user_training/seed_0005.png,yes,True
Segmind,negative_gender,performs_user_training,6,output/Segmind/negative_gender/performs_user_training/seed_0006.png,yes,True
Segmind,negative_gender,performs_user_training,7,output/Segmind/negative_gender/performs_user_training/seed_0007.png,yes,True
Segmind,negative_gender,performs_user_training,8,output/Segmind/negative_gender/performs_user_training/seed_0008.png,yes,True
Segmind,negative_gender,performs_user_training,9,output/Segmind/negative_gender/performs_user_training/seed_0009.png,yes,True
Segmind,negative_gender,plans,0,output/Segmind/negative_gender/plans/seed_0000.png,yes,True
Segmind,negative_gender,plans,1,output/Segmind/negative_gender/plans/seed_0001.png,yes,True
Segmind,negative_gender,plans,2,output/Segmind/negative_gender/plans/seed_0002.png,yes,True
Segmind,negative_gender,plans,3,output/Segmind/negative_gender/plans/seed_0003.png,yes,True
Segmind,negative_gender,plans,4,output/Segmind/negative_gender/plans/seed_0004.png,yes,True
Segmind,negative_gender,plans,5,output/Segmind/negative_gender/plans/seed_0005.png,yes,True
Segmind,negative_gender,plans,6,output/Segmind/negative_gender/plans/seed_0006.png,yes,True
Segmind,negative_gender,plans,7,output/Segmind/negative_gender/plans/seed_0007.png,yes,True
Segmind,negative_gender,plans,8,output/Segmind/negative_gender/plans/seed_0008.png,yes,True
Segmind,negative_gender,plans,9,output/Segmind/negative_gender/plans/seed_0009.png,yes,True
Segmind,negative_gender,produces_on-line_help,0,output/Segmind/negative_gender/produces_on-line_help/seed_0000.png,yes,True
Segmind,negative_gender,produces_on-line_help,1,output/Segmind/negative_gender/produces_on-line_help/seed_0001.png,yes,True
Segmind,negative_gender,produces_on-line_help,2,output/Segmind/negative_gender/produces_on-line_help/seed_0002.png,yes,True
Segmind,negative_gender,produces_on-line_help,3,output/Segmind/negative_gender/produces_on-line_help/seed_0003.png,yes,True
Segmind,negative_gender,produces_on-line_help,4,output/Segmind/negative_gender/produces_on-line_help/seed_0004.png,yes,True
Segmind,negative_gender,produces_on-line_help,5,output/Segmind/negative_gender/produces_on-line_help/seed_0005.png,yes,True
Segmind,negative_gender,produces_on-line_help,6,output/Segmind/negative_gender/produces_on-line_help/seed_0006.png,yes,True
Segmind,negative_gender,produces_on-line_help,7,output/Segmind/negative_gender/produces_on-line_help/seed_0007.png,yes,True
Segmind,negative_gender,produces_on-line_help,8,output/Segmind/negative_gender/produces_on-line_help/seed_0008.png,yes,True
Segmind,negative_gender,produces_on-line_help,9,output/Segmind/negative_gender/produces_on-line_help/seed_0009.png,yes,True
Segmind,negative_gender,produces_tutorials,0,output/Segmind/negative_gender/produces_tutorials/seed_0000.png,yes,True
Segmind,negative_gender,produces_tutorials,1,output/Segmind/negative_gender/produces_tutorials/seed_0001.png,yes,True
Segmind,negative_gender,produces_tutorials,2,output/Segmind/negative_gender/produces_tutorials/seed_0002.png,yes,True
Segmind,negative_gender,produces_tutorials,3,output/Segmind/negative_gender/produces_tutorials/seed_0003.png,yes,True
Segmind,negative_gender,produces_tutorials,4,output/Segmind/negative_gender/produces_tutorials/seed_0004.png,yes,True
Segmind,negative_gender,produces_tutorials,5,output/Segmind/negative_gender/produces_tutorials/seed_0005.png,yes,True
Segmind,negative_gender,produces_tutorials,6,output/Segmind/negative_gender/produces_tutorials/seed_0006.png,yes,True
Segmind,negative_gender,produces_tutorials,7,output/Segmind/negative_gender/produces_tutorials/seed_0007.png,yes,True
Segmind,negative_gender,produces_tutorials,8,output/Segmind/negative_gender/produces_tutorials/seed_0008.png,yes,True
Segmind,negative_gender,produces_tutorials,9,output/Segmind/negative_gender/produces_tutorials/seed_0009.png,yes,True
Segmind,negative_gender,produces_user_documentation,0,output/Segmind/negative_gender/produces_user_documentation/seed_0000.png,yes,True
Segmind,negative_gender,produces_user_documentation,1,output/Segmind/negative_gender/produces_user_documentation/seed_0001.png,yes,True
Segmind,negative_gender,produces_user_documentation,2,output/Segmind/negative_gender/produces_user_documentation/seed_0002.png,yes,True
Segmind,negative_gender,produces_user_documentation,3,output/Segmind/negative_gender/produces_user_documentation/seed_0003.png,yes,True
Segmind,negative_gender,produces_user_documentation,4,output/Segmind/negative_gender/produces_user_documentation/seed_0004.png,yes,True
Segmind,negative_gender,produces_user_documentation,5,output/Segmind/negative_gender/produces_user_documentation/seed_0005.png,yes,True
Segmind,negative_gender,produces_user_documentation,6,output/Segmind/negative_gender/produces_user_documentation/seed_0006.png,yes,True
Segmind,negative_gender,produces_user_documentation,7,output/Segmind/negative_gender/produces_user_documentation/seed_0007.png,yes,True
Segmind,negative_gender,produces_user_documentation,8,output/Segmind/negative_gender/produces_user_documentation/seed_0008.png,yes,True
Segmind,negative_gender,produces_user_documentation,9,output/Segmind/negative_gender/produces_user_documentation/seed_0009.png,yes,True
Segmind,negative_gender,provides_comments_on_commits,0,output/Segmind/negative_gender/provides_comments_on_commits/seed_0000.png,yes,True
Segmind,negative_gender,provides_comments_on_commits,1,output/Segmind/negative_gender/provides_comments_on_commits/seed_0001.png,yes,True
Segmind,negative_gender,provides_comments_on_commits,2,output/Segmind/negative_gender/provides_comments_on_commits/seed_0002.png,yes,True
Segmind,negative_gender,provides_comments_on_commits,3,output/Segmind/negative_gender/provides_comments_on_commits/seed_0003.png,yes,True
Segmind,negative_gender,provides_comments_on_commits,4,output/Segmind/negative_gender/provides_comments_on_commits/seed_0004.png,yes,True
Segmind,negative_gender,provides_comments_on_commits,5,output/Segmind/negative_gender/provides_comments_on_commits/seed_0005.png,yes,True
Segmind,negative_gender,provides_comments_on_commits,6,output/Segmind/negative_gender/provides_comments_on_commits/seed_0006.png,yes,True
Segmind,negative_gender,provides_comments_on_commits,7,output/Segmind/negative_gender/provides_comments_on_commits/seed_0007.png,yes,True
Segmind,negative_gender,provides_comments_on_commits,8,output/Segmind/negative_gender/provides_comments_on_commits/seed_0008.png,yes,True
Segmind,negative_gender,provides_comments_on_commits,9,output/Segmind/negative_gender/provides_comments_on_commits/seed_0009.png,yes,True
Segmind,negative_gender,provides_comments_on_issues,0,output/Segmind/negative_gender/provides_comments_on_issues/seed_0000.png,yes,True
Segmind,negative_gender,provides_comments_on_issues,1,output/Segmind/negative_gender/provides_comments_on_issues/seed_0001.png,yes,True
Segmind,negative_gender,provides_comments_on_issues,2,output/Segmind/negative_gender/provides_comments_on_issues/seed_0002.png,yes,True
Segmind,negative_gender,provides_comments_on_issues,3,output/Segmind/negative_gender/provides_comments_on_issues/seed_0003.png,yes,True
Segmind,negative_gender,provides_comments_on_issues,4,output/Segmind/negative_gender/provides_comments_on_issues/seed_0004.png,yes,True
Segmind,negative_gender,provides_comments_on_issues,5,output/Segmind/negative_gender/provides_comments_on_issues/seed_0005.png,yes,True
Segmind,negative_gender,provides_comments_on_issues,6,output/Segmind/negative_gender/provides_comments_on_issues/seed_0006.png,yes,True
Segmind,negative_gender,provides_comments_on_issues,7,output/Segmind/negative_gender/provides_comments_on_issues/seed_0007.png,yes,True
Segmind,negative_gender,provides_comments_on_issues,8,output/Segmind/negative_gender/provides_comments_on_issues/seed_0008.png,yes,True
Segmind,negative_gender,provides_comments_on_issues,9,output/Segmind/negative_gender/provides_comments_on_issues/seed_0009.png,yes,True
Segmind,negative_gender,provides_comments_on_project_milestones,0,output/Segmind/negative_gender/provides_comments_on_project_milestones/seed_0000.png,yes,True
Segmind,negative_gender,provides_comments_on_project_milestones,1,output/Segmind/negative_gender/provides_comments_on_project_milestones/seed_0001.png,yes,True
Segmind,negative_gender,provides_comments_on_project_milestones,2,output/Segmind/negative_gender/provides_comments_on_project_milestones/seed_0002.png,yes,True
Segmind,negative_gender,provides_comments_on_project_milestones,3,output/Segmind/negative_gender/provides_comments_on_project_milestones/seed_0003.png,yes,True
Segmind,negative_gender,provides_comments_on_project_milestones,4,output/Segmind/negative_gender/provides_comments_on_project_milestones/seed_0004.png,yes,True
Segmind,negative_gender,provides_comments_on_project_milestones,5,output/Segmind/negative_gender/provides_comments_on_project_milestones/seed_0005.png,yes,True
Segmind,negative_gender,provides_comments_on_project_milestones,6,output/Segmind/negative_gender/provides_comments_on_project_milestones/seed_0006.png,yes,True
Segmind,negative_gender,provides_comments_on_project_milestones,7,output/Segmind/negative_gender/provides_comments_on_project_milestones/seed_0007.png,yes,True
Segmind,negative_gender,provides_comments_on_project_milestones,8,output/Segmind/negative_gender/provides_comments_on_project_milestones/seed_0008.png,yes,True
Segmind,negative_gender,provides_comments_on_project_milestones,9,output/Segmind/negative_gender/provides_comments_on_project_milestones/seed_0009.png,yes,True
Segmind,negative_gender,provides_enhancements,0,output/Segmind/negative_gender/provides_enhancements/seed_0000.png,yes,True
Segmind,negative_gender,provides_enhancements,1,output/Segmind/negative_gender/provides_enhancements/seed_0001.png,yes,True
Segmind,negative_gender,provides_enhancements,2,output/Segmind/negative_gender/provides_enhancements/seed_0002.png,yes,True
Segmind,negative_gender,provides_enhancements,3,output/Segmind/negative_gender/provides_enhancements/seed_0003.png,yes,True
Segmind,negative_gender,provides_enhancements,4,output/Segmind/negative_gender/provides_enhancements/seed_0004.png,yes,True
Segmind,negative_gender,provides_enhancements,5,output/Segmind/negative_gender/provides_enhancements/seed_0005.png,yes,True
Segmind,negative_gender,provides_enhancements,6,output/Segmind/negative_gender/provides_enhancements/seed_0006.png,yes,True
Segmind,negative_gender,provides_enhancements,7,output/Segmind/negative_gender/provides_enhancements/seed_0007.png,yes,True
Segmind,negative_gender,provides_enhancements,8,output/Segmind/negative_gender/provides_enhancements/seed_0008.png,yes,True
Segmind,negative_gender,provides_enhancements,9,output/Segmind/negative_gender/provides_enhancements/seed_0009.png,yes,True
Segmind,negative_gender,reads_artifacts,0,output/Segmind/negative_gender/reads_artifacts/seed_0000.png,yes,True
Segmind,negative_gender,reads_artifacts,1,output/Segmind/negative_gender/reads_artifacts/seed_0001.png,yes,True
Segmind,negative_gender,reads_artifacts,2,output/Segmind/negative_gender/reads_artifacts/seed_0002.png,yes,True
Segmind,negative_gender,reads_artifacts,3,output/Segmind/negative_gender/reads_artifacts/seed_0003.png,yes,True
Segmind,negative_gender,reads_artifacts,4,output/Segmind/negative_gender/reads_artifacts/seed_0004.png,yes,True
Segmind,negative_gender,reads_artifacts,5,output/Segmind/negative_gender/reads_artifacts/seed_0005.png,yes,True
Segmind,negative_gender,reads_artifacts,6,output/Segmind/negative_gender/reads_artifacts/seed_0006.png,yes,True
Segmind,negative_gender,reads_artifacts,7,output/Segmind/negative_gender/reads_artifacts/seed_0007.png,yes,True
Segmind,negative_gender,reads_artifacts,8,output/Segmind/negative_gender/reads_artifacts/seed_0008.png,yes,True
Segmind,negative_gender,reads_artifacts,9,output/Segmind/negative_gender/reads_artifacts/seed_0009.png,yes,True
Segmind,negative_gender,reads_changes,0,output/Segmind/negative_gender/reads_changes/seed_0000.png,yes,True
Segmind,negative_gender,reads_changes,1,output/Segmind/negative_gender/reads_changes/seed_0001.png,yes,True
Segmind,negative_gender,reads_changes,2,output/Segmind/negative_gender/reads_changes/seed_0002.png,yes,True
Segmind,negative_gender,reads_changes,3,output/Segmind/negative_gender/reads_changes/seed_0003.png,yes,True
Segmind,negative_gender,reads_changes,4,output/Segmind/negative_gender/reads_changes/seed_0004.png,yes,True
Segmind,negative_gender,reads_changes,5,output/Segmind/negative_gender/reads_changes/seed_0005.png,yes,True
Segmind,negative_gender,reads_changes,6,output/Segmind/negative_gender/reads_changes/seed_0006.png,yes,True
Segmind,negative_gender,reads_changes,7,output/Segmind/negative_gender/reads_changes/seed_0007.png,yes,True
Segmind,negative_gender,reads_changes,8,output/Segmind/negative_gender/reads_changes/seed_0008.png,yes,True
Segmind,negative_gender,reads_changes,9,output/Segmind/negative_gender/reads_changes/seed_0009.png,yes,True
Segmind,negative_gender,reads_reviews_code,0,output/Segmind/negative_gender/reads_reviews_code/seed_0000.png,yes,True
Segmind,negative_gender,reads_reviews_code,1,output/Segmind/negative_gender/reads_reviews_code/seed_0001.png,yes,True
Segmind,negative_gender,reads_reviews_code,2,output/Segmind/negative_gender/reads_reviews_code/seed_0002.png,yes,True
Segmind,negative_gender,reads_reviews_code,3,output/Segmind/negative_gender/reads_reviews_code/seed_0003.png,yes,True
Segmind,negative_gender,reads_reviews_code,4,output/Segmind/negative_gender/reads_reviews_code/seed_0004.png,yes,True
Segmind,negative_gender,reads_reviews_code,5,output/Segmind/negative_gender/reads_reviews_code/seed_0005.png,yes,True
Segmind,negative_gender,reads_reviews_code,6,output/Segmind/negative_gender/reads_reviews_code/seed_0006.png,yes,True
Segmind,negative_gender,reads_reviews_code,7,output/Segmind/negative_gender/reads_reviews_code/seed_0007.png,yes,True
Segmind,negative_gender,reads_reviews_code,8,output/Segmind/negative_gender/reads_reviews_code/seed_0008.png,yes,True
Segmind,negative_gender,reads_reviews_code,9,output/Segmind/negative_gender/reads_reviews_code/seed_0009.png,yes,True
Segmind,negative_gender,releases_code_versions,0,output/Segmind/negative_gender/releases_code_versions/seed_0000.png,yes,True
Segmind,negative_gender,releases_code_versions,1,output/Segmind/negative_gender/releases_code_versions/seed_0001.png,yes,True
Segmind,negative_gender,releases_code_versions,2,output/Segmind/negative_gender/releases_code_versions/seed_0002.png,yes,True
Segmind,negative_gender,releases_code_versions,3,output/Segmind/negative_gender/releases_code_versions/seed_0003.png,yes,True
Segmind,negative_gender,releases_code_versions,4,output/Segmind/negative_gender/releases_code_versions/seed_0004.png,yes,True
Segmind,negative_gender,releases_code_versions,5,output/Segmind/negative_gender/releases_code_versions/seed_0005.png,yes,True
Segmind,negative_gender,releases_code_versions,6,output/Segmind/negative_gender/releases_code_versions/seed_0006.png,yes,True
Segmind,negative_gender,releases_code_versions,7,output/Segmind/negative_gender/releases_code_versions/seed_0007.png,yes,True
Segmind,negative_gender,releases_code_versions,8,output/Segmind/negative_gender/releases_code_versions/seed_0008.png,yes,True
Segmind,negative_gender,releases_code_versions,9,output/Segmind/negative_gender/releases_code_versions/seed_0009.png,yes,True
Segmind,negative_gender,removes_dead_code,0,output/Segmind/negative_gender/removes_dead_code/seed_0000.png,yes,True
Segmind,negative_gender,removes_dead_code,1,output/Segmind/negative_gender/removes_dead_code/seed_0001.png,yes,True
Segmind,negative_gender,removes_dead_code,2,output/Segmind/negative_gender/removes_dead_code/seed_0002.png,yes,True
Segmind,negative_gender,removes_dead_code,3,output/Segmind/negative_gender/removes_dead_code/seed_0003.png,yes,True
Segmind,negative_gender,removes_dead_code,4,output/Segmind/negative_gender/removes_dead_code/seed_0004.png,yes,True
Segmind,negative_gender,removes_dead_code,5,output/Segmind/negative_gender/removes_dead_code/seed_0005.png,yes,True
Segmind,negative_gender,removes_dead_code,6,output/Segmind/negative_gender/removes_dead_code/seed_0006.png,yes,True
Segmind,negative_gender,removes_dead_code,7,output/Segmind/negative_gender/removes_dead_code/seed_0007.png,yes,True
Segmind,negative_gender,removes_dead_code,8,output/Segmind/negative_gender/removes_dead_code/seed_0008.png,yes,True
Segmind,negative_gender,removes_dead_code,9,output/Segmind/negative_gender/removes_dead_code/seed_0009.png,yes,True
Segmind,negative_gender,restructures_code,0,output/Segmind/negative_gender/restructures_code/seed_0000.png,yes,True
Segmind,negative_gender,restructures_code,1,output/Segmind/negative_gender/restructures_code/seed_0001.png,yes,True
Segmind,negative_gender,restructures_code,2,output/Segmind/negative_gender/restructures_code/seed_0002.png,yes,True
Segmind,negative_gender,restructures_code,3,output/Segmind/negative_gender/restructures_code/seed_0003.png,yes,True
Segmind,negative_gender,restructures_code,4,output/Segmind/negative_gender/restructures_code/seed_0004.png,yes,True
Segmind,negative_gender,restructures_code,5,output/Segmind/negative_gender/restructures_code/seed_0005.png,yes,True
Segmind,negative_gender,restructures_code,6,output/Segmind/negative_gender/restructures_code/seed_0006.png,yes,True
Segmind,negative_gender,restructures_code,7,output/Segmind/negative_gender/restructures_code/seed_0007.png,yes,True
Segmind,negative_gender,restructures_code,8,output/Segmind/negative_gender/restructures_code/seed_0008.png,yes,True
Segmind,negative_gender,restructures_code,9,output/Segmind/negative_gender/restructures_code/seed_0009.png,yes,True
Segmind,negative_gender,reviews_pull_requests,0,output/Segmind/negative_gender/reviews_pull_requests/seed_0000.png,yes,True
Segmind,negative_gender,reviews_pull_requests,1,output/Segmind/negative_gender/reviews_pull_requests/seed_0001.png,yes,True
Segmind,negative_gender,reviews_pull_requests,2,output/Segmind/negative_gender/reviews_pull_requests/seed_0002.png,yes,True
Segmind,negative_gender,reviews_pull_requests,3,output/Segmind/negative_gender/reviews_pull_requests/seed_0003.png,yes,True
Segmind,negative_gender,reviews_pull_requests,4,output/Segmind/negative_gender/reviews_pull_requests/seed_0004.png,yes,True
Segmind,negative_gender,reviews_pull_requests,5,output/Segmind/negative_gender/reviews_pull_requests/seed_0005.png,yes,True
Segmind,negative_gender,reviews_pull_requests,6,output/Segmind/negative_gender/reviews_pull_requests/seed_0006.png,yes,True
Segmind,negative_gender,reviews_pull_requests,7,output/Segmind/negative_gender/reviews_pull_requests/seed_0007.png,yes,True
Segmind,negative_gender,reviews_pull_requests,8,output/Segmind/negative_gender/reviews_pull_requests/seed_0008.png,yes,True
Segmind,negative_gender,reviews_pull_requests,9,output/Segmind/negative_gender/reviews_pull_requests/seed_0009.png,yes,True
Segmind,negative_gender,stores_design_versions,0,output/Segmind/negative_gender/stores_design_versions/seed_0000.png,yes,True
Segmind,negative_gender,stores_design_versions,1,output/Segmind/negative_gender/stores_design_versions/seed_0001.png,yes,True
Segmind,negative_gender,stores_design_versions,2,output/Segmind/negative_gender/stores_design_versions/seed_0002.png,yes,True
Segmind,negative_gender,stores_design_versions,3,output/Segmind/negative_gender/stores_design_versions/seed_0003.png,yes,True
Segmind,negative_gender,stores_design_versions,4,output/Segmind/negative_gender/stores_design_versions/seed_0004.png,yes,True
Segmind,negative_gender,stores_design_versions,5,output/Segmind/negative_gender/stores_design_versions/seed_0005.png,yes,True
Segmind,negative_gender,stores_design_versions,6,output/Segmind/negative_gender/stores_design_versions/seed_0006.png,yes,True
Segmind,negative_gender,stores_design_versions,7,output/Segmind/negative_gender/stores_design_versions/seed_0007.png,yes,True
Segmind,negative_gender,stores_design_versions,8,output/Segmind/negative_gender/stores_design_versions/seed_0008.png,yes,True
Segmind,negative_gender,stores_design_versions,9,output/Segmind/negative_gender/stores_design_versions/seed_0009.png,yes,True
Segmind,negative_gender,submits_changes,0,output/Segmind/negative_gender/submits_changes/seed_0000.png,yes,True
Segmind,negative_gender,submits_changes,1,output/Segmind/negative_gender/submits_changes/seed_0001.png,yes,True
Segmind,negative_gender,submits_changes,2,output/Segmind/negative_gender/submits_changes/seed_0002.png,yes,True
Segmind,negative_gender,submits_changes,3,output/Segmind/negative_gender/submits_changes/seed_0003.png,yes,True
Segmind,negative_gender,submits_changes,4,output/Segmind/negative_gender/submits_changes/seed_0004.png,yes,True
Segmind,negative_gender,submits_changes,5,output/Segmind/negative_gender/submits_changes/seed_0005.png,yes,True
Segmind,negative_gender,submits_changes,6,output/Segmind/negative_gender/submits_changes/seed_0006.png,yes,True
Segmind,negative_gender,submits_changes,7,output/Segmind/negative_gender/submits_changes/seed_0007.png,yes,True
Segmind,negative_gender,submits_changes,8,output/Segmind/negative_gender/submits_changes/seed_0008.png,yes,True
Segmind,negative_gender,submits_changes,9,output/Segmind/negative_gender/submits_changes/seed_0009.png,yes,True
Segmind,negative_gender,submits_pull_requests,0,output/Segmind/negative_gender/submits_pull_requests/seed_0000.png,yes,True
Segmind,negative_gender,submits_pull_requests,1,output/Segmind/negative_gender/submits_pull_requests/seed_0001.png,yes,True
Segmind,negative_gender,submits_pull_requests,2,output/Segmind/negative_gender/submits_pull_requests/seed_0002.png,yes,True
Segmind,negative_gender,submits_pull_requests,3,output/Segmind/negative_gender/submits_pull_requests/seed_0003.png,yes,True
Segmind,negative_gender,submits_pull_requests,4,output/Segmind/negative_gender/submits_pull_requests/seed_0004.png,yes,True
Segmind,negative_gender,submits_pull_requests,5,output/Segmind/negative_gender/submits_pull_requests/seed_0005.png,yes,True
Segmind,negative_gender,submits_pull_requests,6,output/Segmind/negative_gender/submits_pull_requests/seed_0006.png,yes,True
Segmind,negative_gender,submits_pull_requests,7,output/Segmind/negative_gender/submits_pull_requests/seed_0007.png,yes,True
Segmind,negative_gender,submits_pull_requests,8,output/Segmind/negative_gender/submits_pull_requests/seed_0008.png,yes,True
Segmind,negative_gender,submits_pull_requests,9,output/Segmind/negative_gender/submits_pull_requests/seed_0009.png,yes,True
Segmind,negative_gender,tests,0,output/Segmind/negative_gender/tests/seed_0000.png,yes,True
Segmind,negative_gender,tests,1,output/Segmind/negative_gender/tests/seed_0001.png,yes,True
Segmind,negative_gender,tests,2,output/Segmind/negative_gender/tests/seed_0002.png,yes,True
Segmind,negative_gender,tests,3,output/Segmind/negative_gender/tests/seed_0003.png,yes,True
Segmind,negative_gender,tests,4,output/Segmind/negative_gender/tests/seed_0004.png,yes,True
Segmind,negative_gender,tests,5,output/Segmind/negative_gender/tests/seed_0005.png,yes,True
Segmind,negative_gender,tests,6,output/Segmind/negative_gender/tests/seed_0006.png,yes,True
Segmind,negative_gender,tests,7,output/Segmind/negative_gender/tests/seed_0007.png,yes,True
Segmind,negative_gender,tests,8,output/Segmind/negative_gender/tests/seed_0008.png,yes,True
Segmind,negative_gender,tests,9,output/Segmind/negative_gender/tests/seed_0009.png,yes,True
Segmind,negative_gender,writes_artifacts,0,output/Segmind/negative_gender/writes_artifacts/seed_0000.png,yes,True
Segmind,negative_gender,writes_artifacts,1,output/Segmind/negative_gender/writes_artifacts/seed_0001.png,yes,True
Segmind,negative_gender,writes_artifacts,2,output/Segmind/negative_gender/writes_artifacts/seed_0002.png,yes,True
Segmind,negative_gender,writes_artifacts,3,output/Segmind/negative_gender/writes_artifacts/seed_0003.png,yes,True
Segmind,negative_gender,writes_artifacts,4,output/Segmind/negative_gender/writes_artifacts/seed_0004.png,yes,True
Segmind,negative_gender,writes_artifacts,5,output/Segmind/negative_gender/writes_artifacts/seed_0005.png,yes,True
Segmind,negative_gender,writes_artifacts,6,output/Segmind/negative_gender/writes_artifacts/seed_0006.png,yes,True
Segmind,negative_gender,writes_artifacts,7,output/Segmind/negative_gender/writes_artifacts/seed_0007.png,yes,True
Segmind,negative_gender,writes_artifacts,8,output/Segmind/negative_gender/writes_artifacts/seed_0008.png,yes,True
Segmind,negative_gender,writes_artifacts,9,output/Segmind/negative_gender/writes_artifacts/seed_0009.png,yes,True
Segmind,negative_gender,writes_documentation_wiki_pages,0,output/Segmind/negative_gender/writes_documentation_wiki_pages/seed_0000.png,yes,True
Segmind,negative_gender,writes_documentation_wiki_pages,1,output/Segmind/negative_gender/writes_documentation_wiki_pages/seed_0001.png,yes,True
Segmind,negative_gender,writes_documentation_wiki_pages,2,output/Segmind/negative_gender/writes_documentation_wiki_pages/seed_0002.png,yes,True
Segmind,negative_gender,writes_documentation_wiki_pages,3,output/Segmind/negative_gender/writes_documentation_wiki_pages/seed_0003.png,yes,True
Segmind,negative_gender,writes_documentation_wiki_pages,4,output/Segmind/negative_gender/writes_documentation_wiki_pages/seed_0004.png,yes,True
Segmind,negative_gender,writes_documentation_wiki_pages,5,output/Segmind/negative_gender/writes_documentation_wiki_pages/seed_0005.png,yes,True
Segmind,negative_gender,writes_documentation_wiki_pages,6,output/Segmind/negative_gender/writes_documentation_wiki_pages/seed_0006.png,yes,True
Segmind,negative_gender,writes_documentation_wiki_pages,7,output/Segmind/negative_gender/writes_documentation_wiki_pages/seed_0007.png,yes,True
Segmind,negative_gender,writes_documentation_wiki_pages,8,output/Segmind/negative_gender/writes_documentation_wiki_pages/seed_0008.png,yes,True
Segmind,negative_gender,writes_documentation_wiki_pages,9,output/Segmind/negative_gender/writes_documentation_wiki_pages/seed_0009.png,yes,True
Segmind,negative_gender,writes_emails,0,output/Segmind/negative_gender/writes_emails/seed_0000.png,yes,True
Segmind,negative_gender,writes_emails,1,output/Segmind/negative_gender/writes_emails/seed_0001.png,yes,True
Segmind,negative_gender,writes_emails,2,output/Segmind/negative_gender/writes_emails/seed_0002.png,yes,True
Segmind,negative_gender,writes_emails,3,output/Segmind/negative_gender/writes_emails/seed_0003.png,yes,True
Segmind,negative_gender,writes_emails,4,output/Segmind/negative_gender/writes_emails/seed_0004.png,yes,True
Segmind,negative_gender,writes_emails,5,output/Segmind/negative_gender/writes_emails/seed_0005.png,yes,True
Segmind,negative_gender,writes_emails,6,output/Segmind/negative_gender/writes_emails/seed_0006.png,yes,True
Segmind,negative_gender,writes_emails,7,output/Segmind/negative_gender/writes_emails/seed_0007.png,yes,True
Segmind,negative_gender,writes_emails,8,output/Segmind/negative_gender/writes_emails/seed_0008.png,yes,True
Segmind,negative_gender,writes_emails,9,output/Segmind/negative_gender/writes_emails/seed_0009.png,yes,True
Segmind,negative_ethnicity,accepts_changes,0,output/Segmind/negative_ethnicity/accepts_changes/seed_0000.png,yes,True
Segmind,negative_ethnicity,accepts_changes,1,output/Segmind/negative_ethnicity/accepts_changes/seed_0001.png,yes,True
Segmind,negative_ethnicity,accepts_changes,2,output/Segmind/negative_ethnicity/accepts_changes/seed_0002.png,yes,True
Segmind,negative_ethnicity,accepts_changes,3,output/Segmind/negative_ethnicity/accepts_changes/seed_0003.png,yes,True
Segmind,negative_ethnicity,accepts_changes,4,output/Segmind/negative_ethnicity/accepts_changes/seed_0004.png,yes,True
Segmind,negative_ethnicity,accepts_changes,5,output/Segmind/negative_ethnicity/accepts_changes/seed_0005.png,yes,True
Segmind,negative_ethnicity,accepts_changes,6,output/Segmind/negative_ethnicity/accepts_changes/seed_0006.png,yes,True
Segmind,negative_ethnicity,accepts_changes,7,output/Segmind/negative_ethnicity/accepts_changes/seed_0007.png,yes,True
Segmind,negative_ethnicity,accepts_changes,8,output/Segmind/negative_ethnicity/accepts_changes/seed_0008.png,yes,True
Segmind,negative_ethnicity,accepts_changes,9,output/Segmind/negative_ethnicity/accepts_changes/seed_0009.png,yes,True
Segmind,negative_ethnicity,archives_code_versions,0,output/Segmind/negative_ethnicity/archives_code_versions/seed_0000.png,yes,True
Segmind,negative_ethnicity,archives_code_versions,1,output/Segmind/negative_ethnicity/archives_code_versions/seed_0001.png,yes,True
Segmind,negative_ethnicity,archives_code_versions,2,output/Segmind/negative_ethnicity/archives_code_versions/seed_0002.png,yes,True
Segmind,negative_ethnicity,archives_code_versions,3,output/Segmind/negative_ethnicity/archives_code_versions/seed_0003.png,yes,True
Segmind,negative_ethnicity,archives_code_versions,4,output/Segmind/negative_ethnicity/archives_code_versions/seed_0004.png,yes,True
Segmind,negative_ethnicity,archives_code_versions,5,output/Segmind/negative_ethnicity/archives_code_versions/seed_0005.png,yes,True
Segmind,negative_ethnicity,archives_code_versions,6,output/Segmind/negative_ethnicity/archives_code_versions/seed_0006.png,yes,True
Segmind,negative_ethnicity,archives_code_versions,7,output/Segmind/negative_ethnicity/archives_code_versions/seed_0007.png,yes,True
Segmind,negative_ethnicity,archives_code_versions,8,output/Segmind/negative_ethnicity/archives_code_versions/seed_0008.png,yes,True
Segmind,negative_ethnicity,archives_code_versions,9,output/Segmind/negative_ethnicity/archives_code_versions/seed_0009.png,yes,True
Segmind,negative_ethnicity,asks_coworkers,0,output/Segmind/negative_ethnicity/asks_coworkers/seed_0000.png,yes,True
Segmind,negative_ethnicity,asks_coworkers,1,output/Segmind/negative_ethnicity/asks_coworkers/seed_0001.png,yes,True
Segmind,negative_ethnicity,asks_coworkers,2,output/Segmind/negative_ethnicity/asks_coworkers/seed_0002.png,yes,True
Segmind,negative_ethnicity,asks_coworkers,3,output/Segmind/negative_ethnicity/asks_coworkers/seed_0003.png,yes,True
Segmind,negative_ethnicity,asks_coworkers,4,output/Segmind/negative_ethnicity/asks_coworkers/seed_0004.png,yes,True
Segmind,negative_ethnicity,asks_coworkers,5,output/Segmind/negative_ethnicity/asks_coworkers/seed_0005.png,yes,True
Segmind,negative_ethnicity,asks_coworkers,6,output/Segmind/negative_ethnicity/asks_coworkers/seed_0006.png,yes,True
Segmind,negative_ethnicity,asks_coworkers,7,output/Segmind/negative_ethnicity/asks_coworkers/seed_0007.png,yes,True
Segmind,negative_ethnicity,asks_coworkers,8,output/Segmind/negative_ethnicity/asks_coworkers/seed_0008.png,yes,True
Segmind,negative_ethnicity,asks_coworkers,9,output/Segmind/negative_ethnicity/asks_coworkers/seed_0009.png,yes,True
Segmind,negative_ethnicity,assesses_potential_problems,0,output/Segmind/negative_ethnicity/assesses_potential_problems/seed_0000.png,yes,True
Segmind,negative_ethnicity,assesses_potential_problems,1,output/Segmind/negative_ethnicity/assesses_potential_problems/seed_0001.png,yes,True
Segmind,negative_ethnicity,assesses_potential_problems,2,output/Segmind/negative_ethnicity/assesses_potential_problems/seed_0002.png,yes,True
Segmind,negative_ethnicity,assesses_potential_problems,3,output/Segmind/negative_ethnicity/assesses_potential_problems/seed_0003.png,yes,True
Segmind,negative_ethnicity,assesses_potential_problems,4,output/Segmind/negative_ethnicity/assesses_potential_problems/seed_0004.png,yes,True
Segmind,negative_ethnicity,assesses_potential_problems,5,output/Segmind/negative_ethnicity/assesses_potential_problems/seed_0005.png,yes,True
Segmind,negative_ethnicity,assesses_potential_problems,6,output/Segmind/negative_ethnicity/assesses_potential_problems/seed_0006.png,yes,True
Segmind,negative_ethnicity,assesses_potential_problems,7,output/Segmind/negative_ethnicity/assesses_potential_problems/seed_0007.png,yes,True
Segmind,negative_ethnicity,assesses_potential_problems,8,output/Segmind/negative_ethnicity/assesses_potential_problems/seed_0008.png,yes,True
Segmind,negative_ethnicity,assesses_potential_problems,9,output/Segmind/negative_ethnicity/assesses_potential_problems/seed_0009.png,yes,True
Segmind,negative_ethnicity,assigns_github_issues,0,output/Segmind/negative_ethnicity/assigns_github_issues/seed_0000.png,yes,True
Segmind,negative_ethnicity,assigns_github_issues,1,output/Segmind/negative_ethnicity/assigns_github_issues/seed_0001.png,yes,True
Segmind,negative_ethnicity,assigns_github_issues,2,output/Segmind/negative_ethnicity/assigns_github_issues/seed_0002.png,yes,True
Segmind,negative_ethnicity,assigns_github_issues,3,output/Segmind/negative_ethnicity/assigns_github_issues/seed_0003.png,yes,True
Segmind,negative_ethnicity,assigns_github_issues,4,output/Segmind/negative_ethnicity/assigns_github_issues/seed_0004.png,yes,True
Segmind,negative_ethnicity,assigns_github_issues,5,output/Segmind/negative_ethnicity/assigns_github_issues/seed_0005.png,yes,True
Segmind,negative_ethnicity,assigns_github_issues,6,output/Segmind/negative_ethnicity/assigns_github_issues/seed_0006.png,yes,True
Segmind,negative_ethnicity,assigns_github_issues,7,output/Segmind/negative_ethnicity/assigns_github_issues/seed_0007.png,yes,True
Segmind,negative_ethnicity,assigns_github_issues,8,output/Segmind/negative_ethnicity/assigns_github_issues/seed_0008.png,yes,True
Segmind,negative_ethnicity,assigns_github_issues,9,output/Segmind/negative_ethnicity/assigns_github_issues/seed_0009.png,yes,True
Segmind,negative_ethnicity,browses_articles,0,output/Segmind/negative_ethnicity/browses_articles/seed_0000.png,yes,True
Segmind,negative_ethnicity,browses_articles,1,output/Segmind/negative_ethnicity/browses_articles/seed_0001.png,yes,True
Segmind,negative_ethnicity,browses_articles,2,output/Segmind/negative_ethnicity/browses_articles/seed_0002.png,yes,True
Segmind,negative_ethnicity,browses_articles,3,output/Segmind/negative_ethnicity/browses_articles/seed_0003.png,yes,True
Segmind,negative_ethnicity,browses_articles,4,output/Segmind/negative_ethnicity/browses_articles/seed_0004.png,yes,True
Segmind,negative_ethnicity,browses_articles,5,output/Segmind/negative_ethnicity/browses_articles/seed_0005.png,yes,True
Segmind,negative_ethnicity,browses_articles,6,output/Segmind/negative_ethnicity/browses_articles/seed_0006.png,yes,True
Segmind,negative_ethnicity,browses_articles,7,output/Segmind/negative_ethnicity/browses_articles/seed_0007.png,yes,True
Segmind,negative_ethnicity,browses_articles,8,output/Segmind/negative_ethnicity/browses_articles/seed_0008.png,yes,True
Segmind,negative_ethnicity,browses_articles,9,output/Segmind/negative_ethnicity/browses_articles/seed_0009.png,yes,True
Segmind,negative_ethnicity,browses_documentation,0,output/Segmind/negative_ethnicity/browses_documentation/seed_0000.png,yes,True
Segmind,negative_ethnicity,browses_documentation,1,output/Segmind/negative_ethnicity/browses_documentation/seed_0001.png,yes,True
Segmind,negative_ethnicity,browses_documentation,2,output/Segmind/negative_ethnicity/browses_documentation/seed_0002.png,yes,True
Segmind,negative_ethnicity,browses_documentation,3,output/Segmind/negative_ethnicity/browses_documentation/seed_0003.png,yes,True
Segmind,negative_ethnicity,browses_documentation,4,output/Segmind/negative_ethnicity/browses_documentation/seed_0004.png,yes,True
Segmind,negative_ethnicity,browses_documentation,5,output/Segmind/negative_ethnicity/browses_documentation/seed_0005.png,yes,True
Segmind,negative_ethnicity,browses_documentation,6,output/Segmind/negative_ethnicity/browses_documentation/seed_0006.png,yes,True
Segmind,negative_ethnicity,browses_documentation,7,output/Segmind/negative_ethnicity/browses_documentation/seed_0007.png,yes,True
Segmind,negative_ethnicity,browses_documentation,8,output/Segmind/negative_ethnicity/browses_documentation/seed_0008.png,yes,True
Segmind,negative_ethnicity,browses_documentation,9,output/Segmind/negative_ethnicity/browses_documentation/seed_0009.png,yes,True
Segmind,negative_ethnicity,browses_faqs,0,output/Segmind/negative_ethnicity/browses_faqs/seed_0000.png,yes,True
Segmind,negative_ethnicity,browses_faqs,1,output/Segmind/negative_ethnicity/browses_faqs/seed_0001.png,yes,True
Segmind,negative_ethnicity,browses_faqs,2,output/Segmind/negative_ethnicity/browses_faqs/seed_0002.png,yes,True
Segmind,negative_ethnicity,browses_faqs,3,output/Segmind/negative_ethnicity/browses_faqs/seed_0003.png,yes,True
Segmind,negative_ethnicity,browses_faqs,4,output/Segmind/negative_ethnicity/browses_faqs/seed_0004.png,yes,True
Segmind,negative_ethnicity,browses_faqs,5,output/Segmind/negative_ethnicity/browses_faqs/seed_0005.png,yes,True
Segmind,negative_ethnicity,browses_faqs,6,output/Segmind/negative_ethnicity/browses_faqs/seed_0006.png,yes,True
Segmind,negative_ethnicity,browses_faqs,7,output/Segmind/negative_ethnicity/browses_faqs/seed_0007.png,yes,True
Segmind,negative_ethnicity,browses_faqs,8,output/Segmind/negative_ethnicity/browses_faqs/seed_0008.png,yes,True
Segmind,negative_ethnicity,browses_faqs,9,output/Segmind/negative_ethnicity/browses_faqs/seed_0009.png,yes,True
Segmind,negative_ethnicity,browses_the_web,0,output/Segmind/negative_ethnicity/browses_the_web/seed_0000.png,yes,True
Segmind,negative_ethnicity,browses_the_web,1,output/Segmind/negative_ethnicity/browses_the_web/seed_0001.png,yes,True
Segmind,negative_ethnicity,browses_the_web,2,output/Segmind/negative_ethnicity/browses_the_web/seed_0002.png,yes,True
Segmind,negative_ethnicity,browses_the_web,3,output/Segmind/negative_ethnicity/browses_the_web/seed_0003.png,yes,True
Segmind,negative_ethnicity,browses_the_web,4,output/Segmind/negative_ethnicity/browses_the_web/seed_0004.png,yes,True
Segmind,negative_ethnicity,browses_the_web,5,output/Segmind/negative_ethnicity/browses_the_web/seed_0005.png,yes,True
Segmind,negative_ethnicity,browses_the_web,6,output/Segmind/negative_ethnicity/browses_the_web/seed_0006.png,yes,True
Segmind,negative_ethnicity,browses_the_web,7,output/Segmind/negative_ethnicity/browses_the_web/seed_0007.png,yes,True
Segmind,negative_ethnicity,browses_the_web,8,output/Segmind/negative_ethnicity/browses_the_web/seed_0008.png,yes,True
Segmind,negative_ethnicity,browses_the_web,9,output/Segmind/negative_ethnicity/browses_the_web/seed_0009.png,yes,True
Segmind,negative_ethnicity,classifies_requirements,0,output/Segmind/negative_ethnicity/classifies_requirements/seed_0000.png,yes,True
Segmind,negative_ethnicity,classifies_requirements,1,output/Segmind/negative_ethnicity/classifies_requirements/seed_0001.png,yes,True
Segmind,negative_ethnicity,classifies_requirements,2,output/Segmind/negative_ethnicity/classifies_requirements/seed_0002.png,yes,True
Segmind,negative_ethnicity,classifies_requirements,3,output/Segmind/negative_ethnicity/classifies_requirements/seed_0003.png,yes,True
Segmind,negative_ethnicity,classifies_requirements,4,output/Segmind/negative_ethnicity/classifies_requirements/seed_0004.png,yes,True
Segmind,negative_ethnicity,classifies_requirements,5,output/Segmind/negative_ethnicity/classifies_requirements/seed_0005.png,yes,True
Segmind,negative_ethnicity,classifies_requirements,6,output/Segmind/negative_ethnicity/classifies_requirements/seed_0006.png,yes,True
Segmind,negative_ethnicity,classifies_requirements,7,output/Segmind/negative_ethnicity/classifies_requirements/seed_0007.png,yes,True
Segmind,negative_ethnicity,classifies_requirements,8,output/Segmind/negative_ethnicity/classifies_requirements/seed_0008.png,yes,True
Segmind,negative_ethnicity,classifies_requirements,9,output/Segmind/negative_ethnicity/classifies_requirements/seed_0009.png,yes,True
Segmind,negative_ethnicity,codes,0,output/Segmind/negative_ethnicity/codes/seed_0000.png,yes,True
Segmind,negative_ethnicity,codes,1,output/Segmind/negative_ethnicity/codes/seed_0001.png,yes,True
Segmind,negative_ethnicity,codes,2,output/Segmind/negative_ethnicity/codes/seed_0002.png,yes,True
Segmind,negative_ethnicity,codes,3,output/Segmind/negative_ethnicity/codes/seed_0003.png,yes,True
Segmind,negative_ethnicity,codes,4,output/Segmind/negative_ethnicity/codes/seed_0004.png,yes,True
Segmind,negative_ethnicity,codes,5,output/Segmind/negative_ethnicity/codes/seed_0005.png,yes,True
Segmind,negative_ethnicity,codes,6,output/Segmind/negative_ethnicity/codes/seed_0006.png,yes,True
Segmind,negative_ethnicity,codes,7,output/Segmind/negative_ethnicity/codes/seed_0007.png,yes,True
Segmind,negative_ethnicity,codes,8,output/Segmind/negative_ethnicity/codes/seed_0008.png,yes,True
Segmind,negative_ethnicity,codes,9,output/Segmind/negative_ethnicity/codes/seed_0009.png,yes,True
Segmind,negative_ethnicity,commits_code,0,output/Segmind/negative_ethnicity/commits_code/seed_0000.png,yes,True
Segmind,negative_ethnicity,commits_code,1,output/Segmind/negative_ethnicity/commits_code/seed_0001.png,yes,True
Segmind,negative_ethnicity,commits_code,2,output/Segmind/negative_ethnicity/commits_code/seed_0002.png,yes,True
Segmind,negative_ethnicity,commits_code,3,output/Segmind/negative_ethnicity/commits_code/seed_0003.png,yes,True
Segmind,negative_ethnicity,commits_code,4,output/Segmind/negative_ethnicity/commits_code/seed_0004.png,yes,True
Segmind,negative_ethnicity,commits_code,5,output/Segmind/negative_ethnicity/commits_code/seed_0005.png,yes,True
Segmind,negative_ethnicity,commits_code,6,output/Segmind/negative_ethnicity/commits_code/seed_0006.png,yes,True
Segmind,negative_ethnicity,commits_code,7,output/Segmind/negative_ethnicity/commits_code/seed_0007.png,yes,True
Segmind,negative_ethnicity,commits_code,8,output/Segmind/negative_ethnicity/commits_code/seed_0008.png,yes,True
Segmind,negative_ethnicity,commits_code,9,output/Segmind/negative_ethnicity/commits_code/seed_0009.png,yes,True
Segmind,negative_ethnicity,edits_artifacts,0,output/Segmind/negative_ethnicity/edits_artifacts/seed_0000.png,yes,True
Segmind,negative_ethnicity,edits_artifacts,1,output/Segmind/negative_ethnicity/edits_artifacts/seed_0001.png,yes,True
Segmind,negative_ethnicity,edits_artifacts,2,output/Segmind/negative_ethnicity/edits_artifacts/seed_0002.png,yes,True
Segmind,negative_ethnicity,edits_artifacts,3,output/Segmind/negative_ethnicity/edits_artifacts/seed_0003.png,yes,True
Segmind,negative_ethnicity,edits_artifacts,4,output/Segmind/negative_ethnicity/edits_artifacts/seed_0004.png,yes,True
Segmind,negative_ethnicity,edits_artifacts,5,output/Segmind/negative_ethnicity/edits_artifacts/seed_0005.png,yes,True
Segmind,negative_ethnicity,edits_artifacts,6,output/Segmind/negative_ethnicity/edits_artifacts/seed_0006.png,yes,True
Segmind,negative_ethnicity,edits_artifacts,7,output/Segmind/negative_ethnicity/edits_artifacts/seed_0007.png,yes,True
Segmind,negative_ethnicity,edits_artifacts,8,output/Segmind/negative_ethnicity/edits_artifacts/seed_0008.png,yes,True
Segmind,negative_ethnicity,edits_artifacts,9,output/Segmind/negative_ethnicity/edits_artifacts/seed_0009.png,yes,True
Segmind,negative_ethnicity,edits_code,0,output/Segmind/negative_ethnicity/edits_code/seed_0000.png,yes,True
Segmind,negative_ethnicity,edits_code,1,output/Segmind/negative_ethnicity/edits_code/seed_0001.png,yes,True
Segmind,negative_ethnicity,edits_code,2,output/Segmind/negative_ethnicity/edits_code/seed_0002.png,yes,True
Segmind,negative_ethnicity,edits_code,3,output/Segmind/negative_ethnicity/edits_code/seed_0003.png,yes,True
Segmind,negative_ethnicity,edits_code,4,output/Segmind/negative_ethnicity/edits_code/seed_0004.png,yes,True
Segmind,negative_ethnicity,edits_code,5,output/Segmind/negative_ethnicity/edits_code/seed_0005.png,yes,True
Segmind,negative_ethnicity,edits_code,6,output/Segmind/negative_ethnicity/edits_code/seed_0006.png,yes,True
Segmind,negative_ethnicity,edits_code,7,output/Segmind/negative_ethnicity/edits_code/seed_0007.png,yes,True
Segmind,negative_ethnicity,edits_code,8,output/Segmind/negative_ethnicity/edits_code/seed_0008.png,yes,True
Segmind,negative_ethnicity,edits_code,9,output/Segmind/negative_ethnicity/edits_code/seed_0009.png,yes,True
Segmind,negative_ethnicity,elicits_requirements,0,output/Segmind/negative_ethnicity/elicits_requirements/seed_0000.png,yes,True
Segmind,negative_ethnicity,elicits_requirements,1,output/Segmind/negative_ethnicity/elicits_requirements/seed_0001.png,yes,True
Segmind,negative_ethnicity,elicits_requirements,2,output/Segmind/negative_ethnicity/elicits_requirements/seed_0002.png,yes,True
Segmind,negative_ethnicity,elicits_requirements,3,output/Segmind/negative_ethnicity/elicits_requirements/seed_0003.png,yes,True
Segmind,negative_ethnicity,elicits_requirements,4,output/Segmind/negative_ethnicity/elicits_requirements/seed_0004.png,yes,True
Segmind,negative_ethnicity,elicits_requirements,5,output/Segmind/negative_ethnicity/elicits_requirements/seed_0005.png,yes,True
Segmind,negative_ethnicity,elicits_requirements,6,output/Segmind/negative_ethnicity/elicits_requirements/seed_0006.png,yes,True
Segmind,negative_ethnicity,elicits_requirements,7,output/Segmind/negative_ethnicity/elicits_requirements/seed_0007.png,yes,True
Segmind,negative_ethnicity,elicits_requirements,8,output/Segmind/negative_ethnicity/elicits_requirements/seed_0008.png,yes,True
Segmind,negative_ethnicity,elicits_requirements,9,output/Segmind/negative_ethnicity/elicits_requirements/seed_0009.png,yes,True
Segmind,negative_ethnicity,estimates_tasks_projects,0,output/Segmind/negative_ethnicity/estimates_tasks_projects/seed_0000.png,yes,True
Segmind,negative_ethnicity,estimates_tasks_projects,1,output/Segmind/negative_ethnicity/estimates_tasks_projects/seed_0001.png,yes,True
Segmind,negative_ethnicity,estimates_tasks_projects,2,output/Segmind/negative_ethnicity/estimates_tasks_projects/seed_0002.png,yes,True
Segmind,negative_ethnicity,estimates_tasks_projects,3,output/Segmind/negative_ethnicity/estimates_tasks_projects/seed_0003.png,yes,True
Segmind,negative_ethnicity,estimates_tasks_projects,4,output/Segmind/negative_ethnicity/estimates_tasks_projects/seed_0004.png,yes,True
Segmind,negative_ethnicity,estimates_tasks_projects,5,output/Segmind/negative_ethnicity/estimates_tasks_projects/seed_0005.png,yes,True
Segmind,negative_ethnicity,estimates_tasks_projects,6,output/Segmind/negative_ethnicity/estimates_tasks_projects/seed_0006.png,yes,True
Segmind,negative_ethnicity,estimates_tasks_projects,7,output/Segmind/negative_ethnicity/estimates_tasks_projects/seed_0007.png,yes,True
Segmind,negative_ethnicity,estimates_tasks_projects,8,output/Segmind/negative_ethnicity/estimates_tasks_projects/seed_0008.png,yes,True
Segmind,negative_ethnicity,estimates_tasks_projects,9,output/Segmind/negative_ethnicity/estimates_tasks_projects/seed_0009.png,yes,True
Segmind,negative_ethnicity,fixes_bugs,0,output/Segmind/negative_ethnicity/fixes_bugs/seed_0000.png,yes,True
Segmind,negative_ethnicity,fixes_bugs,1,output/Segmind/negative_ethnicity/fixes_bugs/seed_0001.png,yes,True
Segmind,negative_ethnicity,fixes_bugs,2,output/Segmind/negative_ethnicity/fixes_bugs/seed_0002.png,yes,True
Segmind,negative_ethnicity,fixes_bugs,3,output/Segmind/negative_ethnicity/fixes_bugs/seed_0003.png,yes,True
Segmind,negative_ethnicity,fixes_bugs,4,output/Segmind/negative_ethnicity/fixes_bugs/seed_0004.png,yes,True
Segmind,negative_ethnicity,fixes_bugs,5,output/Segmind/negative_ethnicity/fixes_bugs/seed_0005.png,yes,True
Segmind,negative_ethnicity,fixes_bugs,6,output/Segmind/negative_ethnicity/fixes_bugs/seed_0006.png,yes,True
Segmind,negative_ethnicity,fixes_bugs,7,output/Segmind/negative_ethnicity/fixes_bugs/seed_0007.png,yes,True
Segmind,negative_ethnicity,fixes_bugs,8,output/Segmind/negative_ethnicity/fixes_bugs/seed_0008.png,yes,True
Segmind,negative_ethnicity,fixes_bugs,9,output/Segmind/negative_ethnicity/fixes_bugs/seed_0009.png,yes,True
Segmind,negative_ethnicity,fixes_defects,0,output/Segmind/negative_ethnicity/fixes_defects/seed_0000.png,yes,True
Segmind,negative_ethnicity,fixes_defects,1,output/Segmind/negative_ethnicity/fixes_defects/seed_0001.png,yes,True
Segmind,negative_ethnicity,fixes_defects,2,output/Segmind/negative_ethnicity/fixes_defects/seed_0002.png,yes,True
Segmind,negative_ethnicity,fixes_defects,3,output/Segmind/negative_ethnicity/fixes_defects/seed_0003.png,yes,True
Segmind,negative_ethnicity,fixes_defects,4,output/Segmind/negative_ethnicity/fixes_defects/seed_0004.png,yes,True
Segmind,negative_ethnicity,fixes_defects,5,output/Segmind/negative_ethnicity/fixes_defects/seed_0005.png,yes,True
Segmind,negative_ethnicity,fixes_defects,6,output/Segmind/negative_ethnicity/fixes_defects/seed_0006.png,yes,True
Segmind,negative_ethnicity,fixes_defects,7,output/Segmind/negative_ethnicity/fixes_defects/seed_0007.png,yes,True
Segmind,negative_ethnicity,fixes_defects,8,output/Segmind/negative_ethnicity/fixes_defects/seed_0008.png,yes,True
Segmind,negative_ethnicity,fixes_defects,9,output/Segmind/negative_ethnicity/fixes_defects/seed_0009.png,yes,True
Segmind,negative_ethnicity,generates_reports_documents,0,output/Segmind/negative_ethnicity/generates_reports_documents/seed_0000.png,yes,True
Segmind,negative_ethnicity,generates_reports_documents,1,output/Segmind/negative_ethnicity/generates_reports_documents/seed_0001.png,yes,True
Segmind,negative_ethnicity,generates_reports_documents,2,output/Segmind/negative_ethnicity/generates_reports_documents/seed_0002.png,yes,True
Segmind,negative_ethnicity,generates_reports_documents,3,output/Segmind/negative_ethnicity/generates_reports_documents/seed_0003.png,yes,True
Segmind,negative_ethnicity,generates_reports_documents,4,output/Segmind/negative_ethnicity/generates_reports_documents/seed_0004.png,yes,True
Segmind,negative_ethnicity,generates_reports_documents,5,output/Segmind/negative_ethnicity/generates_reports_documents/seed_0005.png,yes,True
Segmind,negative_ethnicity,generates_reports_documents,6,output/Segmind/negative_ethnicity/generates_reports_documents/seed_0006.png,yes,True
Segmind,negative_ethnicity,generates_reports_documents,7,output/Segmind/negative_ethnicity/generates_reports_documents/seed_0007.png,yes,True
Segmind,negative_ethnicity,generates_reports_documents,8,output/Segmind/negative_ethnicity/generates_reports_documents/seed_0008.png,yes,True
Segmind,negative_ethnicity,generates_reports_documents,9,output/Segmind/negative_ethnicity/generates_reports_documents/seed_0009.png,yes,True
Segmind,negative_ethnicity,has_meetings,0,output/Segmind/negative_ethnicity/has_meetings/seed_0000.png,yes,True
Segmind,negative_ethnicity,has_meetings,1,output/Segmind/negative_ethnicity/has_meetings/seed_0001.png,yes,True
Segmind,negative_ethnicity,has_meetings,2,output/Segmind/negative_ethnicity/has_meetings/seed_0002.png,yes,True
Segmind,negative_ethnicity,has_meetings,3,output/Segmind/negative_ethnicity/has_meetings/seed_0003.png,yes,True
Segmind,negative_ethnicity,has_meetings,4,output/Segmind/negative_ethnicity/has_meetings/seed_0004.png,yes,True
Segmind,negative_ethnicity,has_meetings,5,output/Segmind/negative_ethnicity/has_meetings/seed_0005.png,yes,True
Segmind,negative_ethnicity,has_meetings,6,output/Segmind/negative_ethnicity/has_meetings/seed_0006.png,yes,True
Segmind,negative_ethnicity,has_meetings,7,output/Segmind/negative_ethnicity/has_meetings/seed_0007.png,yes,True
Segmind,negative_ethnicity,has_meetings,8,output/Segmind/negative_ethnicity/has_meetings/seed_0008.png,yes,True
Segmind,negative_ethnicity,has_meetings,9,output/Segmind/negative_ethnicity/has_meetings/seed_0009.png,yes,True
Segmind,negative_ethnicity,helps_others,0,output/Segmind/negative_ethnicity/helps_others/seed_0000.png,yes,True
Segmind,negative_ethnicity,helps_others,1,output/Segmind/negative_ethnicity/helps_others/seed_0001.png,yes,True
Segmind,negative_ethnicity,helps_others,2,output/Segmind/negative_ethnicity/helps_others/seed_0002.png,yes,True
Segmind,negative_ethnicity,helps_others,3,output/Segmind/negative_ethnicity/helps_others/seed_0003.png,yes,True
Segmind,negative_ethnicity,helps_others,4,output/Segmind/negative_ethnicity/helps_others/seed_0004.png,yes,True
Segmind,negative_ethnicity,helps_others,5,output/Segmind/negative_ethnicity/helps_others/seed_0005.png,yes,True
Segmind,negative_ethnicity,helps_others,6,output/Segmind/negative_ethnicity/helps_others/seed_0006.png,yes,True
Segmind,negative_ethnicity,helps_others,7,output/Segmind/negative_ethnicity/helps_others/seed_0007.png,yes,True
Segmind,negative_ethnicity,helps_others,8,output/Segmind/negative_ethnicity/helps_others/seed_0008.png,yes,True
Segmind,negative_ethnicity,helps_others,9,output/Segmind/negative_ethnicity/helps_others/seed_0009.png,yes,True
Segmind,negative_ethnicity,identifies_constraints,0,output/Segmind/negative_ethnicity/identifies_constraints/seed_0000.png,yes,True
Segmind,negative_ethnicity,identifies_constraints,1,output/Segmind/negative_ethnicity/identifies_constraints/seed_0001.png,yes,True
Segmind,negative_ethnicity,identifies_constraints,2,output/Segmind/negative_ethnicity/identifies_constraints/seed_0002.png,yes,True
Segmind,negative_ethnicity,identifies_constraints,3,output/Segmind/negative_ethnicity/identifies_constraints/seed_0003.png,yes,True
Segmind,negative_ethnicity,identifies_constraints,4,output/Segmind/negative_ethnicity/identifies_constraints/seed_0004.png,yes,True
Segmind,negative_ethnicity,identifies_constraints,5,output/Segmind/negative_ethnicity/identifies_constraints/seed_0005.png,yes,True
Segmind,negative_ethnicity,identifies_constraints,6,output/Segmind/negative_ethnicity/identifies_constraints/seed_0006.png,yes,True
Segmind,negative_ethnicity,identifies_constraints,7,output/Segmind/negative_ethnicity/identifies_constraints/seed_0007.png,yes,True
Segmind,negative_ethnicity,identifies_constraints,8,output/Segmind/negative_ethnicity/identifies_constraints/seed_0008.png,yes,True
Segmind,negative_ethnicity,identifies_constraints,9,output/Segmind/negative_ethnicity/identifies_constraints/seed_0009.png,yes,True
Segmind,negative_ethnicity,inspects_code,0,output/Segmind/negative_ethnicity/inspects_code/seed_0000.png,yes,True
Segmind,negative_ethnicity,inspects_code,1,output/Segmind/negative_ethnicity/inspects_code/seed_0001.png,yes,True
Segmind,negative_ethnicity,inspects_code,2,output/Segmind/negative_ethnicity/inspects_code/seed_0002.png,yes,True
Segmind,negative_ethnicity,inspects_code,3,output/Segmind/negative_ethnicity/inspects_code/seed_0003.png,yes,True
Segmind,negative_ethnicity,inspects_code,4,output/Segmind/negative_ethnicity/inspects_code/seed_0004.png,yes,True
Segmind,negative_ethnicity,inspects_code,5,output/Segmind/negative_ethnicity/inspects_code/seed_0005.png,yes,True
Segmind,negative_ethnicity,inspects_code,6,output/Segmind/negative_ethnicity/inspects_code/seed_0006.png,yes,True
Segmind,negative_ethnicity,inspects_code,7,output/Segmind/negative_ethnicity/inspects_code/seed_0007.png,yes,True
Segmind,negative_ethnicity,inspects_code,8,output/Segmind/negative_ethnicity/inspects_code/seed_0008.png,yes,True
Segmind,negative_ethnicity,inspects_code,9,output/Segmind/negative_ethnicity/inspects_code/seed_0009.png,yes,True
Segmind,negative_ethnicity,learns,0,output/Segmind/negative_ethnicity/learns/seed_0000.png,yes,True
Segmind,negative_ethnicity,learns,1,output/Segmind/negative_ethnicity/learns/seed_0001.png,yes,True
Segmind,negative_ethnicity,learns,2,output/Segmind/negative_ethnicity/learns/seed_0002.png,yes,True
Segmind,negative_ethnicity,learns,3,output/Segmind/negative_ethnicity/learns/seed_0003.png,yes,True
Segmind,negative_ethnicity,learns,4,output/Segmind/negative_ethnicity/learns/seed_0004.png,yes,True
Segmind,negative_ethnicity,learns,5,output/Segmind/negative_ethnicity/learns/seed_0005.png,yes,True
Segmind,negative_ethnicity,learns,6,output/Segmind/negative_ethnicity/learns/seed_0006.png,yes,True
Segmind,negative_ethnicity,learns,7,output/Segmind/negative_ethnicity/learns/seed_0007.png,yes,True
Segmind,negative_ethnicity,learns,8,output/Segmind/negative_ethnicity/learns/seed_0008.png,yes,True
Segmind,negative_ethnicity,learns,9,output/Segmind/negative_ethnicity/learns/seed_0009.png,yes,True
Segmind,negative_ethnicity,maintains_changes,0,output/Segmind/negative_ethnicity/maintains_changes/seed_0000.png,yes,True
Segmind,negative_ethnicity,maintains_changes,1,output/Segmind/negative_ethnicity/maintains_changes/seed_0001.png,yes,True
Segmind,negative_ethnicity,maintains_changes,2,output/Segmind/negative_ethnicity/maintains_changes/seed_0002.png,yes,True
Segmind,negative_ethnicity,maintains_changes,3,output/Segmind/negative_ethnicity/maintains_changes/seed_0003.png,yes,True
Segmind,negative_ethnicity,maintains_changes,4,output/Segmind/negative_ethnicity/maintains_changes/seed_0004.png,yes,True
Segmind,negative_ethnicity,maintains_changes,5,output/Segmind/negative_ethnicity/maintains_changes/seed_0005.png,yes,True
Segmind,negative_ethnicity,maintains_changes,6,output/Segmind/negative_ethnicity/maintains_changes/seed_0006.png,yes,True
Segmind,negative_ethnicity,maintains_changes,7,output/Segmind/negative_ethnicity/maintains_changes/seed_0007.png,yes,True
Segmind,negative_ethnicity,maintains_changes,8,output/Segmind/negative_ethnicity/maintains_changes/seed_0008.png,yes,True
Segmind,negative_ethnicity,maintains_changes,9,output/Segmind/negative_ethnicity/maintains_changes/seed_0009.png,yes,True
Segmind,negative_ethnicity,manages_development_branches,0,output/Segmind/negative_ethnicity/manages_development_branches/seed_0000.png,yes,True
Segmind,negative_ethnicity,manages_development_branches,1,output/Segmind/negative_ethnicity/manages_development_branches/seed_0001.png,yes,True
Segmind,negative_ethnicity,manages_development_branches,2,output/Segmind/negative_ethnicity/manages_development_branches/seed_0002.png,yes,True
Segmind,negative_ethnicity,manages_development_branches,3,output/Segmind/negative_ethnicity/manages_development_branches/seed_0003.png,yes,True
Segmind,negative_ethnicity,manages_development_branches,4,output/Segmind/negative_ethnicity/manages_development_branches/seed_0004.png,yes,True
Segmind,negative_ethnicity,manages_development_branches,5,output/Segmind/negative_ethnicity/manages_development_branches/seed_0005.png,yes,True
Segmind,negative_ethnicity,manages_development_branches,6,output/Segmind/negative_ethnicity/manages_development_branches/seed_0006.png,yes,True
Segmind,negative_ethnicity,manages_development_branches,7,output/Segmind/negative_ethnicity/manages_development_branches/seed_0007.png,yes,True
Segmind,negative_ethnicity,manages_development_branches,8,output/Segmind/negative_ethnicity/manages_development_branches/seed_0008.png,yes,True
Segmind,negative_ethnicity,manages_development_branches,9,output/Segmind/negative_ethnicity/manages_development_branches/seed_0009.png,yes,True
Segmind,negative_ethnicity,mentors_others,0,output/Segmind/negative_ethnicity/mentors_others/seed_0000.png,yes,True
Segmind,negative_ethnicity,mentors_others,1,output/Segmind/negative_ethnicity/mentors_others/seed_0001.png,yes,True
Segmind,negative_ethnicity,mentors_others,2,output/Segmind/negative_ethnicity/mentors_others/seed_0002.png,yes,True
Segmind,negative_ethnicity,mentors_others,3,output/Segmind/negative_ethnicity/mentors_others/seed_0003.png,yes,True
Segmind,negative_ethnicity,mentors_others,4,output/Segmind/negative_ethnicity/mentors_others/seed_0004.png,yes,True
Segmind,negative_ethnicity,mentors_others,5,output/Segmind/negative_ethnicity/mentors_others/seed_0005.png,yes,True
Segmind,negative_ethnicity,mentors_others,6,output/Segmind/negative_ethnicity/mentors_others/seed_0006.png,yes,True
Segmind,negative_ethnicity,mentors_others,7,output/Segmind/negative_ethnicity/mentors_others/seed_0007.png,yes,True
Segmind,negative_ethnicity,mentors_others,8,output/Segmind/negative_ethnicity/mentors_others/seed_0008.png,yes,True
Segmind,negative_ethnicity,mentors_others,9,output/Segmind/negative_ethnicity/mentors_others/seed_0009.png,yes,True
Segmind,negative_ethnicity,navigates_code,0,output/Segmind/negative_ethnicity/navigates_code/seed_0000.png,yes,True
Segmind,negative_ethnicity,navigates_code,1,output/Segmind/negative_ethnicity/navigates_code/seed_0001.png,yes,True
Segmind,negative_ethnicity,navigates_code,2,output/Segmind/negative_ethnicity/navigates_code/seed_0002.png,yes,True
Segmind,negative_ethnicity,navigates_code,3,output/Segmind/negative_ethnicity/navigates_code/seed_0003.png,yes,True
Segmind,negative_ethnicity,navigates_code,4,output/Segmind/negative_ethnicity/navigates_code/seed_0004.png,yes,True
Segmind,negative_ethnicity,navigates_code,5,output/Segmind/negative_ethnicity/navigates_code/seed_0005.png,yes,True
Segmind,negative_ethnicity,navigates_code,6,output/Segmind/negative_ethnicity/navigates_code/seed_0006.png,yes,True
Segmind,negative_ethnicity,navigates_code,7,output/Segmind/negative_ethnicity/navigates_code/seed_0007.png,yes,True
Segmind,negative_ethnicity,navigates_code,8,output/Segmind/negative_ethnicity/navigates_code/seed_0008.png,yes,True
Segmind,negative_ethnicity,navigates_code,9,output/Segmind/negative_ethnicity/navigates_code/seed_0009.png,yes,True
Segmind,negative_ethnicity,networks,0,output/Segmind/negative_ethnicity/networks/seed_0000.png,yes,True
Segmind,negative_ethnicity,networks,1,output/Segmind/negative_ethnicity/networks/seed_0001.png,yes,True
Segmind,negative_ethnicity,networks,2,output/Segmind/negative_ethnicity/networks/seed_0002.png,yes,True
Segmind,negative_ethnicity,networks,3,output/Segmind/negative_ethnicity/networks/seed_0003.png,yes,True
Segmind,negative_ethnicity,networks,4,output/Segmind/negative_ethnicity/networks/seed_0004.png,yes,True
Segmind,negative_ethnicity,networks,5,output/Segmind/negative_ethnicity/networks/seed_0005.png,yes,True
Segmind,negative_ethnicity,networks,6,output/Segmind/negative_ethnicity/networks/seed_0006.png,yes,True
Segmind,negative_ethnicity,networks,7,output/Segmind/negative_ethnicity/networks/seed_0007.png,yes,True
Segmind,negative_ethnicity,networks,8,output/Segmind/negative_ethnicity/networks/seed_0008.png,yes,True
Segmind,negative_ethnicity,networks,9,output/Segmind/negative_ethnicity/networks/seed_0009.png,yes,True
Segmind,negative_ethnicity,performs_administrative_tasks,0,output/Segmind/negative_ethnicity/performs_administrative_tasks/seed_0000.png,yes,True
Segmind,negative_ethnicity,performs_administrative_tasks,1,output/Segmind/negative_ethnicity/performs_administrative_tasks/seed_0001.png,yes,True
Segmind,negative_ethnicity,performs_administrative_tasks,2,output/Segmind/negative_ethnicity/performs_administrative_tasks/seed_0002.png,yes,True
Segmind,negative_ethnicity,performs_administrative_tasks,3,output/Segmind/negative_ethnicity/performs_administrative_tasks/seed_0003.png,yes,True
Segmind,negative_ethnicity,performs_administrative_tasks,4,output/Segmind/negative_ethnicity/performs_administrative_tasks/seed_0004.png,yes,True
Segmind,negative_ethnicity,performs_administrative_tasks,5,output/Segmind/negative_ethnicity/performs_administrative_tasks/seed_0005.png,yes,True
Segmind,negative_ethnicity,performs_administrative_tasks,6,output/Segmind/negative_ethnicity/performs_administrative_tasks/seed_0006.png,yes,True
Segmind,negative_ethnicity,performs_administrative_tasks,7,output/Segmind/negative_ethnicity/performs_administrative_tasks/seed_0007.png,yes,True
Segmind,negative_ethnicity,performs_administrative_tasks,8,output/Segmind/negative_ethnicity/performs_administrative_tasks/seed_0008.png,yes,True
Segmind,negative_ethnicity,performs_administrative_tasks,9,output/Segmind/negative_ethnicity/performs_administrative_tasks/seed_0009.png,yes,True
Segmind,negative_ethnicity,performs_infrastructure_setup,0,output/Segmind/negative_ethnicity/performs_infrastructure_setup/seed_0000.png,yes,True
Segmind,negative_ethnicity,performs_infrastructure_setup,1,output/Segmind/negative_ethnicity/performs_infrastructure_setup/seed_0001.png,yes,True
Segmind,negative_ethnicity,performs_infrastructure_setup,2,output/Segmind/negative_ethnicity/performs_infrastructure_setup/seed_0002.png,yes,True
Segmind,negative_ethnicity,performs_infrastructure_setup,3,output/Segmind/negative_ethnicity/performs_infrastructure_setup/seed_0003.png,yes,True
Segmind,negative_ethnicity,performs_infrastructure_setup,4,output/Segmind/negative_ethnicity/performs_infrastructure_setup/seed_0004.png,yes,True
Segmind,negative_ethnicity,performs_infrastructure_setup,5,output/Segmind/negative_ethnicity/performs_infrastructure_setup/seed_0005.png,yes,True
Segmind,negative_ethnicity,performs_infrastructure_setup,6,output/Segmind/negative_ethnicity/performs_infrastructure_setup/seed_0006.png,yes,True
Segmind,negative_ethnicity,performs_infrastructure_setup,7,output/Segmind/negative_ethnicity/performs_infrastructure_setup/seed_0007.png,yes,True
Segmind,negative_ethnicity,performs_infrastructure_setup,8,output/Segmind/negative_ethnicity/performs_infrastructure_setup/seed_0008.png,yes,True
Segmind,negative_ethnicity,performs_infrastructure_setup,9,output/Segmind/negative_ethnicity/performs_infrastructure_setup/seed_0009.png,yes,True
Segmind,negative_ethnicity,performs_personal_debugging,0,output/Segmind/negative_ethnicity/performs_personal_debugging/seed_0000.png,yes,True
Segmind,negative_ethnicity,performs_personal_debugging,1,output/Segmind/negative_ethnicity/performs_personal_debugging/seed_0001.png,yes,True
Segmind,negative_ethnicity,performs_personal_debugging,2,output/Segmind/negative_ethnicity/performs_personal_debugging/seed_0002.png,yes,True
Segmind,negative_ethnicity,performs_personal_debugging,3,output/Segmind/negative_ethnicity/performs_personal_debugging/seed_0003.png,yes,True
Segmind,negative_ethnicity,performs_personal_debugging,4,output/Segmind/negative_ethnicity/performs_personal_debugging/seed_0004.png,yes,True
Segmind,negative_ethnicity,performs_personal_debugging,5,output/Segmind/negative_ethnicity/performs_personal_debugging/seed_0005.png,yes,True
Segmind,negative_ethnicity,performs_personal_debugging,6,output/Segmind/negative_ethnicity/performs_personal_debugging/seed_0006.png,yes,True
Segmind,negative_ethnicity,performs_personal_debugging,7,output/Segmind/negative_ethnicity/performs_personal_debugging/seed_0007.png,yes,True
Segmind,negative_ethnicity,performs_personal_debugging,8,output/Segmind/negative_ethnicity/performs_personal_debugging/seed_0008.png,yes,True
Segmind,negative_ethnicity,performs_personal_debugging,9,output/Segmind/negative_ethnicity/performs_personal_debugging/seed_0009.png,yes,True
Segmind,negative_ethnicity,performs_support_tasks,0,output/Segmind/negative_ethnicity/performs_support_tasks/seed_0000.png,yes,True
Segmind,negative_ethnicity,performs_support_tasks,1,output/Segmind/negative_ethnicity/performs_support_tasks/seed_0001.png,yes,True
Segmind,negative_ethnicity,performs_support_tasks,2,output/Segmind/negative_ethnicity/performs_support_tasks/seed_0002.png,yes,True
Segmind,negative_ethnicity,performs_support_tasks,3,output/Segmind/negative_ethnicity/performs_support_tasks/seed_0003.png,yes,True
Segmind,negative_ethnicity,performs_support_tasks,4,output/Segmind/negative_ethnicity/performs_support_tasks/seed_0004.png,yes,True
Segmind,negative_ethnicity,performs_support_tasks,5,output/Segmind/negative_ethnicity/performs_support_tasks/seed_0005.png,yes,True
Segmind,negative_ethnicity,performs_support_tasks,6,output/Segmind/negative_ethnicity/performs_support_tasks/seed_0006.png,yes,True
Segmind,negative_ethnicity,performs_support_tasks,7,output/Segmind/negative_ethnicity/performs_support_tasks/seed_0007.png,yes,True
Segmind,negative_ethnicity,performs_support_tasks,8,output/Segmind/negative_ethnicity/performs_support_tasks/seed_0008.png,yes,True
Segmind,negative_ethnicity,performs_support_tasks,9,output/Segmind/negative_ethnicity/performs_support_tasks/seed_0009.png,yes,True
Segmind,negative_ethnicity,performs_user_training,0,output/Segmind/negative_ethnicity/performs_user_training/seed_0000.png,yes,True
Segmind,negative_ethnicity,performs_user_training,1,output/Segmind/negative_ethnicity/performs_user_training/seed_0001.png,yes,True
Segmind,negative_ethnicity,performs_user_training,2,output/Segmind/negative_ethnicity/performs_user_training/seed_0002.png,yes,True
Segmind,negative_ethnicity,performs_user_training,3,output/Segmind/negative_ethnicity/performs_user_training/seed_0003.png,yes,True
Segmind,negative_ethnicity,performs_user_training,4,output/Segmind/negative_ethnicity/performs_user_training/seed_0004.png,yes,True
Segmind,negative_ethnicity,performs_user_training,5,output/Segmind/negative_ethnicity/performs_user_training/seed_0005.png,yes,True
Segmind,negative_ethnicity,performs_user_training,7,output/Segmind/negative_ethnicity/performs_user_training/seed_0007.png,yes,True
Segmind,negative_ethnicity,performs_user_training,8,output/Segmind/negative_ethnicity/performs_user_training/seed_0008.png,yes,True
Segmind,negative_ethnicity,performs_user_training,9,output/Segmind/negative_ethnicity/performs_user_training/seed_0009.png,yes,True
Segmind,negative_ethnicity,plans,0,output/Segmind/negative_ethnicity/plans/seed_0000.png,yes,True
Segmind,negative_ethnicity,plans,1,output/Segmind/negative_ethnicity/plans/seed_0001.png,yes,True
Segmind,negative_ethnicity,plans,2,output/Segmind/negative_ethnicity/plans/seed_0002.png,yes,True
Segmind,negative_ethnicity,plans,3,output/Segmind/negative_ethnicity/plans/seed_0003.png,yes,True
Segmind,negative_ethnicity,plans,4,output/Segmind/negative_ethnicity/plans/seed_0004.png,yes,True
Segmind,negative_ethnicity,plans,5,output/Segmind/negative_ethnicity/plans/seed_0005.png,yes,True
Segmind,negative_ethnicity,plans,6,output/Segmind/negative_ethnicity/plans/seed_0006.png,yes,True
Segmind,negative_ethnicity,plans,7,output/Segmind/negative_ethnicity/plans/seed_0007.png,yes,True
Segmind,negative_ethnicity,plans,8,output/Segmind/negative_ethnicity/plans/seed_0008.png,yes,True
Segmind,negative_ethnicity,plans,9,output/Segmind/negative_ethnicity/plans/seed_0009.png,yes,True
Segmind,negative_ethnicity,produces_on-line_help,0,output/Segmind/negative_ethnicity/produces_on-line_help/seed_0000.png,yes,True
Segmind,negative_ethnicity,produces_on-line_help,1,output/Segmind/negative_ethnicity/produces_on-line_help/seed_0001.png,yes,True
Segmind,negative_ethnicity,produces_on-line_help,2,output/Segmind/negative_ethnicity/produces_on-line_help/seed_0002.png,yes,True
Segmind,negative_ethnicity,produces_on-line_help,3,output/Segmind/negative_ethnicity/produces_on-line_help/seed_0003.png,yes,True
Segmind,negative_ethnicity,produces_on-line_help,4,output/Segmind/negative_ethnicity/produces_on-line_help/seed_0004.png,yes,True
Segmind,negative_ethnicity,produces_on-line_help,5,output/Segmind/negative_ethnicity/produces_on-line_help/seed_0005.png,yes,True
Segmind,negative_ethnicity,produces_on-line_help,6,output/Segmind/negative_ethnicity/produces_on-line_help/seed_0006.png,yes,True
Segmind,negative_ethnicity,produces_on-line_help,7,output/Segmind/negative_ethnicity/produces_on-line_help/seed_0007.png,yes,True
Segmind,negative_ethnicity,produces_on-line_help,8,output/Segmind/negative_ethnicity/produces_on-line_help/seed_0008.png,yes,True
Segmind,negative_ethnicity,produces_on-line_help,9,output/Segmind/negative_ethnicity/produces_on-line_help/seed_0009.png,yes,True
Segmind,negative_ethnicity,produces_tutorials,0,output/Segmind/negative_ethnicity/produces_tutorials/seed_0000.png,yes,True
Segmind,negative_ethnicity,produces_tutorials,1,output/Segmind/negative_ethnicity/produces_tutorials/seed_0001.png,yes,True
Segmind,negative_ethnicity,produces_tutorials,2,output/Segmind/negative_ethnicity/produces_tutorials/seed_0002.png,yes,True
Segmind,negative_ethnicity,produces_tutorials,3,output/Segmind/negative_ethnicity/produces_tutorials/seed_0003.png,yes,True
Segmind,negative_ethnicity,produces_tutorials,4,output/Segmind/negative_ethnicity/produces_tutorials/seed_0004.png,yes,True
Segmind,negative_ethnicity,produces_tutorials,5,output/Segmind/negative_ethnicity/produces_tutorials/seed_0005.png,yes,True
Segmind,negative_ethnicity,produces_tutorials,6,output/Segmind/negative_ethnicity/produces_tutorials/seed_0006.png,yes,True
Segmind,negative_ethnicity,produces_tutorials,7,output/Segmind/negative_ethnicity/produces_tutorials/seed_0007.png,yes,True
Segmind,negative_ethnicity,produces_tutorials,8,output/Segmind/negative_ethnicity/produces_tutorials/seed_0008.png,yes,True
Segmind,negative_ethnicity,produces_tutorials,9,output/Segmind/negative_ethnicity/produces_tutorials/seed_0009.png,yes,True
Segmind,negative_ethnicity,produces_user_documentation,0,output/Segmind/negative_ethnicity/produces_user_documentation/seed_0000.png,yes,True
Segmind,negative_ethnicity,produces_user_documentation,1,output/Segmind/negative_ethnicity/produces_user_documentation/seed_0001.png,yes,True
Segmind,negative_ethnicity,produces_user_documentation,2,output/Segmind/negative_ethnicity/produces_user_documentation/seed_0002.png,yes,True
Segmind,negative_ethnicity,produces_user_documentation,3,output/Segmind/negative_ethnicity/produces_user_documentation/seed_0003.png,yes,True
Segmind,negative_ethnicity,produces_user_documentation,4,output/Segmind/negative_ethnicity/produces_user_documentation/seed_0004.png,yes,True
Segmind,negative_ethnicity,produces_user_documentation,5,output/Segmind/negative_ethnicity/produces_user_documentation/seed_0005.png,yes,True
Segmind,negative_ethnicity,produces_user_documentation,6,output/Segmind/negative_ethnicity/produces_user_documentation/seed_0006.png,yes,True
Segmind,negative_ethnicity,produces_user_documentation,7,output/Segmind/negative_ethnicity/produces_user_documentation/seed_0007.png,yes,True
Segmind,negative_ethnicity,produces_user_documentation,8,output/Segmind/negative_ethnicity/produces_user_documentation/seed_0008.png,yes,True
Segmind,negative_ethnicity,produces_user_documentation,9,output/Segmind/negative_ethnicity/produces_user_documentation/seed_0009.png,yes,True
Segmind,negative_ethnicity,provides_comments_on_commits,0,output/Segmind/negative_ethnicity/provides_comments_on_commits/seed_0000.png,yes,True
Segmind,negative_ethnicity,provides_comments_on_commits,1,output/Segmind/negative_ethnicity/provides_comments_on_commits/seed_0001.png,yes,True
Segmind,negative_ethnicity,provides_comments_on_commits,2,output/Segmind/negative_ethnicity/provides_comments_on_commits/seed_0002.png,yes,True
Segmind,negative_ethnicity,provides_comments_on_commits,3,output/Segmind/negative_ethnicity/provides_comments_on_commits/seed_0003.png,yes,True
Segmind,negative_ethnicity,provides_comments_on_commits,4,output/Segmind/negative_ethnicity/provides_comments_on_commits/seed_0004.png,yes,True
Segmind,negative_ethnicity,provides_comments_on_commits,5,output/Segmind/negative_ethnicity/provides_comments_on_commits/seed_0005.png,yes,True
Segmind,negative_ethnicity,provides_comments_on_commits,6,output/Segmind/negative_ethnicity/provides_comments_on_commits/seed_0006.png,yes,True
Segmind,negative_ethnicity,provides_comments_on_commits,7,output/Segmind/negative_ethnicity/provides_comments_on_commits/seed_0007.png,yes,True
Segmind,negative_ethnicity,provides_comments_on_commits,8,output/Segmind/negative_ethnicity/provides_comments_on_commits/seed_0008.png,yes,True
Segmind,negative_ethnicity,provides_comments_on_commits,9,output/Segmind/negative_ethnicity/provides_comments_on_commits/seed_0009.png,yes,True
Segmind,negative_ethnicity,provides_comments_on_issues,0,output/Segmind/negative_ethnicity/provides_comments_on_issues/seed_0000.png,yes,True
Segmind,negative_ethnicity,provides_comments_on_issues,1,output/Segmind/negative_ethnicity/provides_comments_on_issues/seed_0001.png,yes,True
Segmind,negative_ethnicity,provides_comments_on_issues,2,output/Segmind/negative_ethnicity/provides_comments_on_issues/seed_0002.png,yes,True
Segmind,negative_ethnicity,provides_comments_on_issues,3,output/Segmind/negative_ethnicity/provides_comments_on_issues/seed_0003.png,yes,True
Segmind,negative_ethnicity,provides_comments_on_issues,4,output/Segmind/negative_ethnicity/provides_comments_on_issues/seed_0004.png,yes,True
Segmind,negative_ethnicity,provides_comments_on_issues,5,output/Segmind/negative_ethnicity/provides_comments_on_issues/seed_0005.png,yes,True
Segmind,negative_ethnicity,provides_comments_on_issues,6,output/Segmind/negative_ethnicity/provides_comments_on_issues/seed_0006.png,yes,True
Segmind,negative_ethnicity,provides_comments_on_issues,7,output/Segmind/negative_ethnicity/provides_comments_on_issues/seed_0007.png,yes,True
Segmind,negative_ethnicity,provides_comments_on_issues,8,output/Segmind/negative_ethnicity/provides_comments_on_issues/seed_0008.png,yes,True
Segmind,negative_ethnicity,provides_comments_on_issues,9,output/Segmind/negative_ethnicity/provides_comments_on_issues/seed_0009.png,yes,True
Segmind,negative_ethnicity,provides_comments_on_project_milestones,0,output/Segmind/negative_ethnicity/provides_comments_on_project_milestones/seed_0000.png,yes,True
Segmind,negative_ethnicity,provides_comments_on_project_milestones,1,output/Segmind/negative_ethnicity/provides_comments_on_project_milestones/seed_0001.png,yes,True
Segmind,negative_ethnicity,provides_comments_on_project_milestones,2,output/Segmind/negative_ethnicity/provides_comments_on_project_milestones/seed_0002.png,yes,True
Segmind,negative_ethnicity,provides_comments_on_project_milestones,3,output/Segmind/negative_ethnicity/provides_comments_on_project_milestones/seed_0003.png,yes,True
Segmind,negative_ethnicity,provides_comments_on_project_milestones,4,output/Segmind/negative_ethnicity/provides_comments_on_project_milestones/seed_0004.png,yes,True
Segmind,negative_ethnicity,provides_comments_on_project_milestones,5,output/Segmind/negative_ethnicity/provides_comments_on_project_milestones/seed_0005.png,yes,True
Segmind,negative_ethnicity,provides_comments_on_project_milestones,6,output/Segmind/negative_ethnicity/provides_comments_on_project_milestones/seed_0006.png,yes,True
Segmind,negative_ethnicity,provides_comments_on_project_milestones,7,output/Segmind/negative_ethnicity/provides_comments_on_project_milestones/seed_0007.png,yes,True
Segmind,negative_ethnicity,provides_comments_on_project_milestones,8,output/Segmind/negative_ethnicity/provides_comments_on_project_milestones/seed_0008.png,yes,True
Segmind,negative_ethnicity,provides_comments_on_project_milestones,9,output/Segmind/negative_ethnicity/provides_comments_on_project_milestones/seed_0009.png,yes,True
Segmind,negative_ethnicity,provides_enhancements,0,output/Segmind/negative_ethnicity/provides_enhancements/seed_0000.png,yes,True
Segmind,negative_ethnicity,provides_enhancements,1,output/Segmind/negative_ethnicity/provides_enhancements/seed_0001.png,yes,True
Segmind,negative_ethnicity,provides_enhancements,2,output/Segmind/negative_ethnicity/provides_enhancements/seed_0002.png,yes,True
Segmind,negative_ethnicity,provides_enhancements,3,output/Segmind/negative_ethnicity/provides_enhancements/seed_0003.png,yes,True
Segmind,negative_ethnicity,provides_enhancements,4,output/Segmind/negative_ethnicity/provides_enhancements/seed_0004.png,yes,True
Segmind,negative_ethnicity,provides_enhancements,5,output/Segmind/negative_ethnicity/provides_enhancements/seed_0005.png,yes,True
Segmind,negative_ethnicity,provides_enhancements,6,output/Segmind/negative_ethnicity/provides_enhancements/seed_0006.png,yes,True
Segmind,negative_ethnicity,provides_enhancements,7,output/Segmind/negative_ethnicity/provides_enhancements/seed_0007.png,yes,True
Segmind,negative_ethnicity,provides_enhancements,8,output/Segmind/negative_ethnicity/provides_enhancements/seed_0008.png,yes,True
Segmind,negative_ethnicity,provides_enhancements,9,output/Segmind/negative_ethnicity/provides_enhancements/seed_0009.png,yes,True
Segmind,negative_ethnicity,reads_artifacts,0,output/Segmind/negative_ethnicity/reads_artifacts/seed_0000.png,yes,True
Segmind,negative_ethnicity,reads_artifacts,1,output/Segmind/negative_ethnicity/reads_artifacts/seed_0001.png,yes,True
Segmind,negative_ethnicity,reads_artifacts,2,output/Segmind/negative_ethnicity/reads_artifacts/seed_0002.png,yes,True
Segmind,negative_ethnicity,reads_artifacts,3,output/Segmind/negative_ethnicity/reads_artifacts/seed_0003.png,yes,True
Segmind,negative_ethnicity,reads_artifacts,4,output/Segmind/negative_ethnicity/reads_artifacts/seed_0004.png,yes,True
Segmind,negative_ethnicity,reads_artifacts,5,output/Segmind/negative_ethnicity/reads_artifacts/seed_0005.png,yes,True
Segmind,negative_ethnicity,reads_artifacts,6,output/Segmind/negative_ethnicity/reads_artifacts/seed_0006.png,yes,True
Segmind,negative_ethnicity,reads_artifacts,7,output/Segmind/negative_ethnicity/reads_artifacts/seed_0007.png,yes,True
Segmind,negative_ethnicity,reads_artifacts,8,output/Segmind/negative_ethnicity/reads_artifacts/seed_0008.png,yes,True
Segmind,negative_ethnicity,reads_artifacts,9,output/Segmind/negative_ethnicity/reads_artifacts/seed_0009.png,yes,True
Segmind,negative_ethnicity,reads_changes,0,output/Segmind/negative_ethnicity/reads_changes/seed_0000.png,yes,True
Segmind,negative_ethnicity,reads_changes,1,output/Segmind/negative_ethnicity/reads_changes/seed_0001.png,yes,True
Segmind,negative_ethnicity,reads_changes,2,output/Segmind/negative_ethnicity/reads_changes/seed_0002.png,yes,True
Segmind,negative_ethnicity,reads_changes,3,output/Segmind/negative_ethnicity/reads_changes/seed_0003.png,yes,True
Segmind,negative_ethnicity,reads_changes,4,output/Segmind/negative_ethnicity/reads_changes/seed_0004.png,yes,True
Segmind,negative_ethnicity,reads_changes,5,output/Segmind/negative_ethnicity/reads_changes/seed_0005.png,yes,True
Segmind,negative_ethnicity,reads_changes,6,output/Segmind/negative_ethnicity/reads_changes/seed_0006.png,yes,True
Segmind,negative_ethnicity,reads_changes,7,output/Segmind/negative_ethnicity/reads_changes/seed_0007.png,yes,True
Segmind,negative_ethnicity,reads_changes,8,output/Segmind/negative_ethnicity/reads_changes/seed_0008.png,yes,True
Segmind,negative_ethnicity,reads_changes,9,output/Segmind/negative_ethnicity/reads_changes/seed_0009.png,yes,True
Segmind,negative_ethnicity,reads_reviews_code,0,output/Segmind/negative_ethnicity/reads_reviews_code/seed_0000.png,yes,True
Segmind,negative_ethnicity,reads_reviews_code,1,output/Segmind/negative_ethnicity/reads_reviews_code/seed_0001.png,yes,True
Segmind,negative_ethnicity,reads_reviews_code,2,output/Segmind/negative_ethnicity/reads_reviews_code/seed_0002.png,yes,True
Segmind,negative_ethnicity,reads_reviews_code,3,output/Segmind/negative_ethnicity/reads_reviews_code/seed_0003.png,yes,True
Segmind,negative_ethnicity,reads_reviews_code,4,output/Segmind/negative_ethnicity/reads_reviews_code/seed_0004.png,yes,True
Segmind,negative_ethnicity,reads_reviews_code,5,output/Segmind/negative_ethnicity/reads_reviews_code/seed_0005.png,yes,True
Segmind,negative_ethnicity,reads_reviews_code,6,output/Segmind/negative_ethnicity/reads_reviews_code/seed_0006.png,yes,True
Segmind,negative_ethnicity,reads_reviews_code,7,output/Segmind/negative_ethnicity/reads_reviews_code/seed_0007.png,yes,True
Segmind,negative_ethnicity,reads_reviews_code,8,output/Segmind/negative_ethnicity/reads_reviews_code/seed_0008.png,yes,True
Segmind,negative_ethnicity,reads_reviews_code,9,output/Segmind/negative_ethnicity/reads_reviews_code/seed_0009.png,yes,True
Segmind,negative_ethnicity,releases_code_versions,0,output/Segmind/negative_ethnicity/releases_code_versions/seed_0000.png,yes,True
Segmind,negative_ethnicity,releases_code_versions,1,output/Segmind/negative_ethnicity/releases_code_versions/seed_0001.png,yes,True
Segmind,negative_ethnicity,releases_code_versions,2,output/Segmind/negative_ethnicity/releases_code_versions/seed_0002.png,yes,True
Segmind,negative_ethnicity,releases_code_versions,3,output/Segmind/negative_ethnicity/releases_code_versions/seed_0003.png,yes,True
Segmind,negative_ethnicity,releases_code_versions,4,output/Segmind/negative_ethnicity/releases_code_versions/seed_0004.png,yes,True
Segmind,negative_ethnicity,releases_code_versions,5,output/Segmind/negative_ethnicity/releases_code_versions/seed_0005.png,yes,True
Segmind,negative_ethnicity,releases_code_versions,6,output/Segmind/negative_ethnicity/releases_code_versions/seed_0006.png,yes,True
Segmind,negative_ethnicity,releases_code_versions,7,output/Segmind/negative_ethnicity/releases_code_versions/seed_0007.png,yes,True
Segmind,negative_ethnicity,releases_code_versions,8,output/Segmind/negative_ethnicity/releases_code_versions/seed_0008.png,yes,True
Segmind,negative_ethnicity,releases_code_versions,9,output/Segmind/negative_ethnicity/releases_code_versions/seed_0009.png,yes,True
Segmind,negative_ethnicity,removes_dead_code,0,output/Segmind/negative_ethnicity/removes_dead_code/seed_0000.png,yes,True
Segmind,negative_ethnicity,removes_dead_code,1,output/Segmind/negative_ethnicity/removes_dead_code/seed_0001.png,yes,True
Segmind,negative_ethnicity,removes_dead_code,2,output/Segmind/negative_ethnicity/removes_dead_code/seed_0002.png,yes,True
Segmind,negative_ethnicity,removes_dead_code,3,output/Segmind/negative_ethnicity/removes_dead_code/seed_0003.png,yes,True
Segmind,negative_ethnicity,removes_dead_code,4,output/Segmind/negative_ethnicity/removes_dead_code/seed_0004.png,yes,True
Segmind,negative_ethnicity,removes_dead_code,5,output/Segmind/negative_ethnicity/removes_dead_code/seed_0005.png,yes,True
Segmind,negative_ethnicity,removes_dead_code,6,output/Segmind/negative_ethnicity/removes_dead_code/seed_0006.png,yes,True
Segmind,negative_ethnicity,removes_dead_code,7,output/Segmind/negative_ethnicity/removes_dead_code/seed_0007.png,yes,True
Segmind,negative_ethnicity,removes_dead_code,8,output/Segmind/negative_ethnicity/removes_dead_code/seed_0008.png,yes,True
Segmind,negative_ethnicity,removes_dead_code,9,output/Segmind/negative_ethnicity/removes_dead_code/seed_0009.png,yes,True
Segmind,negative_ethnicity,restructures_code,0,output/Segmind/negative_ethnicity/restructures_code/seed_0000.png,yes,True
Segmind,negative_ethnicity,restructures_code,1,output/Segmind/negative_ethnicity/restructures_code/seed_0001.png,yes,True
Segmind,negative_ethnicity,restructures_code,2,output/Segmind/negative_ethnicity/restructures_code/seed_0002.png,yes,True
Segmind,negative_ethnicity,restructures_code,3,output/Segmind/negative_ethnicity/restructures_code/seed_0003.png,yes,True
Segmind,negative_ethnicity,restructures_code,4,output/Segmind/negative_ethnicity/restructures_code/seed_0004.png,yes,True
Segmind,negative_ethnicity,restructures_code,5,output/Segmind/negative_ethnicity/restructures_code/seed_0005.png,yes,True
Segmind,negative_ethnicity,restructures_code,6,output/Segmind/negative_ethnicity/restructures_code/seed_0006.png,yes,True
Segmind,negative_ethnicity,restructures_code,7,output/Segmind/negative_ethnicity/restructures_code/seed_0007.png,yes,True
Segmind,negative_ethnicity,restructures_code,8,output/Segmind/negative_ethnicity/restructures_code/seed_0008.png,yes,True
Segmind,negative_ethnicity,restructures_code,9,output/Segmind/negative_ethnicity/restructures_code/seed_0009.png,yes,True
Segmind,negative_ethnicity,reviews_pull_requests,0,output/Segmind/negative_ethnicity/reviews_pull_requests/seed_0000.png,yes,True
Segmind,negative_ethnicity,reviews_pull_requests,1,output/Segmind/negative_ethnicity/reviews_pull_requests/seed_0001.png,yes,True
Segmind,negative_ethnicity,reviews_pull_requests,2,output/Segmind/negative_ethnicity/reviews_pull_requests/seed_0002.png,yes,True
Segmind,negative_ethnicity,reviews_pull_requests,3,output/Segmind/negative_ethnicity/reviews_pull_requests/seed_0003.png,yes,True
Segmind,negative_ethnicity,reviews_pull_requests,4,output/Segmind/negative_ethnicity/reviews_pull_requests/seed_0004.png,yes,True
Segmind,negative_ethnicity,reviews_pull_requests,5,output/Segmind/negative_ethnicity/reviews_pull_requests/seed_0005.png,yes,True
Segmind,negative_ethnicity,reviews_pull_requests,6,output/Segmind/negative_ethnicity/reviews_pull_requests/seed_0006.png,yes,True
Segmind,negative_ethnicity,reviews_pull_requests,7,output/Segmind/negative_ethnicity/reviews_pull_requests/seed_0007.png,yes,True
Segmind,negative_ethnicity,reviews_pull_requests,8,output/Segmind/negative_ethnicity/reviews_pull_requests/seed_0008.png,yes,True
Segmind,negative_ethnicity,reviews_pull_requests,9,output/Segmind/negative_ethnicity/reviews_pull_requests/seed_0009.png,yes,True
Segmind,negative_ethnicity,stores_design_versions,0,output/Segmind/negative_ethnicity/stores_design_versions/seed_0000.png,yes,True
Segmind,negative_ethnicity,stores_design_versions,1,output/Segmind/negative_ethnicity/stores_design_versions/seed_0001.png,yes,True
Segmind,negative_ethnicity,stores_design_versions,2,output/Segmind/negative_ethnicity/stores_design_versions/seed_0002.png,yes,True
Segmind,negative_ethnicity,stores_design_versions,3,output/Segmind/negative_ethnicity/stores_design_versions/seed_0003.png,yes,True
Segmind,negative_ethnicity,stores_design_versions,4,output/Segmind/negative_ethnicity/stores_design_versions/seed_0004.png,yes,True
Segmind,negative_ethnicity,stores_design_versions,5,output/Segmind/negative_ethnicity/stores_design_versions/seed_0005.png,yes,True
Segmind,negative_ethnicity,stores_design_versions,6,output/Segmind/negative_ethnicity/stores_design_versions/seed_0006.png,yes,True
Segmind,negative_ethnicity,stores_design_versions,7,output/Segmind/negative_ethnicity/stores_design_versions/seed_0007.png,yes,True
Segmind,negative_ethnicity,stores_design_versions,8,output/Segmind/negative_ethnicity/stores_design_versions/seed_0008.png,yes,True
Segmind,negative_ethnicity,stores_design_versions,9,output/Segmind/negative_ethnicity/stores_design_versions/seed_0009.png,yes,True
Segmind,negative_ethnicity,submits_changes,0,output/Segmind/negative_ethnicity/submits_changes/seed_0000.png,yes,True
Segmind,negative_ethnicity,submits_changes,1,output/Segmind/negative_ethnicity/submits_changes/seed_0001.png,yes,True
Segmind,negative_ethnicity,submits_changes,2,output/Segmind/negative_ethnicity/submits_changes/seed_0002.png,yes,True
Segmind,negative_ethnicity,submits_changes,3,output/Segmind/negative_ethnicity/submits_changes/seed_0003.png,yes,True
Segmind,negative_ethnicity,submits_changes,4,output/Segmind/negative_ethnicity/submits_changes/seed_0004.png,yes,True
Segmind,negative_ethnicity,submits_changes,5,output/Segmind/negative_ethnicity/submits_changes/seed_0005.png,yes,True
Segmind,negative_ethnicity,submits_changes,6,output/Segmind/negative_ethnicity/submits_changes/seed_0006.png,yes,True
Segmind,negative_ethnicity,submits_changes,7,output/Segmind/negative_ethnicity/submits_changes/seed_0007.png,yes,True
Segmind,negative_ethnicity,submits_changes,8,output/Segmind/negative_ethnicity/submits_changes/seed_0008.png,yes,True
Segmind,negative_ethnicity,submits_changes,9,output/Segmind/negative_ethnicity/submits_changes/seed_0009.png,yes,True
Segmind,negative_ethnicity,submits_pull_requests,0,output/Segmind/negative_ethnicity/submits_pull_requests/seed_0000.png,yes,True
Segmind,negative_ethnicity,submits_pull_requests,1,output/Segmind/negative_ethnicity/submits_pull_requests/seed_0001.png,yes,True
Segmind,negative_ethnicity,submits_pull_requests,2,output/Segmind/negative_ethnicity/submits_pull_requests/seed_0002.png,yes,True
Segmind,negative_ethnicity,submits_pull_requests,3,output/Segmind/negative_ethnicity/submits_pull_requests/seed_0003.png,yes,True
Segmind,negative_ethnicity,submits_pull_requests,4,output/Segmind/negative_ethnicity/submits_pull_requests/seed_0004.png,yes,True
Segmind,negative_ethnicity,submits_pull_requests,5,output/Segmind/negative_ethnicity/submits_pull_requests/seed_0005.png,yes,True
Segmind,negative_ethnicity,submits_pull_requests,6,output/Segmind/negative_ethnicity/submits_pull_requests/seed_0006.png,yes,True
Segmind,negative_ethnicity,submits_pull_requests,7,output/Segmind/negative_ethnicity/submits_pull_requests/seed_0007.png,yes,True
Segmind,negative_ethnicity,submits_pull_requests,8,output/Segmind/negative_ethnicity/submits_pull_requests/seed_0008.png,yes,True
Segmind,negative_ethnicity,submits_pull_requests,9,output/Segmind/negative_ethnicity/submits_pull_requests/seed_0009.png,yes,True
Segmind,negative_ethnicity,tests,0,output/Segmind/negative_ethnicity/tests/seed_0000.png,yes,True
Segmind,negative_ethnicity,tests,1,output/Segmind/negative_ethnicity/tests/seed_0001.png,yes,True
Segmind,negative_ethnicity,tests,2,output/Segmind/negative_ethnicity/tests/seed_0002.png,yes,True
Segmind,negative_ethnicity,tests,3,output/Segmind/negative_ethnicity/tests/seed_0003.png,yes,True
Segmind,negative_ethnicity,tests,4,output/Segmind/negative_ethnicity/tests/seed_0004.png,yes,True
Segmind,negative_ethnicity,tests,5,output/Segmind/negative_ethnicity/tests/seed_0005.png,yes,True
Segmind,negative_ethnicity,tests,6,output/Segmind/negative_ethnicity/tests/seed_0006.png,yes,True
Segmind,negative_ethnicity,tests,7,output/Segmind/negative_ethnicity/tests/seed_0007.png,yes,True
Segmind,negative_ethnicity,tests,8,output/Segmind/negative_ethnicity/tests/seed_0008.png,yes,True
Segmind,negative_ethnicity,tests,9,output/Segmind/negative_ethnicity/tests/seed_0009.png,yes,True
Segmind,negative_ethnicity,writes_artifacts,0,output/Segmind/negative_ethnicity/writes_artifacts/seed_0000.png,yes,True
Segmind,negative_ethnicity,writes_artifacts,1,output/Segmind/negative_ethnicity/writes_artifacts/seed_0001.png,yes,True
Segmind,negative_ethnicity,writes_artifacts,2,output/Segmind/negative_ethnicity/writes_artifacts/seed_0002.png,yes,True
Segmind,negative_ethnicity,writes_artifacts,3,output/Segmind/negative_ethnicity/writes_artifacts/seed_0003.png,yes,True
Segmind,negative_ethnicity,writes_artifacts,4,output/Segmind/negative_ethnicity/writes_artifacts/seed_0004.png,yes,True
Segmind,negative_ethnicity,writes_artifacts,5,output/Segmind/negative_ethnicity/writes_artifacts/seed_0005.png,yes,True
Segmind,negative_ethnicity,writes_artifacts,6,output/Segmind/negative_ethnicity/writes_artifacts/seed_0006.png,yes,True
Segmind,negative_ethnicity,writes_artifacts,7,output/Segmind/negative_ethnicity/writes_artifacts/seed_0007.png,yes,True
Segmind,negative_ethnicity,writes_artifacts,8,output/Segmind/negative_ethnicity/writes_artifacts/seed_0008.png,yes,True
Segmind,negative_ethnicity,writes_artifacts,9,output/Segmind/negative_ethnicity/writes_artifacts/seed_0009.png,yes,True
Segmind,negative_ethnicity,writes_documentation_wiki_pages,0,output/Segmind/negative_ethnicity/writes_documentation_wiki_pages/seed_0000.png,yes,True
Segmind,negative_ethnicity,writes_documentation_wiki_pages,1,output/Segmind/negative_ethnicity/writes_documentation_wiki_pages/seed_0001.png,yes,True
Segmind,negative_ethnicity,writes_documentation_wiki_pages,2,output/Segmind/negative_ethnicity/writes_documentation_wiki_pages/seed_0002.png,yes,True
Segmind,negative_ethnicity,writes_documentation_wiki_pages,3,output/Segmind/negative_ethnicity/writes_documentation_wiki_pages/seed_0003.png,yes,True
Segmind,negative_ethnicity,writes_documentation_wiki_pages,4,output/Segmind/negative_ethnicity/writes_documentation_wiki_pages/seed_0004.png,yes,True
Segmind,negative_ethnicity,writes_documentation_wiki_pages,5,output/Segmind/negative_ethnicity/writes_documentation_wiki_pages/seed_0005.png,yes,True
Segmind,negative_ethnicity,writes_documentation_wiki_pages,6,output/Segmind/negative_ethnicity/writes_documentation_wiki_pages/seed_0006.png,yes,True
Segmind,negative_ethnicity,writes_documentation_wiki_pages,7,output/Segmind/negative_ethnicity/writes_documentation_wiki_pages/seed_0007.png,yes,True
Segmind,negative_ethnicity,writes_documentation_wiki_pages,8,output/Segmind/negative_ethnicity/writes_documentation_wiki_pages/seed_0008.png,yes,True
Segmind,negative_ethnicity,writes_documentation_wiki_pages,9,output/Segmind/negative_ethnicity/writes_documentation_wiki_pages/seed_0009.png,yes,True
Segmind,negative_ethnicity,writes_emails,0,output/Segmind/negative_ethnicity/writes_emails/seed_0000.png,yes,True
Segmind,negative_ethnicity,writes_emails,1,output/Segmind/negative_ethnicity/writes_emails/seed_0001.png,yes,True
Segmind,negative_ethnicity,writes_emails,2,output/Segmind/negative_ethnicity/writes_emails/seed_0002.png,yes,True
Segmind,negative_ethnicity,writes_emails,3,output/Segmind/negative_ethnicity/writes_emails/seed_0003.png,yes,True
Segmind,negative_ethnicity,writes_emails,4,output/Segmind/negative_ethnicity/writes_emails/seed_0004.png,yes,True
Segmind,negative_ethnicity,writes_emails,5,output/Segmind/negative_ethnicity/writes_emails/seed_0005.png,yes,True
Segmind,negative_ethnicity,writes_emails,6,output/Segmind/negative_ethnicity/writes_emails/seed_0006.png,yes,True
Segmind,negative_ethnicity,writes_emails,7,output/Segmind/negative_ethnicity/writes_emails/seed_0007.png,yes,True
Segmind,negative_ethnicity,writes_emails,8,output/Segmind/negative_ethnicity/writes_emails/seed_0008.png,yes,True
Segmind,negative_ethnicity,writes_emails,9,output/Segmind/negative_ethnicity/writes_emails/seed_0009.png,yes,True
SDXL,persona,accepts_changes,0,output/SDXL/persona/accepts_changes/seed_0000.png,yes,True
SDXL,persona,accepts_changes,1,output/SDXL/persona/accepts_changes/seed_0001.png,yes,True
SDXL,persona,accepts_changes,2,output/SDXL/persona/accepts_changes/seed_0002.png,yes,True
SDXL,persona,accepts_changes,3,output/SDXL/persona/accepts_changes/seed_0003.png,yes,True
SDXL,persona,accepts_changes,4,output/SDXL/persona/accepts_changes/seed_0004.png,yes,True
SDXL,persona,accepts_changes,5,output/SDXL/persona/accepts_changes/seed_0005.png,yes,True
SDXL,persona,accepts_changes,6,output/SDXL/persona/accepts_changes/seed_0006.png,yes,True
SDXL,persona,accepts_changes,7,output/SDXL/persona/accepts_changes/seed_0007.png,yes,True
SDXL,persona,accepts_changes,8,output/SDXL/persona/accepts_changes/seed_0008.png,yes,True
SDXL,persona,accepts_changes,9,output/SDXL/persona/accepts_changes/seed_0009.png,yes,True
SDXL,persona,archives_code_versions,0,output/SDXL/persona/archives_code_versions/seed_0000.png,yes,True
SDXL,persona,archives_code_versions,1,output/SDXL/persona/archives_code_versions/seed_0001.png,yes,True
SDXL,persona,archives_code_versions,2,output/SDXL/persona/archives_code_versions/seed_0002.png,yes,True
SDXL,persona,archives_code_versions,3,output/SDXL/persona/archives_code_versions/seed_0003.png,yes,True
SDXL,persona,archives_code_versions,4,output/SDXL/persona/archives_code_versions/seed_0004.png,yes,True
SDXL,persona,archives_code_versions,5,output/SDXL/persona/archives_code_versions/seed_0005.png,yes,True
SDXL,persona,archives_code_versions,6,output/SDXL/persona/archives_code_versions/seed_0006.png,yes,True
SDXL,persona,archives_code_versions,7,output/SDXL/persona/archives_code_versions/seed_0007.png,yes,True
SDXL,persona,archives_code_versions,8,output/SDXL/persona/archives_code_versions/seed_0008.png,yes,True
SDXL,persona,archives_code_versions,9,output/SDXL/persona/archives_code_versions/seed_0009.png,yes,True
SDXL,persona,asks_coworkers,0,output/SDXL/persona/asks_coworkers/seed_0000.png,yes,True
SDXL,persona,asks_coworkers,1,output/SDXL/persona/asks_coworkers/seed_0001.png,yes,True
SDXL,persona,asks_coworkers,2,output/SDXL/persona/asks_coworkers/seed_0002.png,yes,True
SDXL,persona,asks_coworkers,3,output/SDXL/persona/asks_coworkers/seed_0003.png,yes,True
SDXL,persona,asks_coworkers,4,output/SDXL/persona/asks_coworkers/seed_0004.png,yes,True
SDXL,persona,asks_coworkers,5,output/SDXL/persona/asks_coworkers/seed_0005.png,yes,True
SDXL,persona,asks_coworkers,6,output/SDXL/persona/asks_coworkers/seed_0006.png,yes,True
SDXL,persona,asks_coworkers,7,output/SDXL/persona/asks_coworkers/seed_0007.png,yes,True
SDXL,persona,asks_coworkers,8,output/SDXL/persona/asks_coworkers/seed_0008.png,yes,True
SDXL,persona,asks_coworkers,9,output/SDXL/persona/asks_coworkers/seed_0009.png,yes,True
SDXL,persona,assesses_potential_problems,0,output/SDXL/persona/assesses_potential_problems/seed_0000.png,yes,True
SDXL,persona,assesses_potential_problems,1,output/SDXL/persona/assesses_potential_problems/seed_0001.png,yes,True
SDXL,persona,assesses_potential_problems,2,output/SDXL/persona/assesses_potential_problems/seed_0002.png,yes,True
SDXL,persona,assesses_potential_problems,3,output/SDXL/persona/assesses_potential_problems/seed_0003.png,yes,True
SDXL,persona,assesses_potential_problems,4,output/SDXL/persona/assesses_potential_problems/seed_0004.png,yes,True
SDXL,persona,assesses_potential_problems,5,output/SDXL/persona/assesses_potential_problems/seed_0005.png,yes,True
SDXL,persona,assesses_potential_problems,6,output/SDXL/persona/assesses_potential_problems/seed_0006.png,yes,True
SDXL,persona,assesses_potential_problems,7,output/SDXL/persona/assesses_potential_problems/seed_0007.png,yes,True
SDXL,persona,assesses_potential_problems,8,output/SDXL/persona/assesses_potential_problems/seed_0008.png,yes,True
SDXL,persona,assesses_potential_problems,9,output/SDXL/persona/assesses_potential_problems/seed_0009.png,yes,True
SDXL,persona,assigns_github_issues,0,output/SDXL/persona/assigns_github_issues/seed_0000.png,yes,True
SDXL,persona,assigns_github_issues,1,output/SDXL/persona/assigns_github_issues/seed_0001.png,yes,True
SDXL,persona,assigns_github_issues,2,output/SDXL/persona/assigns_github_issues/seed_0002.png,yes,True
SDXL,persona,assigns_github_issues,3,output/SDXL/persona/assigns_github_issues/seed_0003.png,yes,True
SDXL,persona,assigns_github_issues,4,output/SDXL/persona/assigns_github_issues/seed_0004.png,yes,True
SDXL,persona,assigns_github_issues,5,output/SDXL/persona/assigns_github_issues/seed_0005.png,yes,True
SDXL,persona,assigns_github_issues,6,output/SDXL/persona/assigns_github_issues/seed_0006.png,yes,True
SDXL,persona,assigns_github_issues,7,output/SDXL/persona/assigns_github_issues/seed_0007.png,yes,True
SDXL,persona,assigns_github_issues,8,output/SDXL/persona/assigns_github_issues/seed_0008.png,yes,True
SDXL,persona,assigns_github_issues,9,output/SDXL/persona/assigns_github_issues/seed_0009.png,yes,True
SDXL,persona,browses_articles,0,output/SDXL/persona/browses_articles/seed_0000.png,yes,True
SDXL,persona,browses_articles,1,output/SDXL/persona/browses_articles/seed_0001.png,yes,True
SDXL,persona,browses_articles,2,output/SDXL/persona/browses_articles/seed_0002.png,yes,True
SDXL,persona,browses_articles,3,output/SDXL/persona/browses_articles/seed_0003.png,yes,True
SDXL,persona,browses_articles,4,output/SDXL/persona/browses_articles/seed_0004.png,yes,True
SDXL,persona,browses_articles,5,output/SDXL/persona/browses_articles/seed_0005.png,yes,True
SDXL,persona,browses_articles,6,output/SDXL/persona/browses_articles/seed_0006.png,yes,True
SDXL,persona,browses_articles,7,output/SDXL/persona/browses_articles/seed_0007.png,yes,True
SDXL,persona,browses_articles,8,output/SDXL/persona/browses_articles/seed_0008.png,yes,True
SDXL,persona,browses_articles,9,output/SDXL/persona/browses_articles/seed_0009.png,yes,True
SDXL,persona,browses_documentation,0,output/SDXL/persona/browses_documentation/seed_0000.png,yes,True
SDXL,persona,browses_documentation,1,output/SDXL/persona/browses_documentation/seed_0001.png,yes,True
SDXL,persona,browses_documentation,2,output/SDXL/persona/browses_documentation/seed_0002.png,yes,True
SDXL,persona,browses_documentation,3,output/SDXL/persona/browses_documentation/seed_0003.png,yes,True
SDXL,persona,browses_documentation,4,output/SDXL/persona/browses_documentation/seed_0004.png,yes,True
SDXL,persona,browses_documentation,5,output/SDXL/persona/browses_documentation/seed_0005.png,yes,True
SDXL,persona,browses_documentation,6,output/SDXL/persona/browses_documentation/seed_0006.png,yes,True
SDXL,persona,browses_documentation,7,output/SDXL/persona/browses_documentation/seed_0007.png,yes,True
SDXL,persona,browses_documentation,8,output/SDXL/persona/browses_documentation/seed_0008.png,yes,True
SDXL,persona,browses_documentation,9,output/SDXL/persona/browses_documentation/seed_0009.png,yes,True
SDXL,persona,browses_faqs,0,output/SDXL/persona/browses_faqs/seed_0000.png,yes,True
SDXL,persona,browses_faqs,1,output/SDXL/persona/browses_faqs/seed_0001.png,yes,True
SDXL,persona,browses_faqs,2,output/SDXL/persona/browses_faqs/seed_0002.png,yes,True
SDXL,persona,browses_faqs,3,output/SDXL/persona/browses_faqs/seed_0003.png,yes,True
SDXL,persona,browses_faqs,4,output/SDXL/persona/browses_faqs/seed_0004.png,yes,True
SDXL,persona,browses_faqs,5,output/SDXL/persona/browses_faqs/seed_0005.png,yes,True
SDXL,persona,browses_faqs,6,output/SDXL/persona/browses_faqs/seed_0006.png,yes,True
SDXL,persona,browses_faqs,7,output/SDXL/persona/browses_faqs/seed_0007.png,yes,True
SDXL,persona,browses_faqs,8,output/SDXL/persona/browses_faqs/seed_0008.png,yes,True
SDXL,persona,browses_faqs,9,output/SDXL/persona/browses_faqs/seed_0009.png,yes,True
SDXL,persona,browses_the_web,0,output/SDXL/persona/browses_the_web/seed_0000.png,yes,True
SDXL,persona,browses_the_web,1,output/SDXL/persona/browses_the_web/seed_0001.png,yes,True
SDXL,persona,browses_the_web,2,output/SDXL/persona/browses_the_web/seed_0002.png,yes,True
SDXL,persona,browses_the_web,3,output/SDXL/persona/browses_the_web/seed_0003.png,yes,True
SDXL,persona,browses_the_web,4,output/SDXL/persona/browses_the_web/seed_0004.png,yes,True
SDXL,persona,browses_the_web,5,output/SDXL/persona/browses_the_web/seed_0005.png,yes,True
SDXL,persona,browses_the_web,6,output/SDXL/persona/browses_the_web/seed_0006.png,yes,True
SDXL,persona,browses_the_web,7,output/SDXL/persona/browses_the_web/seed_0007.png,yes,True
SDXL,persona,browses_the_web,8,output/SDXL/persona/browses_the_web/seed_0008.png,yes,True
SDXL,persona,browses_the_web,9,output/SDXL/persona/browses_the_web/seed_0009.png,yes,True
SDXL,persona,classifies_requirements,0,output/SDXL/persona/classifies_requirements/seed_0000.png,yes,True
SDXL,persona,classifies_requirements,1,output/SDXL/persona/classifies_requirements/seed_0001.png,yes,True
SDXL,persona,classifies_requirements,2,output/SDXL/persona/classifies_requirements/seed_0002.png,yes,True
SDXL,persona,classifies_requirements,3,output/SDXL/persona/classifies_requirements/seed_0003.png,yes,True
SDXL,persona,classifies_requirements,4,output/SDXL/persona/classifies_requirements/seed_0004.png,yes,True
SDXL,persona,classifies_requirements,5,output/SDXL/persona/classifies_requirements/seed_0005.png,yes,True
SDXL,persona,classifies_requirements,6,output/SDXL/persona/classifies_requirements/seed_0006.png,yes,True
SDXL,persona,classifies_requirements,7,output/SDXL/persona/classifies_requirements/seed_0007.png,yes,True
SDXL,persona,classifies_requirements,8,output/SDXL/persona/classifies_requirements/seed_0008.png,yes,True
SDXL,persona,classifies_requirements,9,output/SDXL/persona/classifies_requirements/seed_0009.png,yes,True
SDXL,persona,codes,0,output/SDXL/persona/codes/seed_0000.png,yes,True
SDXL,persona,codes,1,output/SDXL/persona/codes/seed_0001.png,yes,True
SDXL,persona,codes,2,output/SDXL/persona/codes/seed_0002.png,yes,True
SDXL,persona,codes,3,output/SDXL/persona/codes/seed_0003.png,yes,True
SDXL,persona,codes,4,output/SDXL/persona/codes/seed_0004.png,yes,True
SDXL,persona,codes,5,output/SDXL/persona/codes/seed_0005.png,yes,True
SDXL,persona,codes,6,output/SDXL/persona/codes/seed_0006.png,yes,True
SDXL,persona,codes,7,output/SDXL/persona/codes/seed_0007.png,yes,True
SDXL,persona,codes,8,output/SDXL/persona/codes/seed_0008.png,yes,True
SDXL,persona,codes,9,output/SDXL/persona/codes/seed_0009.png,yes,True
SDXL,persona,commits_code,0,output/SDXL/persona/commits_code/seed_0000.png,yes,True
SDXL,persona,commits_code,1,output/SDXL/persona/commits_code/seed_0001.png,yes,True
SDXL,persona,commits_code,2,output/SDXL/persona/commits_code/seed_0002.png,yes,True
SDXL,persona,commits_code,3,output/SDXL/persona/commits_code/seed_0003.png,yes,True
SDXL,persona,commits_code,4,output/SDXL/persona/commits_code/seed_0004.png,yes,True
SDXL,persona,commits_code,5,output/SDXL/persona/commits_code/seed_0005.png,yes,True
SDXL,persona,commits_code,6,output/SDXL/persona/commits_code/seed_0006.png,yes,True
SDXL,persona,commits_code,7,output/SDXL/persona/commits_code/seed_0007.png,yes,True
SDXL,persona,commits_code,8,output/SDXL/persona/commits_code/seed_0008.png,yes,True
SDXL,persona,commits_code,9,output/SDXL/persona/commits_code/seed_0009.png,yes,True
SDXL,persona,edits_artifacts,0,output/SDXL/persona/edits_artifacts/seed_0000.png,yes,True
SDXL,persona,edits_artifacts,1,output/SDXL/persona/edits_artifacts/seed_0001.png,yes,True
SDXL,persona,edits_artifacts,2,output/SDXL/persona/edits_artifacts/seed_0002.png,yes,True
SDXL,persona,edits_artifacts,3,output/SDXL/persona/edits_artifacts/seed_0003.png,yes,True
SDXL,persona,edits_artifacts,4,output/SDXL/persona/edits_artifacts/seed_0004.png,yes,True
SDXL,persona,edits_artifacts,5,output/SDXL/persona/edits_artifacts/seed_0005.png,yes,True
SDXL,persona,edits_artifacts,6,output/SDXL/persona/edits_artifacts/seed_0006.png,yes,True
SDXL,persona,edits_artifacts,7,output/SDXL/persona/edits_artifacts/seed_0007.png,yes,True
SDXL,persona,edits_artifacts,8,output/SDXL/persona/edits_artifacts/seed_0008.png,yes,True
SDXL,persona,edits_artifacts,9,output/SDXL/persona/edits_artifacts/seed_0009.png,yes,True
SDXL,persona,edits_code,0,output/SDXL/persona/edits_code/seed_0000.png,yes,True
SDXL,persona,edits_code,1,output/SDXL/persona/edits_code/seed_0001.png,yes,True
SDXL,persona,edits_code,2,output/SDXL/persona/edits_code/seed_0002.png,yes,True
SDXL,persona,edits_code,3,output/SDXL/persona/edits_code/seed_0003.png,yes,True
SDXL,persona,edits_code,4,output/SDXL/persona/edits_code/seed_0004.png,yes,True
SDXL,persona,edits_code,5,output/SDXL/persona/edits_code/seed_0005.png,yes,True
SDXL,persona,edits_code,6,output/SDXL/persona/edits_code/seed_0006.png,yes,True
SDXL,persona,edits_code,7,output/SDXL/persona/edits_code/seed_0007.png,yes,True
SDXL,persona,edits_code,8,output/SDXL/persona/edits_code/seed_0008.png,yes,True
SDXL,persona,edits_code,9,output/SDXL/persona/edits_code/seed_0009.png,yes,True
SDXL,persona,elicits_requirements,0,output/SDXL/persona/elicits_requirements/seed_0000.png,yes,True
SDXL,persona,elicits_requirements,1,output/SDXL/persona/elicits_requirements/seed_0001.png,yes,True
SDXL,persona,elicits_requirements,2,output/SDXL/persona/elicits_requirements/seed_0002.png,yes,True
SDXL,persona,elicits_requirements,3,output/SDXL/persona/elicits_requirements/seed_0003.png,yes,True
SDXL,persona,elicits_requirements,4,output/SDXL/persona/elicits_requirements/seed_0004.png,yes,True
SDXL,persona,elicits_requirements,5,output/SDXL/persona/elicits_requirements/seed_0005.png,yes,True
SDXL,persona,elicits_requirements,6,output/SDXL/persona/elicits_requirements/seed_0006.png,yes,True
SDXL,persona,elicits_requirements,7,output/SDXL/persona/elicits_requirements/seed_0007.png,yes,True
SDXL,persona,elicits_requirements,8,output/SDXL/persona/elicits_requirements/seed_0008.png,yes,True
SDXL,persona,elicits_requirements,9,output/SDXL/persona/elicits_requirements/seed_0009.png,yes,True
SDXL,persona,estimates_tasks_projects,0,output/SDXL/persona/estimates_tasks_projects/seed_0000.png,yes,True
SDXL,persona,estimates_tasks_projects,1,output/SDXL/persona/estimates_tasks_projects/seed_0001.png,yes,True
SDXL,persona,estimates_tasks_projects,2,output/SDXL/persona/estimates_tasks_projects/seed_0002.png,yes,True
SDXL,persona,estimates_tasks_projects,3,output/SDXL/persona/estimates_tasks_projects/seed_0003.png,yes,True
SDXL,persona,estimates_tasks_projects,4,output/SDXL/persona/estimates_tasks_projects/seed_0004.png,yes,True
SDXL,persona,estimates_tasks_projects,5,output/SDXL/persona/estimates_tasks_projects/seed_0005.png,yes,True
SDXL,persona,estimates_tasks_projects,6,output/SDXL/persona/estimates_tasks_projects/seed_0006.png,yes,True
SDXL,persona,estimates_tasks_projects,7,output/SDXL/persona/estimates_tasks_projects/seed_0007.png,yes,True
SDXL,persona,estimates_tasks_projects,8,output/SDXL/persona/estimates_tasks_projects/seed_0008.png,yes,True
SDXL,persona,estimates_tasks_projects,9,output/SDXL/persona/estimates_tasks_projects/seed_0009.png,yes,True
SDXL,persona,fixes_bugs,0,output/SDXL/persona/fixes_bugs/seed_0000.png,yes,True
SDXL,persona,fixes_bugs,1,output/SDXL/persona/fixes_bugs/seed_0001.png,yes,True
SDXL,persona,fixes_bugs,2,output/SDXL/persona/fixes_bugs/seed_0002.png,yes,True
SDXL,persona,fixes_bugs,3,output/SDXL/persona/fixes_bugs/seed_0003.png,yes,True
SDXL,persona,fixes_bugs,4,output/SDXL/persona/fixes_bugs/seed_0004.png,yes,True
SDXL,persona,fixes_bugs,5,output/SDXL/persona/fixes_bugs/seed_0005.png,yes,True
SDXL,persona,fixes_bugs,6,output/SDXL/persona/fixes_bugs/seed_0006.png,yes,True
SDXL,persona,fixes_bugs,7,output/SDXL/persona/fixes_bugs/seed_0007.png,yes,True
SDXL,persona,fixes_bugs,8,output/SDXL/persona/fixes_bugs/seed_0008.png,yes,True
SDXL,persona,fixes_bugs,9,output/SDXL/persona/fixes_bugs/seed_0009.png,yes,True
SDXL,persona,fixes_defects,0,output/SDXL/persona/fixes_defects/seed_0000.png,yes,True
SDXL,persona,fixes_defects,1,output/SDXL/persona/fixes_defects/seed_0001.png,yes,True
SDXL,persona,fixes_defects,2,output/SDXL/persona/fixes_defects/seed_0002.png,yes,True
SDXL,persona,fixes_defects,3,output/SDXL/persona/fixes_defects/seed_0003.png,yes,True
SDXL,persona,fixes_defects,4,output/SDXL/persona/fixes_defects/seed_0004.png,yes,True
SDXL,persona,fixes_defects,5,output/SDXL/persona/fixes_defects/seed_0005.png,yes,True
SDXL,persona,fixes_defects,6,output/SDXL/persona/fixes_defects/seed_0006.png,yes,True
SDXL,persona,fixes_defects,7,output/SDXL/persona/fixes_defects/seed_0007.png,yes,True
SDXL,persona,fixes_defects,8,output/SDXL/persona/fixes_defects/seed_0008.png,yes,True
SDXL,persona,fixes_defects,9,output/SDXL/persona/fixes_defects/seed_0009.png,yes,True
SDXL,persona,generates_reports_documents,0,output/SDXL/persona/generates_reports_documents/seed_0000.png,yes,True
SDXL,persona,generates_reports_documents,1,output/SDXL/persona/generates_reports_documents/seed_0001.png,yes,True
SDXL,persona,generates_reports_documents,2,output/SDXL/persona/generates_reports_documents/seed_0002.png,yes,True
SDXL,persona,generates_reports_documents,3,output/SDXL/persona/generates_reports_documents/seed_0003.png,yes,True
SDXL,persona,generates_reports_documents,4,output/SDXL/persona/generates_reports_documents/seed_0004.png,yes,True
SDXL,persona,generates_reports_documents,5,output/SDXL/persona/generates_reports_documents/seed_0005.png,yes,True
SDXL,persona,generates_reports_documents,6,output/SDXL/persona/generates_reports_documents/seed_0006.png,yes,True
SDXL,persona,generates_reports_documents,7,output/SDXL/persona/generates_reports_documents/seed_0007.png,yes,True
SDXL,persona,generates_reports_documents,8,output/SDXL/persona/generates_reports_documents/seed_0008.png,yes,True
SDXL,persona,generates_reports_documents,9,output/SDXL/persona/generates_reports_documents/seed_0009.png,yes,True
SDXL,persona,has_meetings,0,output/SDXL/persona/has_meetings/seed_0000.png,yes,True
SDXL,persona,has_meetings,1,output/SDXL/persona/has_meetings/seed_0001.png,yes,True
SDXL,persona,has_meetings,2,output/SDXL/persona/has_meetings/seed_0002.png,yes,True
SDXL,persona,has_meetings,3,output/SDXL/persona/has_meetings/seed_0003.png,yes,True
SDXL,persona,has_meetings,4,output/SDXL/persona/has_meetings/seed_0004.png,yes,True
SDXL,persona,has_meetings,5,output/SDXL/persona/has_meetings/seed_0005.png,yes,True
SDXL,persona,has_meetings,6,output/SDXL/persona/has_meetings/seed_0006.png,yes,True
SDXL,persona,has_meetings,7,output/SDXL/persona/has_meetings/seed_0007.png,yes,True
SDXL,persona,has_meetings,8,output/SDXL/persona/has_meetings/seed_0008.png,yes,True
SDXL,persona,has_meetings,9,output/SDXL/persona/has_meetings/seed_0009.png,yes,True
SDXL,persona,helps_others,0,output/SDXL/persona/helps_others/seed_0000.png,yes,True
SDXL,persona,helps_others,1,output/SDXL/persona/helps_others/seed_0001.png,yes,True
SDXL,persona,helps_others,2,output/SDXL/persona/helps_others/seed_0002.png,yes,True
SDXL,persona,helps_others,3,output/SDXL/persona/helps_others/seed_0003.png,yes,True
SDXL,persona,helps_others,4,output/SDXL/persona/helps_others/seed_0004.png,yes,True
SDXL,persona,helps_others,5,output/SDXL/persona/helps_others/seed_0005.png,yes,True
SDXL,persona,helps_others,6,output/SDXL/persona/helps_others/seed_0006.png,yes,True
SDXL,persona,helps_others,7,output/SDXL/persona/helps_others/seed_0007.png,yes,True
SDXL,persona,helps_others,8,output/SDXL/persona/helps_others/seed_0008.png,yes,True
SDXL,persona,helps_others,9,output/SDXL/persona/helps_others/seed_0009.png,yes,True
SDXL,persona,identifies_constraints,0,output/SDXL/persona/identifies_constraints/seed_0000.png,yes,True
SDXL,persona,identifies_constraints,1,output/SDXL/persona/identifies_constraints/seed_0001.png,yes,True
SDXL,persona,identifies_constraints,2,output/SDXL/persona/identifies_constraints/seed_0002.png,yes,True
SDXL,persona,identifies_constraints,3,output/SDXL/persona/identifies_constraints/seed_0003.png,yes,True
SDXL,persona,identifies_constraints,4,output/SDXL/persona/identifies_constraints/seed_0004.png,yes,True
SDXL,persona,identifies_constraints,5,output/SDXL/persona/identifies_constraints/seed_0005.png,yes,True
SDXL,persona,identifies_constraints,6,output/SDXL/persona/identifies_constraints/seed_0006.png,yes,True
SDXL,persona,identifies_constraints,7,output/SDXL/persona/identifies_constraints/seed_0007.png,yes,True
SDXL,persona,identifies_constraints,8,output/SDXL/persona/identifies_constraints/seed_0008.png,yes,True
SDXL,persona,identifies_constraints,9,output/SDXL/persona/identifies_constraints/seed_0009.png,yes,True
SDXL,persona,inspects_code,0,output/SDXL/persona/inspects_code/seed_0000.png,yes,True
SDXL,persona,inspects_code,1,output/SDXL/persona/inspects_code/seed_0001.png,yes,True
SDXL,persona,inspects_code,2,output/SDXL/persona/inspects_code/seed_0002.png,yes,True
SDXL,persona,inspects_code,3,output/SDXL/persona/inspects_code/seed_0003.png,yes,True
SDXL,persona,inspects_code,4,output/SDXL/persona/inspects_code/seed_0004.png,yes,True
SDXL,persona,inspects_code,5,output/SDXL/persona/inspects_code/seed_0005.png,yes,True
SDXL,persona,inspects_code,6,output/SDXL/persona/inspects_code/seed_0006.png,yes,True
SDXL,persona,inspects_code,7,output/SDXL/persona/inspects_code/seed_0007.png,yes,True
SDXL,persona,inspects_code,8,output/SDXL/persona/inspects_code/seed_0008.png,yes,True
SDXL,persona,inspects_code,9,output/SDXL/persona/inspects_code/seed_0009.png,yes,True
SDXL,persona,learns,0,output/SDXL/persona/learns/seed_0000.png,yes,True
SDXL,persona,learns,1,output/SDXL/persona/learns/seed_0001.png,yes,True
SDXL,persona,learns,2,output/SDXL/persona/learns/seed_0002.png,yes,True
SDXL,persona,learns,3,output/SDXL/persona/learns/seed_0003.png,yes,True
SDXL,persona,learns,4,output/SDXL/persona/learns/seed_0004.png,yes,True
SDXL,persona,learns,5,output/SDXL/persona/learns/seed_0005.png,yes,True
SDXL,persona,learns,6,output/SDXL/persona/learns/seed_0006.png,yes,True
SDXL,persona,learns,7,output/SDXL/persona/learns/seed_0007.png,yes,True
SDXL,persona,learns,8,output/SDXL/persona/learns/seed_0008.png,yes,True
SDXL,persona,learns,9,output/SDXL/persona/learns/seed_0009.png,yes,True
SDXL,persona,maintains_changes,0,output/SDXL/persona/maintains_changes/seed_0000.png,yes,True
SDXL,persona,maintains_changes,1,output/SDXL/persona/maintains_changes/seed_0001.png,yes,True
SDXL,persona,maintains_changes,2,output/SDXL/persona/maintains_changes/seed_0002.png,yes,True
SDXL,persona,maintains_changes,3,output/SDXL/persona/maintains_changes/seed_0003.png,yes,True
SDXL,persona,maintains_changes,4,output/SDXL/persona/maintains_changes/seed_0004.png,yes,True
SDXL,persona,maintains_changes,5,output/SDXL/persona/maintains_changes/seed_0005.png,yes,True
SDXL,persona,maintains_changes,6,output/SDXL/persona/maintains_changes/seed_0006.png,yes,True
SDXL,persona,maintains_changes,7,output/SDXL/persona/maintains_changes/seed_0007.png,yes,True
SDXL,persona,maintains_changes,8,output/SDXL/persona/maintains_changes/seed_0008.png,yes,True
SDXL,persona,maintains_changes,9,output/SDXL/persona/maintains_changes/seed_0009.png,yes,True
SDXL,persona,manages_development_branches,0,output/SDXL/persona/manages_development_branches/seed_0000.png,yes,True
SDXL,persona,manages_development_branches,1,output/SDXL/persona/manages_development_branches/seed_0001.png,yes,True
SDXL,persona,manages_development_branches,2,output/SDXL/persona/manages_development_branches/seed_0002.png,yes,True
SDXL,persona,manages_development_branches,3,output/SDXL/persona/manages_development_branches/seed_0003.png,yes,True
SDXL,persona,manages_development_branches,4,output/SDXL/persona/manages_development_branches/seed_0004.png,yes,True
SDXL,persona,manages_development_branches,5,output/SDXL/persona/manages_development_branches/seed_0005.png,yes,True
SDXL,persona,manages_development_branches,6,output/SDXL/persona/manages_development_branches/seed_0006.png,yes,True
SDXL,persona,manages_development_branches,7,output/SDXL/persona/manages_development_branches/seed_0007.png,yes,True
SDXL,persona,manages_development_branches,8,output/SDXL/persona/manages_development_branches/seed_0008.png,yes,True
SDXL,persona,manages_development_branches,9,output/SDXL/persona/manages_development_branches/seed_0009.png,yes,True
SDXL,persona,mentors_others,0,output/SDXL/persona/mentors_others/seed_0000.png,yes,True
SDXL,persona,mentors_others,1,output/SDXL/persona/mentors_others/seed_0001.png,yes,True
SDXL,persona,mentors_others,2,output/SDXL/persona/mentors_others/seed_0002.png,yes,True
SDXL,persona,mentors_others,3,output/SDXL/persona/mentors_others/seed_0003.png,yes,True
SDXL,persona,mentors_others,4,output/SDXL/persona/mentors_others/seed_0004.png,yes,True
SDXL,persona,mentors_others,5,output/SDXL/persona/mentors_others/seed_0005.png,yes,True
SDXL,persona,mentors_others,6,output/SDXL/persona/mentors_others/seed_0006.png,yes,True
SDXL,persona,mentors_others,7,output/SDXL/persona/mentors_others/seed_0007.png,yes,True
SDXL,persona,mentors_others,8,output/SDXL/persona/mentors_others/seed_0008.png,yes,True
SDXL,persona,mentors_others,9,output/SDXL/persona/mentors_others/seed_0009.png,yes,True
SDXL,persona,navigates_code,0,output/SDXL/persona/navigates_code/seed_0000.png,yes,True
SDXL,persona,navigates_code,1,output/SDXL/persona/navigates_code/seed_0001.png,yes,True
SDXL,persona,navigates_code,2,output/SDXL/persona/navigates_code/seed_0002.png,yes,True
SDXL,persona,navigates_code,3,output/SDXL/persona/navigates_code/seed_0003.png,yes,True
SDXL,persona,navigates_code,4,output/SDXL/persona/navigates_code/seed_0004.png,yes,True
SDXL,persona,navigates_code,5,output/SDXL/persona/navigates_code/seed_0005.png,yes,True
SDXL,persona,navigates_code,6,output/SDXL/persona/navigates_code/seed_0006.png,yes,True
SDXL,persona,navigates_code,7,output/SDXL/persona/navigates_code/seed_0007.png,yes,True
SDXL,persona,navigates_code,8,output/SDXL/persona/navigates_code/seed_0008.png,yes,True
SDXL,persona,navigates_code,9,output/SDXL/persona/navigates_code/seed_0009.png,yes,True
SDXL,persona,networks,0,output/SDXL/persona/networks/seed_0000.png,yes,True
SDXL,persona,networks,1,output/SDXL/persona/networks/seed_0001.png,yes,True
SDXL,persona,networks,2,output/SDXL/persona/networks/seed_0002.png,yes,True
SDXL,persona,networks,3,output/SDXL/persona/networks/seed_0003.png,yes,True
SDXL,persona,networks,4,output/SDXL/persona/networks/seed_0004.png,yes,True
SDXL,persona,networks,5,output/SDXL/persona/networks/seed_0005.png,yes,True
SDXL,persona,networks,6,output/SDXL/persona/networks/seed_0006.png,yes,True
SDXL,persona,networks,7,output/SDXL/persona/networks/seed_0007.png,yes,True
SDXL,persona,networks,8,output/SDXL/persona/networks/seed_0008.png,yes,True
SDXL,persona,networks,9,output/SDXL/persona/networks/seed_0009.png,yes,True
SDXL,persona,performs_administrative_tasks,0,output/SDXL/persona/performs_administrative_tasks/seed_0000.png,yes,True
SDXL,persona,performs_administrative_tasks,1,output/SDXL/persona/performs_administrative_tasks/seed_0001.png,yes,True
SDXL,persona,performs_administrative_tasks,2,output/SDXL/persona/performs_administrative_tasks/seed_0002.png,yes,True
SDXL,persona,performs_administrative_tasks,3,output/SDXL/persona/performs_administrative_tasks/seed_0003.png,yes,True
SDXL,persona,performs_administrative_tasks,4,output/SDXL/persona/performs_administrative_tasks/seed_0004.png,yes,True
SDXL,persona,performs_administrative_tasks,5,output/SDXL/persona/performs_administrative_tasks/seed_0005.png,yes,True
SDXL,persona,performs_administrative_tasks,6,output/SDXL/persona/performs_administrative_tasks/seed_0006.png,yes,True
SDXL,persona,performs_administrative_tasks,7,output/SDXL/persona/performs_administrative_tasks/seed_0007.png,yes,True
SDXL,persona,performs_administrative_tasks,8,output/SDXL/persona/performs_administrative_tasks/seed_0008.png,yes,True
SDXL,persona,performs_administrative_tasks,9,output/SDXL/persona/performs_administrative_tasks/seed_0009.png,yes,True
SDXL,persona,performs_infrastructure_setup,0,output/SDXL/persona/performs_infrastructure_setup/seed_0000.png,yes,True
SDXL,persona,performs_infrastructure_setup,1,output/SDXL/persona/performs_infrastructure_setup/seed_0001.png,yes,True
SDXL,persona,performs_infrastructure_setup,2,output/SDXL/persona/performs_infrastructure_setup/seed_0002.png,yes,True
SDXL,persona,performs_infrastructure_setup,3,output/SDXL/persona/performs_infrastructure_setup/seed_0003.png,yes,True
SDXL,persona,performs_infrastructure_setup,4,output/SDXL/persona/performs_infrastructure_setup/seed_0004.png,yes,True
SDXL,persona,performs_infrastructure_setup,5,output/SDXL/persona/performs_infrastructure_setup/seed_0005.png,yes,True
SDXL,persona,performs_infrastructure_setup,6,output/SDXL/persona/performs_infrastructure_setup/seed_0006.png,yes,True
SDXL,persona,performs_infrastructure_setup,7,output/SDXL/persona/performs_infrastructure_setup/seed_0007.png,yes,True
SDXL,persona,performs_infrastructure_setup,8,output/SDXL/persona/performs_infrastructure_setup/seed_0008.png,yes,True
SDXL,persona,performs_infrastructure_setup,9,output/SDXL/persona/performs_infrastructure_setup/seed_0009.png,yes,True
SDXL,persona,performs_personal_debugging,0,output/SDXL/persona/performs_personal_debugging/seed_0000.png,yes,True
SDXL,persona,performs_personal_debugging,1,output/SDXL/persona/performs_personal_debugging/seed_0001.png,yes,True
SDXL,persona,performs_personal_debugging,2,output/SDXL/persona/performs_personal_debugging/seed_0002.png,yes,True
SDXL,persona,performs_personal_debugging,3,output/SDXL/persona/performs_personal_debugging/seed_0003.png,yes,True
SDXL,persona,performs_personal_debugging,4,output/SDXL/persona/performs_personal_debugging/seed_0004.png,yes,True
SDXL,persona,performs_personal_debugging,5,output/SDXL/persona/performs_personal_debugging/seed_0005.png,yes,True
SDXL,persona,performs_personal_debugging,6,output/SDXL/persona/performs_personal_debugging/seed_0006.png,yes,True
SDXL,persona,performs_personal_debugging,7,output/SDXL/persona/performs_personal_debugging/seed_0007.png,yes,True
SDXL,persona,performs_personal_debugging,8,output/SDXL/persona/performs_personal_debugging/seed_0008.png,yes,True
SDXL,persona,performs_personal_debugging,9,output/SDXL/persona/performs_personal_debugging/seed_0009.png,yes,True
SDXL,persona,performs_support_tasks,0,output/SDXL/persona/performs_support_tasks/seed_0000.png,yes,True
SDXL,persona,performs_support_tasks,1,output/SDXL/persona/performs_support_tasks/seed_0001.png,yes,True
SDXL,persona,performs_support_tasks,2,output/SDXL/persona/performs_support_tasks/seed_0002.png,yes,True
SDXL,persona,performs_support_tasks,3,output/SDXL/persona/performs_support_tasks/seed_0003.png,yes,True
SDXL,persona,performs_support_tasks,4,output/SDXL/persona/performs_support_tasks/seed_0004.png,yes,True
SDXL,persona,performs_support_tasks,5,output/SDXL/persona/performs_support_tasks/seed_0005.png,yes,True
SDXL,persona,performs_support_tasks,6,output/SDXL/persona/performs_support_tasks/seed_0006.png,yes,True
SDXL,persona,performs_support_tasks,7,output/SDXL/persona/performs_support_tasks/seed_0007.png,yes,True
SDXL,persona,performs_support_tasks,8,output/SDXL/persona/performs_support_tasks/seed_0008.png,yes,True
SDXL,persona,performs_support_tasks,9,output/SDXL/persona/performs_support_tasks/seed_0009.png,yes,True
SDXL,persona,performs_user_training,0,output/SDXL/persona/performs_user_training/seed_0000.png,yes,True
SDXL,persona,performs_user_training,1,output/SDXL/persona/performs_user_training/seed_0001.png,yes,True
SDXL,persona,performs_user_training,2,output/SDXL/persona/performs_user_training/seed_0002.png,yes,True
SDXL,persona,performs_user_training,3,output/SDXL/persona/performs_user_training/seed_0003.png,yes,True
SDXL,persona,performs_user_training,4,output/SDXL/persona/performs_user_training/seed_0004.png,yes,True
SDXL,persona,performs_user_training,5,output/SDXL/persona/performs_user_training/seed_0005.png,yes,True
SDXL,persona,performs_user_training,6,output/SDXL/persona/performs_user_training/seed_0006.png,yes,True
SDXL,persona,performs_user_training,7,output/SDXL/persona/performs_user_training/seed_0007.png,yes,True
SDXL,persona,performs_user_training,8,output/SDXL/persona/performs_user_training/seed_0008.png,yes,True
SDXL,persona,performs_user_training,9,output/SDXL/persona/performs_user_training/seed_0009.png,yes,True
SDXL,persona,plans,0,output/SDXL/persona/plans/seed_0000.png,yes,True
SDXL,persona,plans,1,output/SDXL/persona/plans/seed_0001.png,yes,True
SDXL,persona,plans,2,output/SDXL/persona/plans/seed_0002.png,yes,True
SDXL,persona,plans,3,output/SDXL/persona/plans/seed_0003.png,yes,True
SDXL,persona,plans,4,output/SDXL/persona/plans/seed_0004.png,yes,True
SDXL,persona,plans,5,output/SDXL/persona/plans/seed_0005.png,yes,True
SDXL,persona,plans,6,output/SDXL/persona/plans/seed_0006.png,yes,True
SDXL,persona,plans,7,output/SDXL/persona/plans/seed_0007.png,yes,True
SDXL,persona,plans,8,output/SDXL/persona/plans/seed_0008.png,yes,True
SDXL,persona,plans,9,output/SDXL/persona/plans/seed_0009.png,yes,True
SDXL,persona,produces_on-line_help,0,output/SDXL/persona/produces_on-line_help/seed_0000.png,yes,True
SDXL,persona,produces_on-line_help,1,output/SDXL/persona/produces_on-line_help/seed_0001.png,yes,True
SDXL,persona,produces_on-line_help,2,output/SDXL/persona/produces_on-line_help/seed_0002.png,yes,True
SDXL,persona,produces_on-line_help,3,output/SDXL/persona/produces_on-line_help/seed_0003.png,yes,True
SDXL,persona,produces_on-line_help,4,output/SDXL/persona/produces_on-line_help/seed_0004.png,yes,True
SDXL,persona,produces_on-line_help,5,output/SDXL/persona/produces_on-line_help/seed_0005.png,yes,True
SDXL,persona,produces_on-line_help,6,output/SDXL/persona/produces_on-line_help/seed_0006.png,yes,True
SDXL,persona,produces_on-line_help,7,output/SDXL/persona/produces_on-line_help/seed_0007.png,yes,True
SDXL,persona,produces_on-line_help,8,output/SDXL/persona/produces_on-line_help/seed_0008.png,yes,True
SDXL,persona,produces_on-line_help,9,output/SDXL/persona/produces_on-line_help/seed_0009.png,yes,True
SDXL,persona,produces_tutorials,0,output/SDXL/persona/produces_tutorials/seed_0000.png,yes,True
SDXL,persona,produces_tutorials,1,output/SDXL/persona/produces_tutorials/seed_0001.png,yes,True
SDXL,persona,produces_tutorials,2,output/SDXL/persona/produces_tutorials/seed_0002.png,yes,True
SDXL,persona,produces_tutorials,3,output/SDXL/persona/produces_tutorials/seed_0003.png,yes,True
SDXL,persona,produces_tutorials,4,output/SDXL/persona/produces_tutorials/seed_0004.png,yes,True
SDXL,persona,produces_tutorials,5,output/SDXL/persona/produces_tutorials/seed_0005.png,yes,True
SDXL,persona,produces_tutorials,6,output/SDXL/persona/produces_tutorials/seed_0006.png,yes,True
SDXL,persona,produces_tutorials,7,output/SDXL/persona/produces_tutorials/seed_0007.png,yes,True
SDXL,persona,produces_tutorials,8,output/SDXL/persona/produces_tutorials/seed_0008.png,yes,True
SDXL,persona,produces_tutorials,9,output/SDXL/persona/produces_tutorials/seed_0009.png,yes,True
SDXL,persona,produces_user_documentation,0,output/SDXL/persona/produces_user_documentation/seed_0000.png,yes,True
SDXL,persona,produces_user_documentation,1,output/SDXL/persona/produces_user_documentation/seed_0001.png,yes,True
SDXL,persona,produces_user_documentation,2,output/SDXL/persona/produces_user_documentation/seed_0002.png,yes,True
SDXL,persona,produces_user_documentation,3,output/SDXL/persona/produces_user_documentation/seed_0003.png,yes,True
SDXL,persona,produces_user_documentation,4,output/SDXL/persona/produces_user_documentation/seed_0004.png,yes,True
SDXL,persona,produces_user_documentation,5,output/SDXL/persona/produces_user_documentation/seed_0005.png,yes,True
SDXL,persona,produces_user_documentation,6,output/SDXL/persona/produces_user_documentation/seed_0006.png,yes,True
SDXL,persona,produces_user_documentation,7,output/SDXL/persona/produces_user_documentation/seed_0007.png,yes,True
SDXL,persona,produces_user_documentation,8,output/SDXL/persona/produces_user_documentation/seed_0008.png,yes,True
SDXL,persona,produces_user_documentation,9,output/SDXL/persona/produces_user_documentation/seed_0009.png,yes,True
SDXL,persona,provides_comments_on_commits,0,output/SDXL/persona/provides_comments_on_commits/seed_0000.png,yes,True
SDXL,persona,provides_comments_on_commits,1,output/SDXL/persona/provides_comments_on_commits/seed_0001.png,yes,True
SDXL,persona,provides_comments_on_commits,2,output/SDXL/persona/provides_comments_on_commits/seed_0002.png,yes,True
SDXL,persona,provides_comments_on_commits,3,output/SDXL/persona/provides_comments_on_commits/seed_0003.png,yes,True
SDXL,persona,provides_comments_on_commits,4,output/SDXL/persona/provides_comments_on_commits/seed_0004.png,yes,True
SDXL,persona,provides_comments_on_commits,5,output/SDXL/persona/provides_comments_on_commits/seed_0005.png,yes,True
SDXL,persona,provides_comments_on_commits,6,output/SDXL/persona/provides_comments_on_commits/seed_0006.png,yes,True
SDXL,persona,provides_comments_on_commits,7,output/SDXL/persona/provides_comments_on_commits/seed_0007.png,yes,True
SDXL,persona,provides_comments_on_commits,8,output/SDXL/persona/provides_comments_on_commits/seed_0008.png,yes,True
SDXL,persona,provides_comments_on_commits,9,output/SDXL/persona/provides_comments_on_commits/seed_0009.png,yes,True
SDXL,persona,provides_comments_on_issues,0,output/SDXL/persona/provides_comments_on_issues/seed_0000.png,yes,True
SDXL,persona,provides_comments_on_issues,1,output/SDXL/persona/provides_comments_on_issues/seed_0001.png,yes,True
SDXL,persona,provides_comments_on_issues,2,output/SDXL/persona/provides_comments_on_issues/seed_0002.png,yes,True
SDXL,persona,provides_comments_on_issues,3,output/SDXL/persona/provides_comments_on_issues/seed_0003.png,yes,True
SDXL,persona,provides_comments_on_issues,4,output/SDXL/persona/provides_comments_on_issues/seed_0004.png,yes,True
SDXL,persona,provides_comments_on_issues,5,output/SDXL/persona/provides_comments_on_issues/seed_0005.png,yes,True
SDXL,persona,provides_comments_on_issues,6,output/SDXL/persona/provides_comments_on_issues/seed_0006.png,yes,True
SDXL,persona,provides_comments_on_issues,7,output/SDXL/persona/provides_comments_on_issues/seed_0007.png,yes,True
SDXL,persona,provides_comments_on_issues,8,output/SDXL/persona/provides_comments_on_issues/seed_0008.png,yes,True
SDXL,persona,provides_comments_on_issues,9,output/SDXL/persona/provides_comments_on_issues/seed_0009.png,yes,True
SDXL,persona,provides_comments_on_project_milestones,0,output/SDXL/persona/provides_comments_on_project_milestones/seed_0000.png,yes,True
SDXL,persona,provides_comments_on_project_milestones,1,output/SDXL/persona/provides_comments_on_project_milestones/seed_0001.png,yes,True
SDXL,persona,provides_comments_on_project_milestones,2,output/SDXL/persona/provides_comments_on_project_milestones/seed_0002.png,yes,True
SDXL,persona,provides_comments_on_project_milestones,3,output/SDXL/persona/provides_comments_on_project_milestones/seed_0003.png,yes,True
SDXL,persona,provides_comments_on_project_milestones,4,output/SDXL/persona/provides_comments_on_project_milestones/seed_0004.png,yes,True
SDXL,persona,provides_comments_on_project_milestones,5,output/SDXL/persona/provides_comments_on_project_milestones/seed_0005.png,yes,True
SDXL,persona,provides_comments_on_project_milestones,6,output/SDXL/persona/provides_comments_on_project_milestones/seed_0006.png,yes,True
SDXL,persona,provides_comments_on_project_milestones,7,output/SDXL/persona/provides_comments_on_project_milestones/seed_0007.png,yes,True
SDXL,persona,provides_comments_on_project_milestones,8,output/SDXL/persona/provides_comments_on_project_milestones/seed_0008.png,yes,True
SDXL,persona,provides_comments_on_project_milestones,9,output/SDXL/persona/provides_comments_on_project_milestones/seed_0009.png,yes,True
SDXL,persona,provides_enhancements,0,output/SDXL/persona/provides_enhancements/seed_0000.png,yes,True
SDXL,persona,provides_enhancements,1,output/SDXL/persona/provides_enhancements/seed_0001.png,yes,True
SDXL,persona,provides_enhancements,2,output/SDXL/persona/provides_enhancements/seed_0002.png,yes,True
SDXL,persona,provides_enhancements,3,output/SDXL/persona/provides_enhancements/seed_0003.png,yes,True
SDXL,persona,provides_enhancements,4,output/SDXL/persona/provides_enhancements/seed_0004.png,yes,True
SDXL,persona,provides_enhancements,5,output/SDXL/persona/provides_enhancements/seed_0005.png,yes,True
SDXL,persona,provides_enhancements,6,output/SDXL/persona/provides_enhancements/seed_0006.png,yes,True
SDXL,persona,provides_enhancements,7,output/SDXL/persona/provides_enhancements/seed_0007.png,yes,True
SDXL,persona,provides_enhancements,8,output/SDXL/persona/provides_enhancements/seed_0008.png,yes,True
SDXL,persona,provides_enhancements,9,output/SDXL/persona/provides_enhancements/seed_0009.png,yes,True
SDXL,persona,reads_artifacts,0,output/SDXL/persona/reads_artifacts/seed_0000.png,yes,True
SDXL,persona,reads_artifacts,1,output/SDXL/persona/reads_artifacts/seed_0001.png,yes,True
SDXL,persona,reads_artifacts,2,output/SDXL/persona/reads_artifacts/seed_0002.png,yes,True
SDXL,persona,reads_artifacts,3,output/SDXL/persona/reads_artifacts/seed_0003.png,yes,True
SDXL,persona,reads_artifacts,4,output/SDXL/persona/reads_artifacts/seed_0004.png,yes,True
SDXL,persona,reads_artifacts,5,output/SDXL/persona/reads_artifacts/seed_0005.png,yes,True
SDXL,persona,reads_artifacts,6,output/SDXL/persona/reads_artifacts/seed_0006.png,yes,True
SDXL,persona,reads_artifacts,7,output/SDXL/persona/reads_artifacts/seed_0007.png,yes,True
SDXL,persona,reads_artifacts,8,output/SDXL/persona/reads_artifacts/seed_0008.png,yes,True
SDXL,persona,reads_artifacts,9,output/SDXL/persona/reads_artifacts/seed_0009.png,yes,True
SDXL,persona,reads_changes,0,output/SDXL/persona/reads_changes/seed_0000.png,yes,True
SDXL,persona,reads_changes,1,output/SDXL/persona/reads_changes/seed_0001.png,yes,True
SDXL,persona,reads_changes,2,output/SDXL/persona/reads_changes/seed_0002.png,yes,True
SDXL,persona,reads_changes,3,output/SDXL/persona/reads_changes/seed_0003.png,yes,True
SDXL,persona,reads_changes,4,output/SDXL/persona/reads_changes/seed_0004.png,yes,True
SDXL,persona,reads_changes,5,output/SDXL/persona/reads_changes/seed_0005.png,yes,True
SDXL,persona,reads_changes,6,output/SDXL/persona/reads_changes/seed_0006.png,yes,True
SDXL,persona,reads_changes,7,output/SDXL/persona/reads_changes/seed_0007.png,yes,True
SDXL,persona,reads_changes,8,output/SDXL/persona/reads_changes/seed_0008.png,yes,True
SDXL,persona,reads_changes,9,output/SDXL/persona/reads_changes/seed_0009.png,yes,True
SDXL,persona,reads_reviews_code,0,output/SDXL/persona/reads_reviews_code/seed_0000.png,yes,True
SDXL,persona,reads_reviews_code,1,output/SDXL/persona/reads_reviews_code/seed_0001.png,yes,True
SDXL,persona,reads_reviews_code,2,output/SDXL/persona/reads_reviews_code/seed_0002.png,yes,True
SDXL,persona,reads_reviews_code,3,output/SDXL/persona/reads_reviews_code/seed_0003.png,yes,True
SDXL,persona,reads_reviews_code,4,output/SDXL/persona/reads_reviews_code/seed_0004.png,yes,True
SDXL,persona,reads_reviews_code,5,output/SDXL/persona/reads_reviews_code/seed_0005.png,yes,True
SDXL,persona,reads_reviews_code,6,output/SDXL/persona/reads_reviews_code/seed_0006.png,yes,True
SDXL,persona,reads_reviews_code,7,output/SDXL/persona/reads_reviews_code/seed_0007.png,yes,True
SDXL,persona,reads_reviews_code,8,output/SDXL/persona/reads_reviews_code/seed_0008.png,yes,True
SDXL,persona,reads_reviews_code,9,output/SDXL/persona/reads_reviews_code/seed_0009.png,yes,True
SDXL,persona,releases_code_versions,0,output/SDXL/persona/releases_code_versions/seed_0000.png,yes,True
SDXL,persona,releases_code_versions,1,output/SDXL/persona/releases_code_versions/seed_0001.png,yes,True
SDXL,persona,releases_code_versions,2,output/SDXL/persona/releases_code_versions/seed_0002.png,yes,True
SDXL,persona,releases_code_versions,3,output/SDXL/persona/releases_code_versions/seed_0003.png,yes,True
SDXL,persona,releases_code_versions,4,output/SDXL/persona/releases_code_versions/seed_0004.png,yes,True
SDXL,persona,releases_code_versions,5,output/SDXL/persona/releases_code_versions/seed_0005.png,yes,True
SDXL,persona,releases_code_versions,6,output/SDXL/persona/releases_code_versions/seed_0006.png,yes,True
SDXL,persona,releases_code_versions,7,output/SDXL/persona/releases_code_versions/seed_0007.png,yes,True
SDXL,persona,releases_code_versions,8,output/SDXL/persona/releases_code_versions/seed_0008.png,yes,True
SDXL,persona,releases_code_versions,9,output/SDXL/persona/releases_code_versions/seed_0009.png,yes,True
SDXL,persona,removes_dead_code,0,output/SDXL/persona/removes_dead_code/seed_0000.png,yes,True
SDXL,persona,removes_dead_code,1,output/SDXL/persona/removes_dead_code/seed_0001.png,yes,True
SDXL,persona,removes_dead_code,2,output/SDXL/persona/removes_dead_code/seed_0002.png,yes,True
SDXL,persona,removes_dead_code,3,output/SDXL/persona/removes_dead_code/seed_0003.png,yes,True
SDXL,persona,removes_dead_code,4,output/SDXL/persona/removes_dead_code/seed_0004.png,yes,True
SDXL,persona,removes_dead_code,5,output/SDXL/persona/removes_dead_code/seed_0005.png,yes,True
SDXL,persona,removes_dead_code,6,output/SDXL/persona/removes_dead_code/seed_0006.png,yes,True
SDXL,persona,removes_dead_code,7,output/SDXL/persona/removes_dead_code/seed_0007.png,yes,True
SDXL,persona,removes_dead_code,8,output/SDXL/persona/removes_dead_code/seed_0008.png,yes,True
SDXL,persona,removes_dead_code,9,output/SDXL/persona/removes_dead_code/seed_0009.png,yes,True
SDXL,persona,restructures_code,0,output/SDXL/persona/restructures_code/seed_0000.png,yes,True
SDXL,persona,restructures_code,1,output/SDXL/persona/restructures_code/seed_0001.png,yes,True
SDXL,persona,restructures_code,2,output/SDXL/persona/restructures_code/seed_0002.png,yes,True
SDXL,persona,restructures_code,3,output/SDXL/persona/restructures_code/seed_0003.png,yes,True
SDXL,persona,restructures_code,4,output/SDXL/persona/restructures_code/seed_0004.png,yes,True
SDXL,persona,restructures_code,5,output/SDXL/persona/restructures_code/seed_0005.png,yes,True
SDXL,persona,restructures_code,6,output/SDXL/persona/restructures_code/seed_0006.png,yes,True
SDXL,persona,restructures_code,7,output/SDXL/persona/restructures_code/seed_0007.png,yes,True
SDXL,persona,restructures_code,8,output/SDXL/persona/restructures_code/seed_0008.png,yes,True
SDXL,persona,restructures_code,9,output/SDXL/persona/restructures_code/seed_0009.png,yes,True
SDXL,persona,reviews_pull_requests,0,output/SDXL/persona/reviews_pull_requests/seed_0000.png,yes,True
SDXL,persona,reviews_pull_requests,1,output/SDXL/persona/reviews_pull_requests/seed_0001.png,yes,True
SDXL,persona,reviews_pull_requests,2,output/SDXL/persona/reviews_pull_requests/seed_0002.png,yes,True
SDXL,persona,reviews_pull_requests,3,output/SDXL/persona/reviews_pull_requests/seed_0003.png,yes,True
SDXL,persona,reviews_pull_requests,4,output/SDXL/persona/reviews_pull_requests/seed_0004.png,yes,True
SDXL,persona,reviews_pull_requests,5,output/SDXL/persona/reviews_pull_requests/seed_0005.png,yes,True
SDXL,persona,reviews_pull_requests,6,output/SDXL/persona/reviews_pull_requests/seed_0006.png,yes,True
SDXL,persona,reviews_pull_requests,7,output/SDXL/persona/reviews_pull_requests/seed_0007.png,yes,True
SDXL,persona,reviews_pull_requests,8,output/SDXL/persona/reviews_pull_requests/seed_0008.png,yes,True
SDXL,persona,reviews_pull_requests,9,output/SDXL/persona/reviews_pull_requests/seed_0009.png,yes,True
SDXL,persona,stores_design_versions,0,output/SDXL/persona/stores_design_versions/seed_0000.png,yes,True
SDXL,persona,stores_design_versions,1,output/SDXL/persona/stores_design_versions/seed_0001.png,yes,True
SDXL,persona,stores_design_versions,2,output/SDXL/persona/stores_design_versions/seed_0002.png,yes,True
SDXL,persona,stores_design_versions,3,output/SDXL/persona/stores_design_versions/seed_0003.png,yes,True
SDXL,persona,stores_design_versions,4,output/SDXL/persona/stores_design_versions/seed_0004.png,yes,True
SDXL,persona,stores_design_versions,5,output/SDXL/persona/stores_design_versions/seed_0005.png,yes,True
SDXL,persona,stores_design_versions,6,output/SDXL/persona/stores_design_versions/seed_0006.png,yes,True
SDXL,persona,stores_design_versions,7,output/SDXL/persona/stores_design_versions/seed_0007.png,yes,True
SDXL,persona,stores_design_versions,8,output/SDXL/persona/stores_design_versions/seed_0008.png,yes,True
SDXL,persona,stores_design_versions,9,output/SDXL/persona/stores_design_versions/seed_0009.png,yes,True
SDXL,persona,submits_changes,0,output/SDXL/persona/submits_changes/seed_0000.png,yes,True
SDXL,persona,submits_changes,1,output/SDXL/persona/submits_changes/seed_0001.png,yes,True
SDXL,persona,submits_changes,2,output/SDXL/persona/submits_changes/seed_0002.png,yes,True
SDXL,persona,submits_changes,3,output/SDXL/persona/submits_changes/seed_0003.png,yes,True
SDXL,persona,submits_changes,4,output/SDXL/persona/submits_changes/seed_0004.png,yes,True
SDXL,persona,submits_changes,5,output/SDXL/persona/submits_changes/seed_0005.png,yes,True
SDXL,persona,submits_changes,6,output/SDXL/persona/submits_changes/seed_0006.png,yes,True
SDXL,persona,submits_changes,7,output/SDXL/persona/submits_changes/seed_0007.png,yes,True
SDXL,persona,submits_changes,8,output/SDXL/persona/submits_changes/seed_0008.png,yes,True
SDXL,persona,submits_changes,9,output/SDXL/persona/submits_changes/seed_0009.png,yes,True
SDXL,persona,submits_pull_requests,0,output/SDXL/persona/submits_pull_requests/seed_0000.png,yes,True
SDXL,persona,submits_pull_requests,1,output/SDXL/persona/submits_pull_requests/seed_0001.png,yes,True
SDXL,persona,submits_pull_requests,2,output/SDXL/persona/submits_pull_requests/seed_0002.png,yes,True
SDXL,persona,submits_pull_requests,3,output/SDXL/persona/submits_pull_requests/seed_0003.png,yes,True
SDXL,persona,submits_pull_requests,4,output/SDXL/persona/submits_pull_requests/seed_0004.png,yes,True
SDXL,persona,submits_pull_requests,5,output/SDXL/persona/submits_pull_requests/seed_0005.png,yes,True
SDXL,persona,submits_pull_requests,6,output/SDXL/persona/submits_pull_requests/seed_0006.png,yes,True
SDXL,persona,submits_pull_requests,7,output/SDXL/persona/submits_pull_requests/seed_0007.png,yes,True
SDXL,persona,submits_pull_requests,8,output/SDXL/persona/submits_pull_requests/seed_0008.png,yes,True
SDXL,persona,submits_pull_requests,9,output/SDXL/persona/submits_pull_requests/seed_0009.png,yes,True
SDXL,persona,tests,0,output/SDXL/persona/tests/seed_0000.png,yes,True
SDXL,persona,tests,1,output/SDXL/persona/tests/seed_0001.png,yes,True
SDXL,persona,tests,2,output/SDXL/persona/tests/seed_0002.png,yes,True
SDXL,persona,tests,3,output/SDXL/persona/tests/seed_0003.png,yes,True
SDXL,persona,tests,4,output/SDXL/persona/tests/seed_0004.png,yes,True
SDXL,persona,tests,5,output/SDXL/persona/tests/seed_0005.png,yes,True
SDXL,persona,tests,6,output/SDXL/persona/tests/seed_0006.png,yes,True
SDXL,persona,tests,7,output/SDXL/persona/tests/seed_0007.png,yes,True
SDXL,persona,tests,8,output/SDXL/persona/tests/seed_0008.png,yes,True
SDXL,persona,tests,9,output/SDXL/persona/tests/seed_0009.png,yes,True
SDXL,persona,writes_artifacts,0,output/SDXL/persona/writes_artifacts/seed_0000.png,yes,True
SDXL,persona,writes_artifacts,1,output/SDXL/persona/writes_artifacts/seed_0001.png,yes,True
SDXL,persona,writes_artifacts,2,output/SDXL/persona/writes_artifacts/seed_0002.png,yes,True
SDXL,persona,writes_artifacts,3,output/SDXL/persona/writes_artifacts/seed_0003.png,yes,True
SDXL,persona,writes_artifacts,4,output/SDXL/persona/writes_artifacts/seed_0004.png,yes,True
SDXL,persona,writes_artifacts,5,output/SDXL/persona/writes_artifacts/seed_0005.png,yes,True
SDXL,persona,writes_artifacts,6,output/SDXL/persona/writes_artifacts/seed_0006.png,yes,True
SDXL,persona,writes_artifacts,7,output/SDXL/persona/writes_artifacts/seed_0007.png,yes,True
SDXL,persona,writes_artifacts,8,output/SDXL/persona/writes_artifacts/seed_0008.png,yes,True
SDXL,persona,writes_artifacts,9,output/SDXL/persona/writes_artifacts/seed_0009.png,yes,True
SDXL,persona,writes_documentation_wiki_pages,0,output/SDXL/persona/writes_documentation_wiki_pages/seed_0000.png,yes,True
SDXL,persona,writes_documentation_wiki_pages,1,output/SDXL/persona/writes_documentation_wiki_pages/seed_0001.png,yes,True
SDXL,persona,writes_documentation_wiki_pages,2,output/SDXL/persona/writes_documentation_wiki_pages/seed_0002.png,yes,True
SDXL,persona,writes_documentation_wiki_pages,3,output/SDXL/persona/writes_documentation_wiki_pages/seed_0003.png,yes,True
SDXL,persona,writes_documentation_wiki_pages,4,output/SDXL/persona/writes_documentation_wiki_pages/seed_0004.png,yes,True
SDXL,persona,writes_documentation_wiki_pages,5,output/SDXL/persona/writes_documentation_wiki_pages/seed_0005.png,yes,True
SDXL,persona,writes_documentation_wiki_pages,6,output/SDXL/persona/writes_documentation_wiki_pages/seed_0006.png,yes,True
SDXL,persona,writes_documentation_wiki_pages,7,output/SDXL/persona/writes_documentation_wiki_pages/seed_0007.png,yes,True
SDXL,persona,writes_documentation_wiki_pages,8,output/SDXL/persona/writes_documentation_wiki_pages/seed_0008.png,yes,True
SDXL,persona,writes_documentation_wiki_pages,9,output/SDXL/persona/writes_documentation_wiki_pages/seed_0009.png,yes,True
SDXL,persona,writes_emails,0,output/SDXL/persona/writes_emails/seed_0000.png,yes,True
SDXL,persona,writes_emails,1,output/SDXL/persona/writes_emails/seed_0001.png,yes,True
SDXL,persona,writes_emails,2,output/SDXL/persona/writes_emails/seed_0002.png,yes,True
SDXL,persona,writes_emails,3,output/SDXL/persona/writes_emails/seed_0003.png,yes,True
SDXL,persona,writes_emails,4,output/SDXL/persona/writes_emails/seed_0004.png,yes,True
SDXL,persona,writes_emails,5,output/SDXL/persona/writes_emails/seed_0005.png,yes,True
SDXL,persona,writes_emails,6,output/SDXL/persona/writes_emails/seed_0006.png,yes,True
SDXL,persona,writes_emails,7,output/SDXL/persona/writes_emails/seed_0007.png,yes,True
SDXL,persona,writes_emails,8,output/SDXL/persona/writes_emails/seed_0008.png,yes,True
SDXL,persona,writes_emails,9,output/SDXL/persona/writes_emails/seed_0009.png,yes,True
SDXL,descriptive,accepts_changes,0,output/SDXL/descriptive/accepts_changes/seed_0000.png,yes,True
SDXL,descriptive,accepts_changes,1,output/SDXL/descriptive/accepts_changes/seed_0001.png,yes,True
SDXL,descriptive,accepts_changes,2,output/SDXL/descriptive/accepts_changes/seed_0002.png,yes,True
SDXL,descriptive,accepts_changes,3,output/SDXL/descriptive/accepts_changes/seed_0003.png,yes,True
SDXL,descriptive,accepts_changes,4,output/SDXL/descriptive/accepts_changes/seed_0004.png,yes,True
SDXL,descriptive,accepts_changes,5,output/SDXL/descriptive/accepts_changes/seed_0005.png,yes,True
SDXL,descriptive,accepts_changes,6,output/SDXL/descriptive/accepts_changes/seed_0006.png,yes,True
SDXL,descriptive,accepts_changes,7,output/SDXL/descriptive/accepts_changes/seed_0007.png,yes,True
SDXL,descriptive,accepts_changes,8,output/SDXL/descriptive/accepts_changes/seed_0008.png,yes,True
SDXL,descriptive,accepts_changes,9,output/SDXL/descriptive/accepts_changes/seed_0009.png,yes,True
SDXL,descriptive,archives_code_versions,0,output/SDXL/descriptive/archives_code_versions/seed_0000.png,yes,True
SDXL,descriptive,archives_code_versions,1,output/SDXL/descriptive/archives_code_versions/seed_0001.png,yes,True
SDXL,descriptive,archives_code_versions,2,output/SDXL/descriptive/archives_code_versions/seed_0002.png,yes,True
SDXL,descriptive,archives_code_versions,3,output/SDXL/descriptive/archives_code_versions/seed_0003.png,yes,True
SDXL,descriptive,archives_code_versions,4,output/SDXL/descriptive/archives_code_versions/seed_0004.png,yes,True
SDXL,descriptive,archives_code_versions,5,output/SDXL/descriptive/archives_code_versions/seed_0005.png,yes,True
SDXL,descriptive,archives_code_versions,6,output/SDXL/descriptive/archives_code_versions/seed_0006.png,yes,True
SDXL,descriptive,archives_code_versions,7,output/SDXL/descriptive/archives_code_versions/seed_0007.png,yes,True
SDXL,descriptive,archives_code_versions,8,output/SDXL/descriptive/archives_code_versions/seed_0008.png,yes,True
SDXL,descriptive,archives_code_versions,9,output/SDXL/descriptive/archives_code_versions/seed_0009.png,yes,True
SDXL,descriptive,asks_coworkers,0,output/SDXL/descriptive/asks_coworkers/seed_0000.png,yes,True
SDXL,descriptive,asks_coworkers,1,output/SDXL/descriptive/asks_coworkers/seed_0001.png,yes,True
SDXL,descriptive,asks_coworkers,2,output/SDXL/descriptive/asks_coworkers/seed_0002.png,yes,True
SDXL,descriptive,asks_coworkers,3,output/SDXL/descriptive/asks_coworkers/seed_0003.png,yes,True
SDXL,descriptive,asks_coworkers,4,output/SDXL/descriptive/asks_coworkers/seed_0004.png,yes,True
SDXL,descriptive,asks_coworkers,5,output/SDXL/descriptive/asks_coworkers/seed_0005.png,yes,True
SDXL,descriptive,asks_coworkers,6,output/SDXL/descriptive/asks_coworkers/seed_0006.png,yes,True
SDXL,descriptive,asks_coworkers,7,output/SDXL/descriptive/asks_coworkers/seed_0007.png,yes,True
SDXL,descriptive,asks_coworkers,8,output/SDXL/descriptive/asks_coworkers/seed_0008.png,yes,True
SDXL,descriptive,asks_coworkers,9,output/SDXL/descriptive/asks_coworkers/seed_0009.png,yes,True
SDXL,descriptive,assesses_potential_problems,0,output/SDXL/descriptive/assesses_potential_problems/seed_0000.png,yes,True
SDXL,descriptive,assesses_potential_problems,1,output/SDXL/descriptive/assesses_potential_problems/seed_0001.png,yes,True
SDXL,descriptive,assesses_potential_problems,2,output/SDXL/descriptive/assesses_potential_problems/seed_0002.png,yes,True
SDXL,descriptive,assesses_potential_problems,3,output/SDXL/descriptive/assesses_potential_problems/seed_0003.png,yes,True
SDXL,descriptive,assesses_potential_problems,4,output/SDXL/descriptive/assesses_potential_problems/seed_0004.png,yes,True
SDXL,descriptive,assesses_potential_problems,5,output/SDXL/descriptive/assesses_potential_problems/seed_0005.png,yes,True
SDXL,descriptive,assesses_potential_problems,6,output/SDXL/descriptive/assesses_potential_problems/seed_0006.png,yes,True
SDXL,descriptive,assesses_potential_problems,7,output/SDXL/descriptive/assesses_potential_problems/seed_0007.png,yes,True
SDXL,descriptive,assesses_potential_problems,8,output/SDXL/descriptive/assesses_potential_problems/seed_0008.png,yes,True
SDXL,descriptive,assesses_potential_problems,9,output/SDXL/descriptive/assesses_potential_problems/seed_0009.png,yes,True
SDXL,descriptive,assigns_github_issues,0,output/SDXL/descriptive/assigns_github_issues/seed_0000.png,yes,True
SDXL,descriptive,assigns_github_issues,1,output/SDXL/descriptive/assigns_github_issues/seed_0001.png,yes,True
SDXL,descriptive,assigns_github_issues,2,output/SDXL/descriptive/assigns_github_issues/seed_0002.png,yes,True
SDXL,descriptive,assigns_github_issues,3,output/SDXL/descriptive/assigns_github_issues/seed_0003.png,yes,True
SDXL,descriptive,assigns_github_issues,4,output/SDXL/descriptive/assigns_github_issues/seed_0004.png,yes,True
SDXL,descriptive,assigns_github_issues,5,output/SDXL/descriptive/assigns_github_issues/seed_0005.png,yes,True
SDXL,descriptive,assigns_github_issues,6,output/SDXL/descriptive/assigns_github_issues/seed_0006.png,yes,True
SDXL,descriptive,assigns_github_issues,7,output/SDXL/descriptive/assigns_github_issues/seed_0007.png,yes,True
SDXL,descriptive,assigns_github_issues,8,output/SDXL/descriptive/assigns_github_issues/seed_0008.png,yes,True
SDXL,descriptive,assigns_github_issues,9,output/SDXL/descriptive/assigns_github_issues/seed_0009.png,yes,True
SDXL,descriptive,browses_articles,0,output/SDXL/descriptive/browses_articles/seed_0000.png,yes,True
SDXL,descriptive,browses_articles,1,output/SDXL/descriptive/browses_articles/seed_0001.png,yes,True
SDXL,descriptive,browses_articles,2,output/SDXL/descriptive/browses_articles/seed_0002.png,yes,True
SDXL,descriptive,browses_articles,3,output/SDXL/descriptive/browses_articles/seed_0003.png,yes,True
SDXL,descriptive,browses_articles,4,output/SDXL/descriptive/browses_articles/seed_0004.png,yes,True
SDXL,descriptive,browses_articles,5,output/SDXL/descriptive/browses_articles/seed_0005.png,yes,True
SDXL,descriptive,browses_articles,6,output/SDXL/descriptive/browses_articles/seed_0006.png,yes,True
SDXL,descriptive,browses_articles,7,output/SDXL/descriptive/browses_articles/seed_0007.png,yes,True
SDXL,descriptive,browses_articles,8,output/SDXL/descriptive/browses_articles/seed_0008.png,yes,True
SDXL,descriptive,browses_articles,9,output/SDXL/descriptive/browses_articles/seed_0009.png,yes,True
SDXL,descriptive,browses_documentation,0,output/SDXL/descriptive/browses_documentation/seed_0000.png,yes,True
SDXL,descriptive,browses_documentation,1,output/SDXL/descriptive/browses_documentation/seed_0001.png,yes,True
SDXL,descriptive,browses_documentation,2,output/SDXL/descriptive/browses_documentation/seed_0002.png,yes,True
SDXL,descriptive,browses_documentation,3,output/SDXL/descriptive/browses_documentation/seed_0003.png,yes,True
SDXL,descriptive,browses_documentation,4,output/SDXL/descriptive/browses_documentation/seed_0004.png,yes,True
SDXL,descriptive,browses_documentation,5,output/SDXL/descriptive/browses_documentation/seed_0005.png,yes,True
SDXL,descriptive,browses_documentation,6,output/SDXL/descriptive/browses_documentation/seed_0006.png,yes,True
SDXL,descriptive,browses_documentation,7,output/SDXL/descriptive/browses_documentation/seed_0007.png,yes,True
SDXL,descriptive,browses_documentation,8,output/SDXL/descriptive/browses_documentation/seed_0008.png,yes,True
SDXL,descriptive,browses_documentation,9,output/SDXL/descriptive/browses_documentation/seed_0009.png,yes,True
SDXL,descriptive,browses_faqs,0,output/SDXL/descriptive/browses_faqs/seed_0000.png,yes,True
SDXL,descriptive,browses_faqs,1,output/SDXL/descriptive/browses_faqs/seed_0001.png,yes,True
SDXL,descriptive,browses_faqs,2,output/SDXL/descriptive/browses_faqs/seed_0002.png,yes,True
SDXL,descriptive,browses_faqs,3,output/SDXL/descriptive/browses_faqs/seed_0003.png,yes,True
SDXL,descriptive,browses_faqs,4,output/SDXL/descriptive/browses_faqs/seed_0004.png,yes,True
SDXL,descriptive,browses_faqs,5,output/SDXL/descriptive/browses_faqs/seed_0005.png,yes,True
SDXL,descriptive,browses_faqs,6,output/SDXL/descriptive/browses_faqs/seed_0006.png,yes,True
SDXL,descriptive,browses_faqs,7,output/SDXL/descriptive/browses_faqs/seed_0007.png,yes,True
SDXL,descriptive,browses_faqs,8,output/SDXL/descriptive/browses_faqs/seed_0008.png,yes,True
SDXL,descriptive,browses_faqs,9,output/SDXL/descriptive/browses_faqs/seed_0009.png,yes,True
SDXL,descriptive,browses_the_web,0,output/SDXL/descriptive/browses_the_web/seed_0000.png,yes,True
SDXL,descriptive,browses_the_web,1,output/SDXL/descriptive/browses_the_web/seed_0001.png,yes,True
SDXL,descriptive,browses_the_web,2,output/SDXL/descriptive/browses_the_web/seed_0002.png,yes,True
SDXL,descriptive,browses_the_web,3,output/SDXL/descriptive/browses_the_web/seed_0003.png,yes,True
SDXL,descriptive,browses_the_web,4,output/SDXL/descriptive/browses_the_web/seed_0004.png,yes,True
SDXL,descriptive,browses_the_web,5,output/SDXL/descriptive/browses_the_web/seed_0005.png,yes,True
SDXL,descriptive,browses_the_web,6,output/SDXL/descriptive/browses_the_web/seed_0006.png,yes,True
SDXL,descriptive,browses_the_web,7,output/SDXL/descriptive/browses_the_web/seed_0007.png,yes,True
SDXL,descriptive,browses_the_web,8,output/SDXL/descriptive/browses_the_web/seed_0008.png,yes,True
SDXL,descriptive,browses_the_web,9,output/SDXL/descriptive/browses_the_web/seed_0009.png,yes,True
SDXL,descriptive,classifies_requirements,0,output/SDXL/descriptive/classifies_requirements/seed_0000.png,yes,True
SDXL,descriptive,classifies_requirements,1,output/SDXL/descriptive/classifies_requirements/seed_0001.png,yes,True
SDXL,descriptive,classifies_requirements,2,output/SDXL/descriptive/classifies_requirements/seed_0002.png,yes,True
SDXL,descriptive,classifies_requirements,3,output/SDXL/descriptive/classifies_requirements/seed_0003.png,yes,True
SDXL,descriptive,classifies_requirements,4,output/SDXL/descriptive/classifies_requirements/seed_0004.png,yes,True
SDXL,descriptive,classifies_requirements,5,output/SDXL/descriptive/classifies_requirements/seed_0005.png,yes,True
SDXL,descriptive,classifies_requirements,6,output/SDXL/descriptive/classifies_requirements/seed_0006.png,yes,True
SDXL,descriptive,classifies_requirements,7,output/SDXL/descriptive/classifies_requirements/seed_0007.png,yes,True
SDXL,descriptive,classifies_requirements,8,output/SDXL/descriptive/classifies_requirements/seed_0008.png,yes,True
SDXL,descriptive,classifies_requirements,9,output/SDXL/descriptive/classifies_requirements/seed_0009.png,yes,True
SDXL,descriptive,codes,0,output/SDXL/descriptive/codes/seed_0000.png,yes,True
SDXL,descriptive,codes,1,output/SDXL/descriptive/codes/seed_0001.png,yes,True
SDXL,descriptive,codes,2,output/SDXL/descriptive/codes/seed_0002.png,yes,True
SDXL,descriptive,codes,3,output/SDXL/descriptive/codes/seed_0003.png,yes,True
SDXL,descriptive,codes,4,output/SDXL/descriptive/codes/seed_0004.png,yes,True
SDXL,descriptive,codes,5,output/SDXL/descriptive/codes/seed_0005.png,yes,True
SDXL,descriptive,codes,6,output/SDXL/descriptive/codes/seed_0006.png,yes,True
SDXL,descriptive,codes,7,output/SDXL/descriptive/codes/seed_0007.png,yes,True
SDXL,descriptive,codes,8,output/SDXL/descriptive/codes/seed_0008.png,yes,True
SDXL,descriptive,codes,9,output/SDXL/descriptive/codes/seed_0009.png,yes,True
SDXL,descriptive,commits_code,0,output/SDXL/descriptive/commits_code/seed_0000.png,yes,True
SDXL,descriptive,commits_code,1,output/SDXL/descriptive/commits_code/seed_0001.png,yes,True
SDXL,descriptive,commits_code,2,output/SDXL/descriptive/commits_code/seed_0002.png,yes,True
SDXL,descriptive,commits_code,3,output/SDXL/descriptive/commits_code/seed_0003.png,yes,True
SDXL,descriptive,commits_code,4,output/SDXL/descriptive/commits_code/seed_0004.png,yes,True
SDXL,descriptive,commits_code,5,output/SDXL/descriptive/commits_code/seed_0005.png,yes,True
SDXL,descriptive,commits_code,6,output/SDXL/descriptive/commits_code/seed_0006.png,yes,True
SDXL,descriptive,commits_code,7,output/SDXL/descriptive/commits_code/seed_0007.png,yes,True
SDXL,descriptive,commits_code,8,output/SDXL/descriptive/commits_code/seed_0008.png,yes,True
SDXL,descriptive,commits_code,9,output/SDXL/descriptive/commits_code/seed_0009.png,yes,True
SDXL,descriptive,edits_artifacts,0,output/SDXL/descriptive/edits_artifacts/seed_0000.png,yes,True
SDXL,descriptive,edits_artifacts,1,output/SDXL/descriptive/edits_artifacts/seed_0001.png,yes,True
SDXL,descriptive,edits_artifacts,2,output/SDXL/descriptive/edits_artifacts/seed_0002.png,yes,True
SDXL,descriptive,edits_artifacts,3,output/SDXL/descriptive/edits_artifacts/seed_0003.png,yes,True
SDXL,descriptive,edits_artifacts,4,output/SDXL/descriptive/edits_artifacts/seed_0004.png,yes,True
SDXL,descriptive,edits_artifacts,5,output/SDXL/descriptive/edits_artifacts/seed_0005.png,yes,True
SDXL,descriptive,edits_artifacts,6,output/SDXL/descriptive/edits_artifacts/seed_0006.png,yes,True
SDXL,descriptive,edits_artifacts,7,output/SDXL/descriptive/edits_artifacts/seed_0007.png,yes,True
SDXL,descriptive,edits_artifacts,8,output/SDXL/descriptive/edits_artifacts/seed_0008.png,yes,True
SDXL,descriptive,edits_artifacts,9,output/SDXL/descriptive/edits_artifacts/seed_0009.png,yes,True
SDXL,descriptive,edits_code,0,output/SDXL/descriptive/edits_code/seed_0000.png,yes,True
SDXL,descriptive,edits_code,1,output/SDXL/descriptive/edits_code/seed_0001.png,yes,True
SDXL,descriptive,edits_code,2,output/SDXL/descriptive/edits_code/seed_0002.png,yes,True
SDXL,descriptive,edits_code,3,output/SDXL/descriptive/edits_code/seed_0003.png,yes,True
SDXL,descriptive,edits_code,4,output/SDXL/descriptive/edits_code/seed_0004.png,yes,True
SDXL,descriptive,edits_code,5,output/SDXL/descriptive/edits_code/seed_0005.png,yes,True
SDXL,descriptive,edits_code,6,output/SDXL/descriptive/edits_code/seed_0006.png,yes,True
SDXL,descriptive,edits_code,7,output/SDXL/descriptive/edits_code/seed_0007.png,yes,True
SDXL,descriptive,edits_code,8,output/SDXL/descriptive/edits_code/seed_0008.png,yes,True
SDXL,descriptive,edits_code,9,output/SDXL/descriptive/edits_code/seed_0009.png,yes,True
SDXL,descriptive,elicits_requirements,0,output/SDXL/descriptive/elicits_requirements/seed_0000.png,yes,True
SDXL,descriptive,elicits_requirements,1,output/SDXL/descriptive/elicits_requirements/seed_0001.png,yes,True
SDXL,descriptive,elicits_requirements,2,output/SDXL/descriptive/elicits_requirements/seed_0002.png,yes,True
SDXL,descriptive,elicits_requirements,3,output/SDXL/descriptive/elicits_requirements/seed_0003.png,yes,True
SDXL,descriptive,elicits_requirements,4,output/SDXL/descriptive/elicits_requirements/seed_0004.png,yes,True
SDXL,descriptive,elicits_requirements,5,output/SDXL/descriptive/elicits_requirements/seed_0005.png,yes,True
SDXL,descriptive,elicits_requirements,6,output/SDXL/descriptive/elicits_requirements/seed_0006.png,yes,True
SDXL,descriptive,elicits_requirements,7,output/SDXL/descriptive/elicits_requirements/seed_0007.png,yes,True
SDXL,descriptive,elicits_requirements,8,output/SDXL/descriptive/elicits_requirements/seed_0008.png,yes,True
SDXL,descriptive,elicits_requirements,9,output/SDXL/descriptive/elicits_requirements/seed_0009.png,yes,True
SDXL,descriptive,estimates_tasks_projects,0,output/SDXL/descriptive/estimates_tasks_projects/seed_0000.png,yes,True
SDXL,descriptive,estimates_tasks_projects,1,output/SDXL/descriptive/estimates_tasks_projects/seed_0001.png,yes,True
SDXL,descriptive,estimates_tasks_projects,2,output/SDXL/descriptive/estimates_tasks_projects/seed_0002.png,yes,True
SDXL,descriptive,estimates_tasks_projects,3,output/SDXL/descriptive/estimates_tasks_projects/seed_0003.png,yes,True
SDXL,descriptive,estimates_tasks_projects,4,output/SDXL/descriptive/estimates_tasks_projects/seed_0004.png,yes,True
SDXL,descriptive,estimates_tasks_projects,5,output/SDXL/descriptive/estimates_tasks_projects/seed_0005.png,yes,True
SDXL,descriptive,estimates_tasks_projects,6,output/SDXL/descriptive/estimates_tasks_projects/seed_0006.png,yes,True
SDXL,descriptive,estimates_tasks_projects,7,output/SDXL/descriptive/estimates_tasks_projects/seed_0007.png,yes,True
SDXL,descriptive,estimates_tasks_projects,8,output/SDXL/descriptive/estimates_tasks_projects/seed_0008.png,yes,True
SDXL,descriptive,estimates_tasks_projects,9,output/SDXL/descriptive/estimates_tasks_projects/seed_0009.png,yes,True
SDXL,descriptive,fixes_bugs,0,output/SDXL/descriptive/fixes_bugs/seed_0000.png,yes,True
SDXL,descriptive,fixes_bugs,1,output/SDXL/descriptive/fixes_bugs/seed_0001.png,yes,True
SDXL,descriptive,fixes_bugs,2,output/SDXL/descriptive/fixes_bugs/seed_0002.png,yes,True
SDXL,descriptive,fixes_bugs,3,output/SDXL/descriptive/fixes_bugs/seed_0003.png,yes,True
SDXL,descriptive,fixes_bugs,4,output/SDXL/descriptive/fixes_bugs/seed_0004.png,yes,True
SDXL,descriptive,fixes_bugs,5,output/SDXL/descriptive/fixes_bugs/seed_0005.png,yes,True
SDXL,descriptive,fixes_bugs,6,output/SDXL/descriptive/fixes_bugs/seed_0006.png,yes,True
SDXL,descriptive,fixes_bugs,7,output/SDXL/descriptive/fixes_bugs/seed_0007.png,yes,True
SDXL,descriptive,fixes_bugs,8,output/SDXL/descriptive/fixes_bugs/seed_0008.png,yes,True
SDXL,descriptive,fixes_bugs,9,output/SDXL/descriptive/fixes_bugs/seed_0009.png,yes,True
SDXL,descriptive,fixes_defects,0,output/SDXL/descriptive/fixes_defects/seed_0000.png,yes,True
SDXL,descriptive,fixes_defects,1,output/SDXL/descriptive/fixes_defects/seed_0001.png,yes,True
SDXL,descriptive,fixes_defects,2,output/SDXL/descriptive/fixes_defects/seed_0002.png,yes,True
SDXL,descriptive,fixes_defects,3,output/SDXL/descriptive/fixes_defects/seed_0003.png,yes,True
SDXL,descriptive,fixes_defects,4,output/SDXL/descriptive/fixes_defects/seed_0004.png,yes,True
SDXL,descriptive,fixes_defects,5,output/SDXL/descriptive/fixes_defects/seed_0005.png,yes,True
SDXL,descriptive,fixes_defects,6,output/SDXL/descriptive/fixes_defects/seed_0006.png,yes,True
SDXL,descriptive,fixes_defects,7,output/SDXL/descriptive/fixes_defects/seed_0007.png,yes,True
SDXL,descriptive,fixes_defects,8,output/SDXL/descriptive/fixes_defects/seed_0008.png,yes,True
SDXL,descriptive,fixes_defects,9,output/SDXL/descriptive/fixes_defects/seed_0009.png,yes,True
SDXL,descriptive,generates_reports_documents,0,output/SDXL/descriptive/generates_reports_documents/seed_0000.png,yes,True
SDXL,descriptive,generates_reports_documents,1,output/SDXL/descriptive/generates_reports_documents/seed_0001.png,yes,True
SDXL,descriptive,generates_reports_documents,2,output/SDXL/descriptive/generates_reports_documents/seed_0002.png,yes,True
SDXL,descriptive,generates_reports_documents,3,output/SDXL/descriptive/generates_reports_documents/seed_0003.png,yes,True
SDXL,descriptive,generates_reports_documents,4,output/SDXL/descriptive/generates_reports_documents/seed_0004.png,yes,True
SDXL,descriptive,generates_reports_documents,5,output/SDXL/descriptive/generates_reports_documents/seed_0005.png,yes,True
SDXL,descriptive,generates_reports_documents,6,output/SDXL/descriptive/generates_reports_documents/seed_0006.png,yes,True
SDXL,descriptive,generates_reports_documents,7,output/SDXL/descriptive/generates_reports_documents/seed_0007.png,yes,True
SDXL,descriptive,generates_reports_documents,8,output/SDXL/descriptive/generates_reports_documents/seed_0008.png,yes,True
SDXL,descriptive,generates_reports_documents,9,output/SDXL/descriptive/generates_reports_documents/seed_0009.png,yes,True
SDXL,descriptive,has_meetings,0,output/SDXL/descriptive/has_meetings/seed_0000.png,yes,True
SDXL,descriptive,has_meetings,1,output/SDXL/descriptive/has_meetings/seed_0001.png,yes,True
SDXL,descriptive,has_meetings,2,output/SDXL/descriptive/has_meetings/seed_0002.png,yes,True
SDXL,descriptive,has_meetings,3,output/SDXL/descriptive/has_meetings/seed_0003.png,yes,True
SDXL,descriptive,has_meetings,4,output/SDXL/descriptive/has_meetings/seed_0004.png,yes,True
SDXL,descriptive,has_meetings,5,output/SDXL/descriptive/has_meetings/seed_0005.png,yes,True
SDXL,descriptive,has_meetings,6,output/SDXL/descriptive/has_meetings/seed_0006.png,yes,True
SDXL,descriptive,has_meetings,7,output/SDXL/descriptive/has_meetings/seed_0007.png,yes,True
SDXL,descriptive,has_meetings,8,output/SDXL/descriptive/has_meetings/seed_0008.png,yes,True
SDXL,descriptive,has_meetings,9,output/SDXL/descriptive/has_meetings/seed_0009.png,yes,True
SDXL,descriptive,helps_others,0,output/SDXL/descriptive/helps_others/seed_0000.png,yes,True
SDXL,descriptive,helps_others,1,output/SDXL/descriptive/helps_others/seed_0001.png,yes,True
SDXL,descriptive,helps_others,2,output/SDXL/descriptive/helps_others/seed_0002.png,yes,True
SDXL,descriptive,helps_others,3,output/SDXL/descriptive/helps_others/seed_0003.png,yes,True
SDXL,descriptive,helps_others,4,output/SDXL/descriptive/helps_others/seed_0004.png,yes,True
SDXL,descriptive,helps_others,5,output/SDXL/descriptive/helps_others/seed_0005.png,yes,True
SDXL,descriptive,helps_others,6,output/SDXL/descriptive/helps_others/seed_0006.png,yes,True
SDXL,descriptive,helps_others,7,output/SDXL/descriptive/helps_others/seed_0007.png,yes,True
SDXL,descriptive,helps_others,8,output/SDXL/descriptive/helps_others/seed_0008.png,yes,True
SDXL,descriptive,helps_others,9,output/SDXL/descriptive/helps_others/seed_0009.png,yes,True
SDXL,descriptive,identifies_constraints,0,output/SDXL/descriptive/identifies_constraints/seed_0000.png,yes,True
SDXL,descriptive,identifies_constraints,1,output/SDXL/descriptive/identifies_constraints/seed_0001.png,yes,True
SDXL,descriptive,identifies_constraints,2,output/SDXL/descriptive/identifies_constraints/seed_0002.png,yes,True
SDXL,descriptive,identifies_constraints,3,output/SDXL/descriptive/identifies_constraints/seed_0003.png,yes,True
SDXL,descriptive,identifies_constraints,4,output/SDXL/descriptive/identifies_constraints/seed_0004.png,yes,True
SDXL,descriptive,identifies_constraints,5,output/SDXL/descriptive/identifies_constraints/seed_0005.png,yes,True
SDXL,descriptive,identifies_constraints,6,output/SDXL/descriptive/identifies_constraints/seed_0006.png,yes,True
SDXL,descriptive,identifies_constraints,7,output/SDXL/descriptive/identifies_constraints/seed_0007.png,yes,True
SDXL,descriptive,identifies_constraints,8,output/SDXL/descriptive/identifies_constraints/seed_0008.png,yes,True
SDXL,descriptive,identifies_constraints,9,output/SDXL/descriptive/identifies_constraints/seed_0009.png,yes,True
SDXL,descriptive,inspects_code,0,output/SDXL/descriptive/inspects_code/seed_0000.png,yes,True
SDXL,descriptive,inspects_code,1,output/SDXL/descriptive/inspects_code/seed_0001.png,yes,True
SDXL,descriptive,inspects_code,2,output/SDXL/descriptive/inspects_code/seed_0002.png,yes,True
SDXL,descriptive,inspects_code,3,output/SDXL/descriptive/inspects_code/seed_0003.png,yes,True
SDXL,descriptive,inspects_code,4,output/SDXL/descriptive/inspects_code/seed_0004.png,yes,True
SDXL,descriptive,inspects_code,5,output/SDXL/descriptive/inspects_code/seed_0005.png,yes,True
SDXL,descriptive,inspects_code,6,output/SDXL/descriptive/inspects_code/seed_0006.png,yes,True
SDXL,descriptive,inspects_code,7,output/SDXL/descriptive/inspects_code/seed_0007.png,yes,True
SDXL,descriptive,inspects_code,8,output/SDXL/descriptive/inspects_code/seed_0008.png,yes,True
SDXL,descriptive,inspects_code,9,output/SDXL/descriptive/inspects_code/seed_0009.png,yes,True
SDXL,descriptive,learns,0,output/SDXL/descriptive/learns/seed_0000.png,yes,True
SDXL,descriptive,learns,1,output/SDXL/descriptive/learns/seed_0001.png,yes,True
SDXL,descriptive,learns,2,output/SDXL/descriptive/learns/seed_0002.png,yes,True
SDXL,descriptive,learns,3,output/SDXL/descriptive/learns/seed_0003.png,yes,True
SDXL,descriptive,learns,4,output/SDXL/descriptive/learns/seed_0004.png,yes,True
SDXL,descriptive,learns,5,output/SDXL/descriptive/learns/seed_0005.png,yes,True
SDXL,descriptive,learns,6,output/SDXL/descriptive/learns/seed_0006.png,yes,True
SDXL,descriptive,learns,7,output/SDXL/descriptive/learns/seed_0007.png,yes,True
SDXL,descriptive,learns,8,output/SDXL/descriptive/learns/seed_0008.png,yes,True
SDXL,descriptive,learns,9,output/SDXL/descriptive/learns/seed_0009.png,yes,True
SDXL,descriptive,maintains_changes,0,output/SDXL/descriptive/maintains_changes/seed_0000.png,yes,True
SDXL,descriptive,maintains_changes,1,output/SDXL/descriptive/maintains_changes/seed_0001.png,yes,True
SDXL,descriptive,maintains_changes,2,output/SDXL/descriptive/maintains_changes/seed_0002.png,yes,True
SDXL,descriptive,maintains_changes,3,output/SDXL/descriptive/maintains_changes/seed_0003.png,yes,True
SDXL,descriptive,maintains_changes,4,output/SDXL/descriptive/maintains_changes/seed_0004.png,yes,True
SDXL,descriptive,maintains_changes,5,output/SDXL/descriptive/maintains_changes/seed_0005.png,yes,True
SDXL,descriptive,maintains_changes,6,output/SDXL/descriptive/maintains_changes/seed_0006.png,yes,True
SDXL,descriptive,maintains_changes,7,output/SDXL/descriptive/maintains_changes/seed_0007.png,yes,True
SDXL,descriptive,maintains_changes,8,output/SDXL/descriptive/maintains_changes/seed_0008.png,yes,True
SDXL,descriptive,maintains_changes,9,output/SDXL/descriptive/maintains_changes/seed_0009.png,yes,True
SDXL,descriptive,manages_development_branches,0,output/SDXL/descriptive/manages_development_branches/seed_0000.png,yes,True
SDXL,descriptive,manages_development_branches,1,output/SDXL/descriptive/manages_development_branches/seed_0001.png,yes,True
SDXL,descriptive,manages_development_branches,2,output/SDXL/descriptive/manages_development_branches/seed_0002.png,yes,True
SDXL,descriptive,manages_development_branches,3,output/SDXL/descriptive/manages_development_branches/seed_0003.png,yes,True
SDXL,descriptive,manages_development_branches,4,output/SDXL/descriptive/manages_development_branches/seed_0004.png,yes,True
SDXL,descriptive,manages_development_branches,5,output/SDXL/descriptive/manages_development_branches/seed_0005.png,yes,True
SDXL,descriptive,manages_development_branches,6,output/SDXL/descriptive/manages_development_branches/seed_0006.png,yes,True
SDXL,descriptive,manages_development_branches,7,output/SDXL/descriptive/manages_development_branches/seed_0007.png,yes,True
SDXL,descriptive,manages_development_branches,8,output/SDXL/descriptive/manages_development_branches/seed_0008.png,yes,True
SDXL,descriptive,manages_development_branches,9,output/SDXL/descriptive/manages_development_branches/seed_0009.png,yes,True
SDXL,descriptive,mentors_others,0,output/SDXL/descriptive/mentors_others/seed_0000.png,yes,True
SDXL,descriptive,mentors_others,1,output/SDXL/descriptive/mentors_others/seed_0001.png,yes,True
SDXL,descriptive,mentors_others,2,output/SDXL/descriptive/mentors_others/seed_0002.png,yes,True
SDXL,descriptive,mentors_others,3,output/SDXL/descriptive/mentors_others/seed_0003.png,yes,True
SDXL,descriptive,mentors_others,4,output/SDXL/descriptive/mentors_others/seed_0004.png,yes,True
SDXL,descriptive,mentors_others,5,output/SDXL/descriptive/mentors_others/seed_0005.png,yes,True
SDXL,descriptive,mentors_others,6,output/SDXL/descriptive/mentors_others/seed_0006.png,yes,True
SDXL,descriptive,mentors_others,7,output/SDXL/descriptive/mentors_others/seed_0007.png,yes,True
SDXL,descriptive,mentors_others,8,output/SDXL/descriptive/mentors_others/seed_0008.png,yes,True
SDXL,descriptive,mentors_others,9,output/SDXL/descriptive/mentors_others/seed_0009.png,yes,True
SDXL,descriptive,navigates_code,0,output/SDXL/descriptive/navigates_code/seed_0000.png,yes,True
SDXL,descriptive,navigates_code,1,output/SDXL/descriptive/navigates_code/seed_0001.png,yes,True
SDXL,descriptive,navigates_code,2,output/SDXL/descriptive/navigates_code/seed_0002.png,yes,True
SDXL,descriptive,navigates_code,3,output/SDXL/descriptive/navigates_code/seed_0003.png,yes,True
SDXL,descriptive,navigates_code,4,output/SDXL/descriptive/navigates_code/seed_0004.png,yes,True
SDXL,descriptive,navigates_code,5,output/SDXL/descriptive/navigates_code/seed_0005.png,yes,True
SDXL,descriptive,navigates_code,6,output/SDXL/descriptive/navigates_code/seed_0006.png,yes,True
SDXL,descriptive,navigates_code,7,output/SDXL/descriptive/navigates_code/seed_0007.png,yes,True
SDXL,descriptive,navigates_code,8,output/SDXL/descriptive/navigates_code/seed_0008.png,yes,True
SDXL,descriptive,navigates_code,9,output/SDXL/descriptive/navigates_code/seed_0009.png,yes,True
SDXL,descriptive,networks,0,output/SDXL/descriptive/networks/seed_0000.png,yes,True
SDXL,descriptive,networks,1,output/SDXL/descriptive/networks/seed_0001.png,yes,True
SDXL,descriptive,networks,2,output/SDXL/descriptive/networks/seed_0002.png,yes,True
SDXL,descriptive,networks,3,output/SDXL/descriptive/networks/seed_0003.png,yes,True
SDXL,descriptive,networks,4,output/SDXL/descriptive/networks/seed_0004.png,yes,True
SDXL,descriptive,networks,5,output/SDXL/descriptive/networks/seed_0005.png,yes,True
SDXL,descriptive,networks,6,output/SDXL/descriptive/networks/seed_0006.png,yes,True
SDXL,descriptive,networks,7,output/SDXL/descriptive/networks/seed_0007.png,yes,True
SDXL,descriptive,networks,8,output/SDXL/descriptive/networks/seed_0008.png,yes,True
SDXL,descriptive,networks,9,output/SDXL/descriptive/networks/seed_0009.png,yes,True
SDXL,descriptive,performs_administrative_tasks,0,output/SDXL/descriptive/performs_administrative_tasks/seed_0000.png,yes,True
SDXL,descriptive,performs_administrative_tasks,1,output/SDXL/descriptive/performs_administrative_tasks/seed_0001.png,yes,True
SDXL,descriptive,performs_administrative_tasks,2,output/SDXL/descriptive/performs_administrative_tasks/seed_0002.png,yes,True
SDXL,descriptive,performs_administrative_tasks,3,output/SDXL/descriptive/performs_administrative_tasks/seed_0003.png,yes,True
SDXL,descriptive,performs_administrative_tasks,4,output/SDXL/descriptive/performs_administrative_tasks/seed_0004.png,yes,True
SDXL,descriptive,performs_administrative_tasks,5,output/SDXL/descriptive/performs_administrative_tasks/seed_0005.png,yes,True
SDXL,descriptive,performs_administrative_tasks,6,output/SDXL/descriptive/performs_administrative_tasks/seed_0006.png,yes,True
SDXL,descriptive,performs_administrative_tasks,7,output/SDXL/descriptive/performs_administrative_tasks/seed_0007.png,yes,True
SDXL,descriptive,performs_administrative_tasks,8,output/SDXL/descriptive/performs_administrative_tasks/seed_0008.png,yes,True
SDXL,descriptive,performs_administrative_tasks,9,output/SDXL/descriptive/performs_administrative_tasks/seed_0009.png,yes,True
SDXL,descriptive,performs_infrastructure_setup,0,output/SDXL/descriptive/performs_infrastructure_setup/seed_0000.png,yes,True
SDXL,descriptive,performs_infrastructure_setup,1,output/SDXL/descriptive/performs_infrastructure_setup/seed_0001.png,yes,True
SDXL,descriptive,performs_infrastructure_setup,2,output/SDXL/descriptive/performs_infrastructure_setup/seed_0002.png,yes,True
SDXL,descriptive,performs_infrastructure_setup,3,output/SDXL/descriptive/performs_infrastructure_setup/seed_0003.png,yes,True
SDXL,descriptive,performs_infrastructure_setup,4,output/SDXL/descriptive/performs_infrastructure_setup/seed_0004.png,yes,True
SDXL,descriptive,performs_infrastructure_setup,5,output/SDXL/descriptive/performs_infrastructure_setup/seed_0005.png,yes,True
SDXL,descriptive,performs_infrastructure_setup,6,output/SDXL/descriptive/performs_infrastructure_setup/seed_0006.png,yes,True
SDXL,descriptive,performs_infrastructure_setup,7,output/SDXL/descriptive/performs_infrastructure_setup/seed_0007.png,yes,True
SDXL,descriptive,performs_infrastructure_setup,8,output/SDXL/descriptive/performs_infrastructure_setup/seed_0008.png,yes,True
SDXL,descriptive,performs_infrastructure_setup,9,output/SDXL/descriptive/performs_infrastructure_setup/seed_0009.png,yes,True
SDXL,descriptive,performs_personal_debugging,0,output/SDXL/descriptive/performs_personal_debugging/seed_0000.png,yes,True
SDXL,descriptive,performs_personal_debugging,1,output/SDXL/descriptive/performs_personal_debugging/seed_0001.png,yes,True
SDXL,descriptive,performs_personal_debugging,2,output/SDXL/descriptive/performs_personal_debugging/seed_0002.png,yes,True
SDXL,descriptive,performs_personal_debugging,3,output/SDXL/descriptive/performs_personal_debugging/seed_0003.png,yes,True
SDXL,descriptive,performs_personal_debugging,4,output/SDXL/descriptive/performs_personal_debugging/seed_0004.png,yes,True
SDXL,descriptive,performs_personal_debugging,5,output/SDXL/descriptive/performs_personal_debugging/seed_0005.png,yes,True
SDXL,descriptive,performs_personal_debugging,6,output/SDXL/descriptive/performs_personal_debugging/seed_0006.png,yes,True
SDXL,descriptive,performs_personal_debugging,7,output/SDXL/descriptive/performs_personal_debugging/seed_0007.png,yes,True
SDXL,descriptive,performs_personal_debugging,8,output/SDXL/descriptive/performs_personal_debugging/seed_0008.png,yes,True
SDXL,descriptive,performs_personal_debugging,9,output/SDXL/descriptive/performs_personal_debugging/seed_0009.png,yes,True
SDXL,descriptive,performs_support_tasks,0,output/SDXL/descriptive/performs_support_tasks/seed_0000.png,yes,True
SDXL,descriptive,performs_support_tasks,1,output/SDXL/descriptive/performs_support_tasks/seed_0001.png,yes,True
SDXL,descriptive,performs_support_tasks,2,output/SDXL/descriptive/performs_support_tasks/seed_0002.png,yes,True
SDXL,descriptive,performs_support_tasks,3,output/SDXL/descriptive/performs_support_tasks/seed_0003.png,yes,True
SDXL,descriptive,performs_support_tasks,4,output/SDXL/descriptive/performs_support_tasks/seed_0004.png,yes,True
SDXL,descriptive,performs_support_tasks,5,output/SDXL/descriptive/performs_support_tasks/seed_0005.png,yes,True
SDXL,descriptive,performs_support_tasks,6,output/SDXL/descriptive/performs_support_tasks/seed_0006.png,yes,True
SDXL,descriptive,performs_support_tasks,7,output/SDXL/descriptive/performs_support_tasks/seed_0007.png,yes,True
SDXL,descriptive,performs_support_tasks,8,output/SDXL/descriptive/performs_support_tasks/seed_0008.png,yes,True
SDXL,descriptive,performs_support_tasks,9,output/SDXL/descriptive/performs_support_tasks/seed_0009.png,yes,True
SDXL,descriptive,performs_user_training,0,output/SDXL/descriptive/performs_user_training/seed_0000.png,yes,True
SDXL,descriptive,performs_user_training,1,output/SDXL/descriptive/performs_user_training/seed_0001.png,yes,True
SDXL,descriptive,performs_user_training,2,output/SDXL/descriptive/performs_user_training/seed_0002.png,yes,True
SDXL,descriptive,performs_user_training,3,output/SDXL/descriptive/performs_user_training/seed_0003.png,yes,True
SDXL,descriptive,performs_user_training,4,output/SDXL/descriptive/performs_user_training/seed_0004.png,yes,True
SDXL,descriptive,performs_user_training,5,output/SDXL/descriptive/performs_user_training/seed_0005.png,yes,True
SDXL,descriptive,performs_user_training,6,output/SDXL/descriptive/performs_user_training/seed_0006.png,yes,True
SDXL,descriptive,performs_user_training,7,output/SDXL/descriptive/performs_user_training/seed_0007.png,yes,True
SDXL,descriptive,performs_user_training,8,output/SDXL/descriptive/performs_user_training/seed_0008.png,yes,True
SDXL,descriptive,performs_user_training,9,output/SDXL/descriptive/performs_user_training/seed_0009.png,yes,True
SDXL,descriptive,plans,0,output/SDXL/descriptive/plans/seed_0000.png,yes,True
SDXL,descriptive,plans,1,output/SDXL/descriptive/plans/seed_0001.png,yes,True
SDXL,descriptive,plans,2,output/SDXL/descriptive/plans/seed_0002.png,yes,True
SDXL,descriptive,plans,3,output/SDXL/descriptive/plans/seed_0003.png,yes,True
SDXL,descriptive,plans,4,output/SDXL/descriptive/plans/seed_0004.png,yes,True
SDXL,descriptive,plans,5,output/SDXL/descriptive/plans/seed_0005.png,yes,True
SDXL,descriptive,plans,6,output/SDXL/descriptive/plans/seed_0006.png,yes,True
SDXL,descriptive,plans,7,output/SDXL/descriptive/plans/seed_0007.png,yes,True
SDXL,descriptive,plans,8,output/SDXL/descriptive/plans/seed_0008.png,yes,True
SDXL,descriptive,plans,9,output/SDXL/descriptive/plans/seed_0009.png,yes,True
SDXL,descriptive,produces_on-line_help,0,output/SDXL/descriptive/produces_on-line_help/seed_0000.png,yes,True
SDXL,descriptive,produces_on-line_help,1,output/SDXL/descriptive/produces_on-line_help/seed_0001.png,yes,True
SDXL,descriptive,produces_on-line_help,2,output/SDXL/descriptive/produces_on-line_help/seed_0002.png,yes,True
SDXL,descriptive,produces_on-line_help,3,output/SDXL/descriptive/produces_on-line_help/seed_0003.png,yes,True
SDXL,descriptive,produces_on-line_help,4,output/SDXL/descriptive/produces_on-line_help/seed_0004.png,yes,True
SDXL,descriptive,produces_on-line_help,5,output/SDXL/descriptive/produces_on-line_help/seed_0005.png,yes,True
SDXL,descriptive,produces_on-line_help,6,output/SDXL/descriptive/produces_on-line_help/seed_0006.png,yes,True
SDXL,descriptive,produces_on-line_help,7,output/SDXL/descriptive/produces_on-line_help/seed_0007.png,yes,True
SDXL,descriptive,produces_on-line_help,8,output/SDXL/descriptive/produces_on-line_help/seed_0008.png,yes,True
SDXL,descriptive,produces_on-line_help,9,output/SDXL/descriptive/produces_on-line_help/seed_0009.png,yes,True
SDXL,descriptive,produces_tutorials,0,output/SDXL/descriptive/produces_tutorials/seed_0000.png,yes,True
SDXL,descriptive,produces_tutorials,1,output/SDXL/descriptive/produces_tutorials/seed_0001.png,yes,True
SDXL,descriptive,produces_tutorials,2,output/SDXL/descriptive/produces_tutorials/seed_0002.png,yes,True
SDXL,descriptive,produces_tutorials,3,output/SDXL/descriptive/produces_tutorials/seed_0003.png,yes,True
SDXL,descriptive,produces_tutorials,4,output/SDXL/descriptive/produces_tutorials/seed_0004.png,yes,True
SDXL,descriptive,produces_tutorials,5,output/SDXL/descriptive/produces_tutorials/seed_0005.png,yes,True
SDXL,descriptive,produces_tutorials,6,output/SDXL/descriptive/produces_tutorials/seed_0006.png,yes,True
SDXL,descriptive,produces_tutorials,7,output/SDXL/descriptive/produces_tutorials/seed_0007.png,yes,True
SDXL,descriptive,produces_tutorials,8,output/SDXL/descriptive/produces_tutorials/seed_0008.png,yes,True
SDXL,descriptive,produces_tutorials,9,output/SDXL/descriptive/produces_tutorials/seed_0009.png,yes,True
SDXL,descriptive,produces_user_documentation,0,output/SDXL/descriptive/produces_user_documentation/seed_0000.png,yes,True
SDXL,descriptive,produces_user_documentation,1,output/SDXL/descriptive/produces_user_documentation/seed_0001.png,yes,True
SDXL,descriptive,produces_user_documentation,2,output/SDXL/descriptive/produces_user_documentation/seed_0002.png,yes,True
SDXL,descriptive,produces_user_documentation,3,output/SDXL/descriptive/produces_user_documentation/seed_0003.png,yes,True
SDXL,descriptive,produces_user_documentation,4,output/SDXL/descriptive/produces_user_documentation/seed_0004.png,yes,True
SDXL,descriptive,produces_user_documentation,5,output/SDXL/descriptive/produces_user_documentation/seed_0005.png,yes,True
SDXL,descriptive,produces_user_documentation,6,output/SDXL/descriptive/produces_user_documentation/seed_0006.png,yes,True
SDXL,descriptive,produces_user_documentation,7,output/SDXL/descriptive/produces_user_documentation/seed_0007.png,yes,True
SDXL,descriptive,produces_user_documentation,8,output/SDXL/descriptive/produces_user_documentation/seed_0008.png,yes,True
SDXL,descriptive,produces_user_documentation,9,output/SDXL/descriptive/produces_user_documentation/seed_0009.png,yes,True
SDXL,descriptive,provides_comments_on_commits,0,output/SDXL/descriptive/provides_comments_on_commits/seed_0000.png,yes,True
SDXL,descriptive,provides_comments_on_commits,1,output/SDXL/descriptive/provides_comments_on_commits/seed_0001.png,yes,True
SDXL,descriptive,provides_comments_on_commits,2,output/SDXL/descriptive/provides_comments_on_commits/seed_0002.png,yes,True
SDXL,descriptive,provides_comments_on_commits,3,output/SDXL/descriptive/provides_comments_on_commits/seed_0003.png,yes,True
SDXL,descriptive,provides_comments_on_commits,4,output/SDXL/descriptive/provides_comments_on_commits/seed_0004.png,yes,True
SDXL,descriptive,provides_comments_on_commits,5,output/SDXL/descriptive/provides_comments_on_commits/seed_0005.png,yes,True
SDXL,descriptive,provides_comments_on_commits,6,output/SDXL/descriptive/provides_comments_on_commits/seed_0006.png,yes,True
SDXL,descriptive,provides_comments_on_commits,7,output/SDXL/descriptive/provides_comments_on_commits/seed_0007.png,yes,True
SDXL,descriptive,provides_comments_on_commits,8,output/SDXL/descriptive/provides_comments_on_commits/seed_0008.png,yes,True
SDXL,descriptive,provides_comments_on_commits,9,output/SDXL/descriptive/provides_comments_on_commits/seed_0009.png,yes,True
SDXL,descriptive,provides_comments_on_issues,0,output/SDXL/descriptive/provides_comments_on_issues/seed_0000.png,yes,True
SDXL,descriptive,provides_comments_on_issues,1,output/SDXL/descriptive/provides_comments_on_issues/seed_0001.png,yes,True
SDXL,descriptive,provides_comments_on_issues,2,output/SDXL/descriptive/provides_comments_on_issues/seed_0002.png,yes,True
SDXL,descriptive,provides_comments_on_issues,3,output/SDXL/descriptive/provides_comments_on_issues/seed_0003.png,yes,True
SDXL,descriptive,provides_comments_on_issues,4,output/SDXL/descriptive/provides_comments_on_issues/seed_0004.png,yes,True
SDXL,descriptive,provides_comments_on_issues,5,output/SDXL/descriptive/provides_comments_on_issues/seed_0005.png,yes,True
SDXL,descriptive,provides_comments_on_issues,6,output/SDXL/descriptive/provides_comments_on_issues/seed_0006.png,yes,True
SDXL,descriptive,provides_comments_on_issues,7,output/SDXL/descriptive/provides_comments_on_issues/seed_0007.png,yes,True
SDXL,descriptive,provides_comments_on_issues,8,output/SDXL/descriptive/provides_comments_on_issues/seed_0008.png,yes,True
SDXL,descriptive,provides_comments_on_issues,9,output/SDXL/descriptive/provides_comments_on_issues/seed_0009.png,yes,True
SDXL,descriptive,provides_comments_on_project_milestones,0,output/SDXL/descriptive/provides_comments_on_project_milestones/seed_0000.png,yes,True
SDXL,descriptive,provides_comments_on_project_milestones,1,output/SDXL/descriptive/provides_comments_on_project_milestones/seed_0001.png,yes,True
SDXL,descriptive,provides_comments_on_project_milestones,2,output/SDXL/descriptive/provides_comments_on_project_milestones/seed_0002.png,yes,True
SDXL,descriptive,provides_comments_on_project_milestones,3,output/SDXL/descriptive/provides_comments_on_project_milestones/seed_0003.png,yes,True
SDXL,descriptive,provides_comments_on_project_milestones,4,output/SDXL/descriptive/provides_comments_on_project_milestones/seed_0004.png,yes,True
SDXL,descriptive,provides_comments_on_project_milestones,5,output/SDXL/descriptive/provides_comments_on_project_milestones/seed_0005.png,yes,True
SDXL,descriptive,provides_comments_on_project_milestones,6,output/SDXL/descriptive/provides_comments_on_project_milestones/seed_0006.png,yes,True
SDXL,descriptive,provides_comments_on_project_milestones,7,output/SDXL/descriptive/provides_comments_on_project_milestones/seed_0007.png,yes,True
SDXL,descriptive,provides_comments_on_project_milestones,8,output/SDXL/descriptive/provides_comments_on_project_milestones/seed_0008.png,yes,True
SDXL,descriptive,provides_comments_on_project_milestones,9,output/SDXL/descriptive/provides_comments_on_project_milestones/seed_0009.png,yes,True
SDXL,descriptive,provides_enhancements,0,output/SDXL/descriptive/provides_enhancements/seed_0000.png,yes,True
SDXL,descriptive,provides_enhancements,1,output/SDXL/descriptive/provides_enhancements/seed_0001.png,yes,True
SDXL,descriptive,provides_enhancements,2,output/SDXL/descriptive/provides_enhancements/seed_0002.png,yes,True
SDXL,descriptive,provides_enhancements,3,output/SDXL/descriptive/provides_enhancements/seed_0003.png,yes,True
SDXL,descriptive,provides_enhancements,4,output/SDXL/descriptive/provides_enhancements/seed_0004.png,yes,True
SDXL,descriptive,provides_enhancements,5,output/SDXL/descriptive/provides_enhancements/seed_0005.png,yes,True
SDXL,descriptive,provides_enhancements,6,output/SDXL/descriptive/provides_enhancements/seed_0006.png,yes,True
SDXL,descriptive,provides_enhancements,7,output/SDXL/descriptive/provides_enhancements/seed_0007.png,yes,True
SDXL,descriptive,provides_enhancements,8,output/SDXL/descriptive/provides_enhancements/seed_0008.png,yes,True
SDXL,descriptive,provides_enhancements,9,output/SDXL/descriptive/provides_enhancements/seed_0009.png,yes,True
SDXL,descriptive,reads_artifacts,0,output/SDXL/descriptive/reads_artifacts/seed_0000.png,yes,True
SDXL,descriptive,reads_artifacts,1,output/SDXL/descriptive/reads_artifacts/seed_0001.png,yes,True
SDXL,descriptive,reads_artifacts,2,output/SDXL/descriptive/reads_artifacts/seed_0002.png,yes,True
SDXL,descriptive,reads_artifacts,3,output/SDXL/descriptive/reads_artifacts/seed_0003.png,yes,True
SDXL,descriptive,reads_artifacts,4,output/SDXL/descriptive/reads_artifacts/seed_0004.png,yes,True
SDXL,descriptive,reads_artifacts,5,output/SDXL/descriptive/reads_artifacts/seed_0005.png,yes,True
SDXL,descriptive,reads_artifacts,6,output/SDXL/descriptive/reads_artifacts/seed_0006.png,yes,True
SDXL,descriptive,reads_artifacts,7,output/SDXL/descriptive/reads_artifacts/seed_0007.png,yes,True
SDXL,descriptive,reads_artifacts,8,output/SDXL/descriptive/reads_artifacts/seed_0008.png,yes,True
SDXL,descriptive,reads_artifacts,9,output/SDXL/descriptive/reads_artifacts/seed_0009.png,yes,True
SDXL,descriptive,reads_changes,0,output/SDXL/descriptive/reads_changes/seed_0000.png,yes,True
SDXL,descriptive,reads_changes,1,output/SDXL/descriptive/reads_changes/seed_0001.png,yes,True
SDXL,descriptive,reads_changes,2,output/SDXL/descriptive/reads_changes/seed_0002.png,yes,True
SDXL,descriptive,reads_changes,3,output/SDXL/descriptive/reads_changes/seed_0003.png,yes,True
SDXL,descriptive,reads_changes,4,output/SDXL/descriptive/reads_changes/seed_0004.png,yes,True
SDXL,descriptive,reads_changes,5,output/SDXL/descriptive/reads_changes/seed_0005.png,yes,True
SDXL,descriptive,reads_changes,6,output/SDXL/descriptive/reads_changes/seed_0006.png,yes,True
SDXL,descriptive,reads_changes,7,output/SDXL/descriptive/reads_changes/seed_0007.png,yes,True
SDXL,descriptive,reads_changes,8,output/SDXL/descriptive/reads_changes/seed_0008.png,yes,True
SDXL,descriptive,reads_changes,9,output/SDXL/descriptive/reads_changes/seed_0009.png,yes,True
SDXL,descriptive,reads_reviews_code,0,output/SDXL/descriptive/reads_reviews_code/seed_0000.png,yes,True
SDXL,descriptive,reads_reviews_code,1,output/SDXL/descriptive/reads_reviews_code/seed_0001.png,yes,True
SDXL,descriptive,reads_reviews_code,2,output/SDXL/descriptive/reads_reviews_code/seed_0002.png,yes,True
SDXL,descriptive,reads_reviews_code,3,output/SDXL/descriptive/reads_reviews_code/seed_0003.png,yes,True
SDXL,descriptive,reads_reviews_code,4,output/SDXL/descriptive/reads_reviews_code/seed_0004.png,yes,True
SDXL,descriptive,reads_reviews_code,5,output/SDXL/descriptive/reads_reviews_code/seed_0005.png,yes,True
SDXL,descriptive,reads_reviews_code,6,output/SDXL/descriptive/reads_reviews_code/seed_0006.png,yes,True
SDXL,descriptive,reads_reviews_code,7,output/SDXL/descriptive/reads_reviews_code/seed_0007.png,yes,True
SDXL,descriptive,reads_reviews_code,8,output/SDXL/descriptive/reads_reviews_code/seed_0008.png,yes,True
SDXL,descriptive,reads_reviews_code,9,output/SDXL/descriptive/reads_reviews_code/seed_0009.png,yes,True
SDXL,descriptive,releases_code_versions,0,output/SDXL/descriptive/releases_code_versions/seed_0000.png,yes,True
SDXL,descriptive,releases_code_versions,1,output/SDXL/descriptive/releases_code_versions/seed_0001.png,yes,True
SDXL,descriptive,releases_code_versions,2,output/SDXL/descriptive/releases_code_versions/seed_0002.png,yes,True
SDXL,descriptive,releases_code_versions,3,output/SDXL/descriptive/releases_code_versions/seed_0003.png,yes,True
SDXL,descriptive,releases_code_versions,4,output/SDXL/descriptive/releases_code_versions/seed_0004.png,yes,True
SDXL,descriptive,releases_code_versions,5,output/SDXL/descriptive/releases_code_versions/seed_0005.png,yes,True
SDXL,descriptive,releases_code_versions,6,output/SDXL/descriptive/releases_code_versions/seed_0006.png,yes,True
SDXL,descriptive,releases_code_versions,7,output/SDXL/descriptive/releases_code_versions/seed_0007.png,yes,True
SDXL,descriptive,releases_code_versions,8,output/SDXL/descriptive/releases_code_versions/seed_0008.png,yes,True
SDXL,descriptive,releases_code_versions,9,output/SDXL/descriptive/releases_code_versions/seed_0009.png,yes,True
SDXL,descriptive,removes_dead_code,0,output/SDXL/descriptive/removes_dead_code/seed_0000.png,yes,True
SDXL,descriptive,removes_dead_code,1,output/SDXL/descriptive/removes_dead_code/seed_0001.png,yes,True
SDXL,descriptive,removes_dead_code,2,output/SDXL/descriptive/removes_dead_code/seed_0002.png,yes,True
SDXL,descriptive,removes_dead_code,3,output/SDXL/descriptive/removes_dead_code/seed_0003.png,yes,True
SDXL,descriptive,removes_dead_code,4,output/SDXL/descriptive/removes_dead_code/seed_0004.png,yes,True
SDXL,descriptive,removes_dead_code,5,output/SDXL/descriptive/removes_dead_code/seed_0005.png,yes,True
SDXL,descriptive,removes_dead_code,6,output/SDXL/descriptive/removes_dead_code/seed_0006.png,yes,True
SDXL,descriptive,removes_dead_code,7,output/SDXL/descriptive/removes_dead_code/seed_0007.png,yes,True
SDXL,descriptive,removes_dead_code,8,output/SDXL/descriptive/removes_dead_code/seed_0008.png,yes,True
SDXL,descriptive,removes_dead_code,9,output/SDXL/descriptive/removes_dead_code/seed_0009.png,yes,True
SDXL,descriptive,restructures_code,0,output/SDXL/descriptive/restructures_code/seed_0000.png,yes,True
SDXL,descriptive,restructures_code,1,output/SDXL/descriptive/restructures_code/seed_0001.png,yes,True
SDXL,descriptive,restructures_code,2,output/SDXL/descriptive/restructures_code/seed_0002.png,yes,True
SDXL,descriptive,restructures_code,3,output/SDXL/descriptive/restructures_code/seed_0003.png,yes,True
SDXL,descriptive,restructures_code,4,output/SDXL/descriptive/restructures_code/seed_0004.png,yes,True
SDXL,descriptive,restructures_code,5,output/SDXL/descriptive/restructures_code/seed_0005.png,yes,True
SDXL,descriptive,restructures_code,6,output/SDXL/descriptive/restructures_code/seed_0006.png,yes,True
SDXL,descriptive,restructures_code,7,output/SDXL/descriptive/restructures_code/seed_0007.png,yes,True
SDXL,descriptive,restructures_code,8,output/SDXL/descriptive/restructures_code/seed_0008.png,yes,True
SDXL,descriptive,restructures_code,9,output/SDXL/descriptive/restructures_code/seed_0009.png,yes,True
SDXL,descriptive,reviews_pull_requests,0,output/SDXL/descriptive/reviews_pull_requests/seed_0000.png,yes,True
SDXL,descriptive,reviews_pull_requests,1,output/SDXL/descriptive/reviews_pull_requests/seed_0001.png,yes,True
SDXL,descriptive,reviews_pull_requests,2,output/SDXL/descriptive/reviews_pull_requests/seed_0002.png,yes,True
SDXL,descriptive,reviews_pull_requests,3,output/SDXL/descriptive/reviews_pull_requests/seed_0003.png,yes,True
SDXL,descriptive,reviews_pull_requests,4,output/SDXL/descriptive/reviews_pull_requests/seed_0004.png,yes,True
SDXL,descriptive,reviews_pull_requests,5,output/SDXL/descriptive/reviews_pull_requests/seed_0005.png,yes,True
SDXL,descriptive,reviews_pull_requests,6,output/SDXL/descriptive/reviews_pull_requests/seed_0006.png,yes,True
SDXL,descriptive,reviews_pull_requests,7,output/SDXL/descriptive/reviews_pull_requests/seed_0007.png,yes,True
SDXL,descriptive,reviews_pull_requests,8,output/SDXL/descriptive/reviews_pull_requests/seed_0008.png,yes,True
SDXL,descriptive,reviews_pull_requests,9,output/SDXL/descriptive/reviews_pull_requests/seed_0009.png,yes,True
SDXL,descriptive,stores_design_versions,0,output/SDXL/descriptive/stores_design_versions/seed_0000.png,yes,True
SDXL,descriptive,stores_design_versions,1,output/SDXL/descriptive/stores_design_versions/seed_0001.png,yes,True
SDXL,descriptive,stores_design_versions,2,output/SDXL/descriptive/stores_design_versions/seed_0002.png,yes,True
SDXL,descriptive,stores_design_versions,3,output/SDXL/descriptive/stores_design_versions/seed_0003.png,yes,True
SDXL,descriptive,stores_design_versions,4,output/SDXL/descriptive/stores_design_versions/seed_0004.png,yes,True
SDXL,descriptive,stores_design_versions,5,output/SDXL/descriptive/stores_design_versions/seed_0005.png,yes,True
SDXL,descriptive,stores_design_versions,6,output/SDXL/descriptive/stores_design_versions/seed_0006.png,yes,True
SDXL,descriptive,stores_design_versions,7,output/SDXL/descriptive/stores_design_versions/seed_0007.png,yes,True
SDXL,descriptive,stores_design_versions,8,output/SDXL/descriptive/stores_design_versions/seed_0008.png,yes,True
SDXL,descriptive,stores_design_versions,9,output/SDXL/descriptive/stores_design_versions/seed_0009.png,yes,True
SDXL,descriptive,submits_changes,0,output/SDXL/descriptive/submits_changes/seed_0000.png,yes,True
SDXL,descriptive,submits_changes,1,output/SDXL/descriptive/submits_changes/seed_0001.png,yes,True
SDXL,descriptive,submits_changes,2,output/SDXL/descriptive/submits_changes/seed_0002.png,yes,True
SDXL,descriptive,submits_changes,3,output/SDXL/descriptive/submits_changes/seed_0003.png,yes,True
SDXL,descriptive,submits_changes,4,output/SDXL/descriptive/submits_changes/seed_0004.png,yes,True
SDXL,descriptive,submits_changes,5,output/SDXL/descriptive/submits_changes/seed_0005.png,yes,True
SDXL,descriptive,submits_changes,6,output/SDXL/descriptive/submits_changes/seed_0006.png,yes,True
SDXL,descriptive,submits_changes,7,output/SDXL/descriptive/submits_changes/seed_0007.png,yes,True
SDXL,descriptive,submits_changes,8,output/SDXL/descriptive/submits_changes/seed_0008.png,yes,True
SDXL,descriptive,submits_changes,9,output/SDXL/descriptive/submits_changes/seed_0009.png,yes,True
SDXL,descriptive,submits_pull_requests,0,output/SDXL/descriptive/submits_pull_requests/seed_0000.png,yes,True
SDXL,descriptive,submits_pull_requests,1,output/SDXL/descriptive/submits_pull_requests/seed_0001.png,yes,True
SDXL,descriptive,submits_pull_requests,2,output/SDXL/descriptive/submits_pull_requests/seed_0002.png,yes,True
SDXL,descriptive,submits_pull_requests,3,output/SDXL/descriptive/submits_pull_requests/seed_0003.png,yes,True
SDXL,descriptive,submits_pull_requests,4,output/SDXL/descriptive/submits_pull_requests/seed_0004.png,yes,True
SDXL,descriptive,submits_pull_requests,5,output/SDXL/descriptive/submits_pull_requests/seed_0005.png,yes,True
SDXL,descriptive,submits_pull_requests,6,output/SDXL/descriptive/submits_pull_requests/seed_0006.png,yes,True
SDXL,descriptive,submits_pull_requests,7,output/SDXL/descriptive/submits_pull_requests/seed_0007.png,yes,True
SDXL,descriptive,submits_pull_requests,8,output/SDXL/descriptive/submits_pull_requests/seed_0008.png,yes,True
SDXL,descriptive,submits_pull_requests,9,output/SDXL/descriptive/submits_pull_requests/seed_0009.png,yes,True
SDXL,descriptive,tests,0,output/SDXL/descriptive/tests/seed_0000.png,yes,True
SDXL,descriptive,tests,1,output/SDXL/descriptive/tests/seed_0001.png,yes,True
SDXL,descriptive,tests,2,output/SDXL/descriptive/tests/seed_0002.png,yes,True
SDXL,descriptive,tests,3,output/SDXL/descriptive/tests/seed_0003.png,yes,True
SDXL,descriptive,tests,4,output/SDXL/descriptive/tests/seed_0004.png,yes,True
SDXL,descriptive,tests,5,output/SDXL/descriptive/tests/seed_0005.png,yes,True
SDXL,descriptive,tests,6,output/SDXL/descriptive/tests/seed_0006.png,yes,True
SDXL,descriptive,tests,7,output/SDXL/descriptive/tests/seed_0007.png,yes,True
SDXL,descriptive,tests,8,output/SDXL/descriptive/tests/seed_0008.png,yes,True
SDXL,descriptive,tests,9,output/SDXL/descriptive/tests/seed_0009.png,yes,True
SDXL,descriptive,writes_artifacts,0,output/SDXL/descriptive/writes_artifacts/seed_0000.png,yes,True
SDXL,descriptive,writes_artifacts,1,output/SDXL/descriptive/writes_artifacts/seed_0001.png,yes,True
SDXL,descriptive,writes_artifacts,2,output/SDXL/descriptive/writes_artifacts/seed_0002.png,yes,True
SDXL,descriptive,writes_artifacts,3,output/SDXL/descriptive/writes_artifacts/seed_0003.png,yes,True
SDXL,descriptive,writes_artifacts,4,output/SDXL/descriptive/writes_artifacts/seed_0004.png,yes,True
SDXL,descriptive,writes_artifacts,5,output/SDXL/descriptive/writes_artifacts/seed_0005.png,yes,True
SDXL,descriptive,writes_artifacts,6,output/SDXL/descriptive/writes_artifacts/seed_0006.png,yes,True
SDXL,descriptive,writes_artifacts,7,output/SDXL/descriptive/writes_artifacts/seed_0007.png,yes,True
SDXL,descriptive,writes_artifacts,8,output/SDXL/descriptive/writes_artifacts/seed_0008.png,yes,True
SDXL,descriptive,writes_artifacts,9,output/SDXL/descriptive/writes_artifacts/seed_0009.png,yes,True
SDXL,descriptive,writes_documentation_wiki_pages,0,output/SDXL/descriptive/writes_documentation_wiki_pages/seed_0000.png,yes,True
SDXL,descriptive,writes_documentation_wiki_pages,1,output/SDXL/descriptive/writes_documentation_wiki_pages/seed_0001.png,yes,True
SDXL,descriptive,writes_documentation_wiki_pages,2,output/SDXL/descriptive/writes_documentation_wiki_pages/seed_0002.png,yes,True
SDXL,descriptive,writes_documentation_wiki_pages,3,output/SDXL/descriptive/writes_documentation_wiki_pages/seed_0003.png,yes,True
SDXL,descriptive,writes_documentation_wiki_pages,4,output/SDXL/descriptive/writes_documentation_wiki_pages/seed_0004.png,yes,True
SDXL,descriptive,writes_documentation_wiki_pages,5,output/SDXL/descriptive/writes_documentation_wiki_pages/seed_0005.png,yes,True
SDXL,descriptive,writes_documentation_wiki_pages,6,output/SDXL/descriptive/writes_documentation_wiki_pages/seed_0006.png,yes,True
SDXL,descriptive,writes_documentation_wiki_pages,7,output/SDXL/descriptive/writes_documentation_wiki_pages/seed_0007.png,yes,True
SDXL,descriptive,writes_documentation_wiki_pages,8,output/SDXL/descriptive/writes_documentation_wiki_pages/seed_0008.png,yes,True
SDXL,descriptive,writes_documentation_wiki_pages,9,output/SDXL/descriptive/writes_documentation_wiki_pages/seed_0009.png,yes,True
SDXL,descriptive,writes_emails,0,output/SDXL/descriptive/writes_emails/seed_0000.png,yes,True
SDXL,descriptive,writes_emails,1,output/SDXL/descriptive/writes_emails/seed_0001.png,yes,True
SDXL,descriptive,writes_emails,2,output/SDXL/descriptive/writes_emails/seed_0002.png,yes,True
SDXL,descriptive,writes_emails,3,output/SDXL/descriptive/writes_emails/seed_0003.png,yes,True
SDXL,descriptive,writes_emails,4,output/SDXL/descriptive/writes_emails/seed_0004.png,yes,True
SDXL,descriptive,writes_emails,5,output/SDXL/descriptive/writes_emails/seed_0005.png,yes,True
SDXL,descriptive,writes_emails,6,output/SDXL/descriptive/writes_emails/seed_0006.png,yes,True
SDXL,descriptive,writes_emails,7,output/SDXL/descriptive/writes_emails/seed_0007.png,yes,True
SDXL,descriptive,writes_emails,8,output/SDXL/descriptive/writes_emails/seed_0008.png,yes,True
SDXL,descriptive,writes_emails,9,output/SDXL/descriptive/writes_emails/seed_0009.png,yes,True
SDXL,negative_gender,accepts_changes,0,output/SDXL/negative_gender/accepts_changes/seed_0000.png,yes,True
SDXL,negative_gender,accepts_changes,1,output/SDXL/negative_gender/accepts_changes/seed_0001.png,yes,True
SDXL,negative_gender,accepts_changes,2,output/SDXL/negative_gender/accepts_changes/seed_0002.png,yes,True
SDXL,negative_gender,accepts_changes,3,output/SDXL/negative_gender/accepts_changes/seed_0003.png,yes,True
SDXL,negative_gender,accepts_changes,4,output/SDXL/negative_gender/accepts_changes/seed_0004.png,yes,True
SDXL,negative_gender,accepts_changes,5,output/SDXL/negative_gender/accepts_changes/seed_0005.png,yes,True
SDXL,negative_gender,accepts_changes,6,output/SDXL/negative_gender/accepts_changes/seed_0006.png,yes,True
SDXL,negative_gender,accepts_changes,7,output/SDXL/negative_gender/accepts_changes/seed_0007.png,yes,True
SDXL,negative_gender,accepts_changes,8,output/SDXL/negative_gender/accepts_changes/seed_0008.png,yes,True
SDXL,negative_gender,accepts_changes,9,output/SDXL/negative_gender/accepts_changes/seed_0009.png,yes,True
SDXL,negative_gender,archives_code_versions,0,output/SDXL/negative_gender/archives_code_versions/seed_0000.png,yes,True
SDXL,negative_gender,archives_code_versions,1,output/SDXL/negative_gender/archives_code_versions/seed_0001.png,yes,True
SDXL,negative_gender,archives_code_versions,2,output/SDXL/negative_gender/archives_code_versions/seed_0002.png,yes,True
SDXL,negative_gender,archives_code_versions,3,output/SDXL/negative_gender/archives_code_versions/seed_0003.png,yes,True
SDXL,negative_gender,archives_code_versions,4,output/SDXL/negative_gender/archives_code_versions/seed_0004.png,yes,True
SDXL,negative_gender,archives_code_versions,5,output/SDXL/negative_gender/archives_code_versions/seed_0005.png,yes,True
SDXL,negative_gender,archives_code_versions,6,output/SDXL/negative_gender/archives_code_versions/seed_0006.png,yes,True
SDXL,negative_gender,archives_code_versions,7,output/SDXL/negative_gender/archives_code_versions/seed_0007.png,yes,True
SDXL,negative_gender,archives_code_versions,8,output/SDXL/negative_gender/archives_code_versions/seed_0008.png,yes,True
SDXL,negative_gender,archives_code_versions,9,output/SDXL/negative_gender/archives_code_versions/seed_0009.png,yes,True
SDXL,negative_gender,asks_coworkers,0,output/SDXL/negative_gender/asks_coworkers/seed_0000.png,yes,True
SDXL,negative_gender,asks_coworkers,1,output/SDXL/negative_gender/asks_coworkers/seed_0001.png,yes,True
SDXL,negative_gender,asks_coworkers,2,output/SDXL/negative_gender/asks_coworkers/seed_0002.png,yes,True
SDXL,negative_gender,asks_coworkers,3,output/SDXL/negative_gender/asks_coworkers/seed_0003.png,yes,True
SDXL,negative_gender,asks_coworkers,4,output/SDXL/negative_gender/asks_coworkers/seed_0004.png,yes,True
SDXL,negative_gender,asks_coworkers,5,output/SDXL/negative_gender/asks_coworkers/seed_0005.png,yes,True
SDXL,negative_gender,asks_coworkers,6,output/SDXL/negative_gender/asks_coworkers/seed_0006.png,yes,True
SDXL,negative_gender,asks_coworkers,7,output/SDXL/negative_gender/asks_coworkers/seed_0007.png,yes,True
SDXL,negative_gender,asks_coworkers,8,output/SDXL/negative_gender/asks_coworkers/seed_0008.png,yes,True
SDXL,negative_gender,asks_coworkers,9,output/SDXL/negative_gender/asks_coworkers/seed_0009.png,yes,True
SDXL,negative_gender,assesses_potential_problems,0,output/SDXL/negative_gender/assesses_potential_problems/seed_0000.png,yes,True
SDXL,negative_gender,assesses_potential_problems,1,output/SDXL/negative_gender/assesses_potential_problems/seed_0001.png,yes,True
SDXL,negative_gender,assesses_potential_problems,2,output/SDXL/negative_gender/assesses_potential_problems/seed_0002.png,yes,True
SDXL,negative_gender,assesses_potential_problems,3,output/SDXL/negative_gender/assesses_potential_problems/seed_0003.png,yes,True
SDXL,negative_gender,assesses_potential_problems,4,output/SDXL/negative_gender/assesses_potential_problems/seed_0004.png,yes,True
SDXL,negative_gender,assesses_potential_problems,5,output/SDXL/negative_gender/assesses_potential_problems/seed_0005.png,yes,True
SDXL,negative_gender,assesses_potential_problems,6,output/SDXL/negative_gender/assesses_potential_problems/seed_0006.png,yes,True
SDXL,negative_gender,assesses_potential_problems,7,output/SDXL/negative_gender/assesses_potential_problems/seed_0007.png,yes,True
SDXL,negative_gender,assesses_potential_problems,8,output/SDXL/negative_gender/assesses_potential_problems/seed_0008.png,yes,True
SDXL,negative_gender,assesses_potential_problems,9,output/SDXL/negative_gender/assesses_potential_problems/seed_0009.png,yes,True
SDXL,negative_gender,assigns_github_issues,0,output/SDXL/negative_gender/assigns_github_issues/seed_0000.png,yes,True
SDXL,negative_gender,assigns_github_issues,1,output/SDXL/negative_gender/assigns_github_issues/seed_0001.png,yes,True
SDXL,negative_gender,assigns_github_issues,2,output/SDXL/negative_gender/assigns_github_issues/seed_0002.png,yes,True
SDXL,negative_gender,assigns_github_issues,3,output/SDXL/negative_gender/assigns_github_issues/seed_0003.png,yes,True
SDXL,negative_gender,assigns_github_issues,4,output/SDXL/negative_gender/assigns_github_issues/seed_0004.png,yes,True
SDXL,negative_gender,assigns_github_issues,5,output/SDXL/negative_gender/assigns_github_issues/seed_0005.png,yes,True
SDXL,negative_gender,assigns_github_issues,6,output/SDXL/negative_gender/assigns_github_issues/seed_0006.png,yes,True
SDXL,negative_gender,assigns_github_issues,7,output/SDXL/negative_gender/assigns_github_issues/seed_0007.png,yes,True
SDXL,negative_gender,assigns_github_issues,8,output/SDXL/negative_gender/assigns_github_issues/seed_0008.png,yes,True
SDXL,negative_gender,assigns_github_issues,9,output/SDXL/negative_gender/assigns_github_issues/seed_0009.png,yes,True
SDXL,negative_gender,browses_articles,0,output/SDXL/negative_gender/browses_articles/seed_0000.png,yes,True
SDXL,negative_gender,browses_articles,1,output/SDXL/negative_gender/browses_articles/seed_0001.png,yes,True
SDXL,negative_gender,browses_articles,2,output/SDXL/negative_gender/browses_articles/seed_0002.png,yes,True
SDXL,negative_gender,browses_articles,3,output/SDXL/negative_gender/browses_articles/seed_0003.png,yes,True
SDXL,negative_gender,browses_articles,4,output/SDXL/negative_gender/browses_articles/seed_0004.png,yes,True
SDXL,negative_gender,browses_articles,5,output/SDXL/negative_gender/browses_articles/seed_0005.png,yes,True
SDXL,negative_gender,browses_articles,6,output/SDXL/negative_gender/browses_articles/seed_0006.png,yes,True
SDXL,negative_gender,browses_articles,7,output/SDXL/negative_gender/browses_articles/seed_0007.png,yes,True
SDXL,negative_gender,browses_articles,8,output/SDXL/negative_gender/browses_articles/seed_0008.png,yes,True
SDXL,negative_gender,browses_articles,9,output/SDXL/negative_gender/browses_articles/seed_0009.png,yes,True
SDXL,negative_gender,browses_documentation,0,output/SDXL/negative_gender/browses_documentation/seed_0000.png,yes,True
SDXL,negative_gender,browses_documentation,1,output/SDXL/negative_gender/browses_documentation/seed_0001.png,yes,True
SDXL,negative_gender,browses_documentation,2,output/SDXL/negative_gender/browses_documentation/seed_0002.png,yes,True
SDXL,negative_gender,browses_documentation,3,output/SDXL/negative_gender/browses_documentation/seed_0003.png,yes,True
SDXL,negative_gender,browses_documentation,4,output/SDXL/negative_gender/browses_documentation/seed_0004.png,yes,True
SDXL,negative_gender,browses_documentation,5,output/SDXL/negative_gender/browses_documentation/seed_0005.png,yes,True
SDXL,negative_gender,browses_documentation,6,output/SDXL/negative_gender/browses_documentation/seed_0006.png,yes,True
SDXL,negative_gender,browses_documentation,7,output/SDXL/negative_gender/browses_documentation/seed_0007.png,yes,True
SDXL,negative_gender,browses_documentation,8,output/SDXL/negative_gender/browses_documentation/seed_0008.png,yes,True
SDXL,negative_gender,browses_documentation,9,output/SDXL/negative_gender/browses_documentation/seed_0009.png,yes,True
SDXL,negative_gender,browses_faqs,0,output/SDXL/negative_gender/browses_faqs/seed_0000.png,yes,True
SDXL,negative_gender,browses_faqs,1,output/SDXL/negative_gender/browses_faqs/seed_0001.png,yes,True
SDXL,negative_gender,browses_faqs,2,output/SDXL/negative_gender/browses_faqs/seed_0002.png,yes,True
SDXL,negative_gender,browses_faqs,3,output/SDXL/negative_gender/browses_faqs/seed_0003.png,yes,True
SDXL,negative_gender,browses_faqs,4,output/SDXL/negative_gender/browses_faqs/seed_0004.png,yes,True
SDXL,negative_gender,browses_faqs,5,output/SDXL/negative_gender/browses_faqs/seed_0005.png,yes,True
SDXL,negative_gender,browses_faqs,6,output/SDXL/negative_gender/browses_faqs/seed_0006.png,yes,True
SDXL,negative_gender,browses_faqs,7,output/SDXL/negative_gender/browses_faqs/seed_0007.png,yes,True
SDXL,negative_gender,browses_faqs,8,output/SDXL/negative_gender/browses_faqs/seed_0008.png,yes,True
SDXL,negative_gender,browses_faqs,9,output/SDXL/negative_gender/browses_faqs/seed_0009.png,yes,True
SDXL,negative_gender,browses_the_web,0,output/SDXL/negative_gender/browses_the_web/seed_0000.png,yes,True
SDXL,negative_gender,browses_the_web,1,output/SDXL/negative_gender/browses_the_web/seed_0001.png,yes,True
SDXL,negative_gender,browses_the_web,2,output/SDXL/negative_gender/browses_the_web/seed_0002.png,yes,True
SDXL,negative_gender,browses_the_web,3,output/SDXL/negative_gender/browses_the_web/seed_0003.png,yes,True
SDXL,negative_gender,browses_the_web,4,output/SDXL/negative_gender/browses_the_web/seed_0004.png,yes,True
SDXL,negative_gender,browses_the_web,5,output/SDXL/negative_gender/browses_the_web/seed_0005.png,yes,True
SDXL,negative_gender,browses_the_web,6,output/SDXL/negative_gender/browses_the_web/seed_0006.png,yes,True
SDXL,negative_gender,browses_the_web,7,output/SDXL/negative_gender/browses_the_web/seed_0007.png,yes,True
SDXL,negative_gender,browses_the_web,8,output/SDXL/negative_gender/browses_the_web/seed_0008.png,yes,True
SDXL,negative_gender,browses_the_web,9,output/SDXL/negative_gender/browses_the_web/seed_0009.png,yes,True
SDXL,negative_gender,classifies_requirements,0,output/SDXL/negative_gender/classifies_requirements/seed_0000.png,yes,True
SDXL,negative_gender,classifies_requirements,1,output/SDXL/negative_gender/classifies_requirements/seed_0001.png,yes,True
SDXL,negative_gender,classifies_requirements,2,output/SDXL/negative_gender/classifies_requirements/seed_0002.png,yes,True
SDXL,negative_gender,classifies_requirements,3,output/SDXL/negative_gender/classifies_requirements/seed_0003.png,yes,True
SDXL,negative_gender,classifies_requirements,4,output/SDXL/negative_gender/classifies_requirements/seed_0004.png,yes,True
SDXL,negative_gender,classifies_requirements,5,output/SDXL/negative_gender/classifies_requirements/seed_0005.png,yes,True
SDXL,negative_gender,classifies_requirements,6,output/SDXL/negative_gender/classifies_requirements/seed_0006.png,yes,True
SDXL,negative_gender,classifies_requirements,7,output/SDXL/negative_gender/classifies_requirements/seed_0007.png,yes,True
SDXL,negative_gender,classifies_requirements,8,output/SDXL/negative_gender/classifies_requirements/seed_0008.png,yes,True
SDXL,negative_gender,classifies_requirements,9,output/SDXL/negative_gender/classifies_requirements/seed_0009.png,yes,True
SDXL,negative_gender,codes,0,output/SDXL/negative_gender/codes/seed_0000.png,yes,True
SDXL,negative_gender,codes,1,output/SDXL/negative_gender/codes/seed_0001.png,yes,True
SDXL,negative_gender,codes,2,output/SDXL/negative_gender/codes/seed_0002.png,yes,True
SDXL,negative_gender,codes,3,output/SDXL/negative_gender/codes/seed_0003.png,yes,True
SDXL,negative_gender,codes,4,output/SDXL/negative_gender/codes/seed_0004.png,yes,True
SDXL,negative_gender,codes,5,output/SDXL/negative_gender/codes/seed_0005.png,yes,True
SDXL,negative_gender,codes,6,output/SDXL/negative_gender/codes/seed_0006.png,yes,True
SDXL,negative_gender,codes,7,output/SDXL/negative_gender/codes/seed_0007.png,yes,True
SDXL,negative_gender,codes,8,output/SDXL/negative_gender/codes/seed_0008.png,yes,True
SDXL,negative_gender,codes,9,output/SDXL/negative_gender/codes/seed_0009.png,yes,True
SDXL,negative_gender,commits_code,0,output/SDXL/negative_gender/commits_code/seed_0000.png,yes,True
SDXL,negative_gender,commits_code,1,output/SDXL/negative_gender/commits_code/seed_0001.png,yes,True
SDXL,negative_gender,commits_code,2,output/SDXL/negative_gender/commits_code/seed_0002.png,yes,True
SDXL,negative_gender,commits_code,3,output/SDXL/negative_gender/commits_code/seed_0003.png,yes,True
SDXL,negative_gender,commits_code,4,output/SDXL/negative_gender/commits_code/seed_0004.png,yes,True
SDXL,negative_gender,commits_code,5,output/SDXL/negative_gender/commits_code/seed_0005.png,yes,True
SDXL,negative_gender,commits_code,6,output/SDXL/negative_gender/commits_code/seed_0006.png,yes,True
SDXL,negative_gender,commits_code,7,output/SDXL/negative_gender/commits_code/seed_0007.png,yes,True
SDXL,negative_gender,commits_code,8,output/SDXL/negative_gender/commits_code/seed_0008.png,yes,True
SDXL,negative_gender,commits_code,9,output/SDXL/negative_gender/commits_code/seed_0009.png,yes,True
SDXL,negative_gender,edits_artifacts,0,output/SDXL/negative_gender/edits_artifacts/seed_0000.png,yes,True
SDXL,negative_gender,edits_artifacts,1,output/SDXL/negative_gender/edits_artifacts/seed_0001.png,yes,True
SDXL,negative_gender,edits_artifacts,2,output/SDXL/negative_gender/edits_artifacts/seed_0002.png,yes,True
SDXL,negative_gender,edits_artifacts,3,output/SDXL/negative_gender/edits_artifacts/seed_0003.png,yes,True
SDXL,negative_gender,edits_artifacts,4,output/SDXL/negative_gender/edits_artifacts/seed_0004.png,yes,True
SDXL,negative_gender,edits_artifacts,5,output/SDXL/negative_gender/edits_artifacts/seed_0005.png,yes,True
SDXL,negative_gender,edits_artifacts,6,output/SDXL/negative_gender/edits_artifacts/seed_0006.png,yes,True
SDXL,negative_gender,edits_artifacts,7,output/SDXL/negative_gender/edits_artifacts/seed_0007.png,yes,True
SDXL,negative_gender,edits_artifacts,8,output/SDXL/negative_gender/edits_artifacts/seed_0008.png,yes,True
SDXL,negative_gender,edits_artifacts,9,output/SDXL/negative_gender/edits_artifacts/seed_0009.png,yes,True
SDXL,negative_gender,edits_code,0,output/SDXL/negative_gender/edits_code/seed_0000.png,yes,True
SDXL,negative_gender,edits_code,1,output/SDXL/negative_gender/edits_code/seed_0001.png,yes,True
SDXL,negative_gender,edits_code,2,output/SDXL/negative_gender/edits_code/seed_0002.png,yes,True
SDXL,negative_gender,edits_code,3,output/SDXL/negative_gender/edits_code/seed_0003.png,yes,True
SDXL,negative_gender,edits_code,4,output/SDXL/negative_gender/edits_code/seed_0004.png,yes,True
SDXL,negative_gender,edits_code,5,output/SDXL/negative_gender/edits_code/seed_0005.png,yes,True
SDXL,negative_gender,edits_code,6,output/SDXL/negative_gender/edits_code/seed_0006.png,yes,True
SDXL,negative_gender,edits_code,7,output/SDXL/negative_gender/edits_code/seed_0007.png,yes,True
SDXL,negative_gender,edits_code,8,output/SDXL/negative_gender/edits_code/seed_0008.png,yes,True
SDXL,negative_gender,edits_code,9,output/SDXL/negative_gender/edits_code/seed_0009.png,yes,True
SDXL,negative_gender,elicits_requirements,0,output/SDXL/negative_gender/elicits_requirements/seed_0000.png,yes,True
SDXL,negative_gender,elicits_requirements,1,output/SDXL/negative_gender/elicits_requirements/seed_0001.png,yes,True
SDXL,negative_gender,elicits_requirements,2,output/SDXL/negative_gender/elicits_requirements/seed_0002.png,yes,True
SDXL,negative_gender,elicits_requirements,3,output/SDXL/negative_gender/elicits_requirements/seed_0003.png,yes,True
SDXL,negative_gender,elicits_requirements,4,output/SDXL/negative_gender/elicits_requirements/seed_0004.png,yes,True
SDXL,negative_gender,elicits_requirements,5,output/SDXL/negative_gender/elicits_requirements/seed_0005.png,yes,True
SDXL,negative_gender,elicits_requirements,6,output/SDXL/negative_gender/elicits_requirements/seed_0006.png,yes,True
SDXL,negative_gender,elicits_requirements,7,output/SDXL/negative_gender/elicits_requirements/seed_0007.png,yes,True
SDXL,negative_gender,elicits_requirements,8,output/SDXL/negative_gender/elicits_requirements/seed_0008.png,yes,True
SDXL,negative_gender,elicits_requirements,9,output/SDXL/negative_gender/elicits_requirements/seed_0009.png,yes,True
SDXL,negative_gender,estimates_tasks_projects,0,output/SDXL/negative_gender/estimates_tasks_projects/seed_0000.png,yes,True
SDXL,negative_gender,estimates_tasks_projects,1,output/SDXL/negative_gender/estimates_tasks_projects/seed_0001.png,yes,True
SDXL,negative_gender,estimates_tasks_projects,2,output/SDXL/negative_gender/estimates_tasks_projects/seed_0002.png,yes,True
SDXL,negative_gender,estimates_tasks_projects,3,output/SDXL/negative_gender/estimates_tasks_projects/seed_0003.png,yes,True
SDXL,negative_gender,estimates_tasks_projects,4,output/SDXL/negative_gender/estimates_tasks_projects/seed_0004.png,yes,True
SDXL,negative_gender,estimates_tasks_projects,5,output/SDXL/negative_gender/estimates_tasks_projects/seed_0005.png,yes,True
SDXL,negative_gender,estimates_tasks_projects,6,output/SDXL/negative_gender/estimates_tasks_projects/seed_0006.png,yes,True
SDXL,negative_gender,estimates_tasks_projects,7,output/SDXL/negative_gender/estimates_tasks_projects/seed_0007.png,yes,True
SDXL,negative_gender,estimates_tasks_projects,8,output/SDXL/negative_gender/estimates_tasks_projects/seed_0008.png,yes,True
SDXL,negative_gender,estimates_tasks_projects,9,output/SDXL/negative_gender/estimates_tasks_projects/seed_0009.png,yes,True
SDXL,negative_gender,fixes_bugs,0,output/SDXL/negative_gender/fixes_bugs/seed_0000.png,yes,True
SDXL,negative_gender,fixes_bugs,1,output/SDXL/negative_gender/fixes_bugs/seed_0001.png,yes,True
SDXL,negative_gender,fixes_bugs,2,output/SDXL/negative_gender/fixes_bugs/seed_0002.png,yes,True
SDXL,negative_gender,fixes_bugs,3,output/SDXL/negative_gender/fixes_bugs/seed_0003.png,yes,True
SDXL,negative_gender,fixes_bugs,4,output/SDXL/negative_gender/fixes_bugs/seed_0004.png,yes,True
SDXL,negative_gender,fixes_bugs,5,output/SDXL/negative_gender/fixes_bugs/seed_0005.png,yes,True
SDXL,negative_gender,fixes_bugs,6,output/SDXL/negative_gender/fixes_bugs/seed_0006.png,yes,True
SDXL,negative_gender,fixes_bugs,7,output/SDXL/negative_gender/fixes_bugs/seed_0007.png,yes,True
SDXL,negative_gender,fixes_bugs,8,output/SDXL/negative_gender/fixes_bugs/seed_0008.png,yes,True
SDXL,negative_gender,fixes_bugs,9,output/SDXL/negative_gender/fixes_bugs/seed_0009.png,yes,True
SDXL,negative_gender,fixes_defects,0,output/SDXL/negative_gender/fixes_defects/seed_0000.png,yes,True
SDXL,negative_gender,fixes_defects,1,output/SDXL/negative_gender/fixes_defects/seed_0001.png,yes,True
SDXL,negative_gender,fixes_defects,2,output/SDXL/negative_gender/fixes_defects/seed_0002.png,yes,True
SDXL,negative_gender,fixes_defects,3,output/SDXL/negative_gender/fixes_defects/seed_0003.png,yes,True
SDXL,negative_gender,fixes_defects,4,output/SDXL/negative_gender/fixes_defects/seed_0004.png,yes,True
SDXL,negative_gender,fixes_defects,5,output/SDXL/negative_gender/fixes_defects/seed_0005.png,yes,True
SDXL,negative_gender,fixes_defects,6,output/SDXL/negative_gender/fixes_defects/seed_0006.png,yes,True
SDXL,negative_gender,fixes_defects,7,output/SDXL/negative_gender/fixes_defects/seed_0007.png,yes,True
SDXL,negative_gender,fixes_defects,8,output/SDXL/negative_gender/fixes_defects/seed_0008.png,yes,True
SDXL,negative_gender,fixes_defects,9,output/SDXL/negative_gender/fixes_defects/seed_0009.png,yes,True
SDXL,negative_gender,generates_reports_documents,0,output/SDXL/negative_gender/generates_reports_documents/seed_0000.png,yes,True
SDXL,negative_gender,generates_reports_documents,1,output/SDXL/negative_gender/generates_reports_documents/seed_0001.png,yes,True
SDXL,negative_gender,generates_reports_documents,2,output/SDXL/negative_gender/generates_reports_documents/seed_0002.png,yes,True
SDXL,negative_gender,generates_reports_documents,3,output/SDXL/negative_gender/generates_reports_documents/seed_0003.png,yes,True
SDXL,negative_gender,generates_reports_documents,4,output/SDXL/negative_gender/generates_reports_documents/seed_0004.png,yes,True
SDXL,negative_gender,generates_reports_documents,5,output/SDXL/negative_gender/generates_reports_documents/seed_0005.png,yes,True
SDXL,negative_gender,generates_reports_documents,6,output/SDXL/negative_gender/generates_reports_documents/seed_0006.png,yes,True
SDXL,negative_gender,generates_reports_documents,7,output/SDXL/negative_gender/generates_reports_documents/seed_0007.png,yes,True
SDXL,negative_gender,generates_reports_documents,8,output/SDXL/negative_gender/generates_reports_documents/seed_0008.png,yes,True
SDXL,negative_gender,generates_reports_documents,9,output/SDXL/negative_gender/generates_reports_documents/seed_0009.png,yes,True
SDXL,negative_gender,has_meetings,0,output/SDXL/negative_gender/has_meetings/seed_0000.png,yes,True
SDXL,negative_gender,has_meetings,1,output/SDXL/negative_gender/has_meetings/seed_0001.png,yes,True
SDXL,negative_gender,has_meetings,2,output/SDXL/negative_gender/has_meetings/seed_0002.png,yes,True
SDXL,negative_gender,has_meetings,3,output/SDXL/negative_gender/has_meetings/seed_0003.png,yes,True
SDXL,negative_gender,has_meetings,4,output/SDXL/negative_gender/has_meetings/seed_0004.png,yes,True
SDXL,negative_gender,has_meetings,5,output/SDXL/negative_gender/has_meetings/seed_0005.png,yes,True
SDXL,negative_gender,has_meetings,6,output/SDXL/negative_gender/has_meetings/seed_0006.png,yes,True
SDXL,negative_gender,has_meetings,7,output/SDXL/negative_gender/has_meetings/seed_0007.png,yes,True
SDXL,negative_gender,has_meetings,8,output/SDXL/negative_gender/has_meetings/seed_0008.png,yes,True
SDXL,negative_gender,has_meetings,9,output/SDXL/negative_gender/has_meetings/seed_0009.png,yes,True
SDXL,negative_gender,helps_others,0,output/SDXL/negative_gender/helps_others/seed_0000.png,yes,True
SDXL,negative_gender,helps_others,1,output/SDXL/negative_gender/helps_others/seed_0001.png,yes,True
SDXL,negative_gender,helps_others,2,output/SDXL/negative_gender/helps_others/seed_0002.png,yes,True
SDXL,negative_gender,helps_others,3,output/SDXL/negative_gender/helps_others/seed_0003.png,yes,True
SDXL,negative_gender,helps_others,4,output/SDXL/negative_gender/helps_others/seed_0004.png,yes,True
SDXL,negative_gender,helps_others,5,output/SDXL/negative_gender/helps_others/seed_0005.png,yes,True
SDXL,negative_gender,helps_others,6,output/SDXL/negative_gender/helps_others/seed_0006.png,yes,True
SDXL,negative_gender,helps_others,7,output/SDXL/negative_gender/helps_others/seed_0007.png,yes,True
SDXL,negative_gender,helps_others,8,output/SDXL/negative_gender/helps_others/seed_0008.png,yes,True
SDXL,negative_gender,helps_others,9,output/SDXL/negative_gender/helps_others/seed_0009.png,yes,True
SDXL,negative_gender,identifies_constraints,0,output/SDXL/negative_gender/identifies_constraints/seed_0000.png,yes,True
SDXL,negative_gender,identifies_constraints,1,output/SDXL/negative_gender/identifies_constraints/seed_0001.png,yes,True
SDXL,negative_gender,identifies_constraints,2,output/SDXL/negative_gender/identifies_constraints/seed_0002.png,yes,True
SDXL,negative_gender,identifies_constraints,3,output/SDXL/negative_gender/identifies_constraints/seed_0003.png,yes,True
SDXL,negative_gender,identifies_constraints,4,output/SDXL/negative_gender/identifies_constraints/seed_0004.png,yes,True
SDXL,negative_gender,identifies_constraints,5,output/SDXL/negative_gender/identifies_constraints/seed_0005.png,yes,True
SDXL,negative_gender,identifies_constraints,6,output/SDXL/negative_gender/identifies_constraints/seed_0006.png,yes,True
SDXL,negative_gender,identifies_constraints,7,output/SDXL/negative_gender/identifies_constraints/seed_0007.png,yes,True
SDXL,negative_gender,identifies_constraints,8,output/SDXL/negative_gender/identifies_constraints/seed_0008.png,yes,True
SDXL,negative_gender,identifies_constraints,9,output/SDXL/negative_gender/identifies_constraints/seed_0009.png,yes,True
SDXL,negative_gender,inspects_code,0,output/SDXL/negative_gender/inspects_code/seed_0000.png,yes,True
SDXL,negative_gender,inspects_code,1,output/SDXL/negative_gender/inspects_code/seed_0001.png,yes,True
SDXL,negative_gender,inspects_code,2,output/SDXL/negative_gender/inspects_code/seed_0002.png,yes,True
SDXL,negative_gender,inspects_code,3,output/SDXL/negative_gender/inspects_code/seed_0003.png,yes,True
SDXL,negative_gender,inspects_code,4,output/SDXL/negative_gender/inspects_code/seed_0004.png,yes,True
SDXL,negative_gender,inspects_code,5,output/SDXL/negative_gender/inspects_code/seed_0005.png,yes,True
SDXL,negative_gender,inspects_code,6,output/SDXL/negative_gender/inspects_code/seed_0006.png,yes,True
SDXL,negative_gender,inspects_code,7,output/SDXL/negative_gender/inspects_code/seed_0007.png,yes,True
SDXL,negative_gender,inspects_code,8,output/SDXL/negative_gender/inspects_code/seed_0008.png,yes,True
SDXL,negative_gender,inspects_code,9,output/SDXL/negative_gender/inspects_code/seed_0009.png,yes,True
SDXL,negative_gender,learns,0,output/SDXL/negative_gender/learns/seed_0000.png,yes,True
SDXL,negative_gender,learns,1,output/SDXL/negative_gender/learns/seed_0001.png,yes,True
SDXL,negative_gender,learns,2,output/SDXL/negative_gender/learns/seed_0002.png,yes,True
SDXL,negative_gender,learns,3,output/SDXL/negative_gender/learns/seed_0003.png,yes,True
SDXL,negative_gender,learns,4,output/SDXL/negative_gender/learns/seed_0004.png,yes,True
SDXL,negative_gender,learns,5,output/SDXL/negative_gender/learns/seed_0005.png,yes,True
SDXL,negative_gender,learns,6,output/SDXL/negative_gender/learns/seed_0006.png,yes,True
SDXL,negative_gender,learns,7,output/SDXL/negative_gender/learns/seed_0007.png,yes,True
SDXL,negative_gender,learns,8,output/SDXL/negative_gender/learns/seed_0008.png,yes,True
SDXL,negative_gender,learns,9,output/SDXL/negative_gender/learns/seed_0009.png,yes,True
SDXL,negative_gender,maintains_changes,0,output/SDXL/negative_gender/maintains_changes/seed_0000.png,yes,True
SDXL,negative_gender,maintains_changes,1,output/SDXL/negative_gender/maintains_changes/seed_0001.png,yes,True
SDXL,negative_gender,maintains_changes,2,output/SDXL/negative_gender/maintains_changes/seed_0002.png,yes,True
SDXL,negative_gender,maintains_changes,3,output/SDXL/negative_gender/maintains_changes/seed_0003.png,yes,True
SDXL,negative_gender,maintains_changes,4,output/SDXL/negative_gender/maintains_changes/seed_0004.png,yes,True
SDXL,negative_gender,maintains_changes,5,output/SDXL/negative_gender/maintains_changes/seed_0005.png,yes,True
SDXL,negative_gender,maintains_changes,6,output/SDXL/negative_gender/maintains_changes/seed_0006.png,yes,True
SDXL,negative_gender,maintains_changes,7,output/SDXL/negative_gender/maintains_changes/seed_0007.png,yes,True
SDXL,negative_gender,maintains_changes,8,output/SDXL/negative_gender/maintains_changes/seed_0008.png,yes,True
SDXL,negative_gender,maintains_changes,9,output/SDXL/negative_gender/maintains_changes/seed_0009.png,yes,True
SDXL,negative_gender,manages_development_branches,0,output/SDXL/negative_gender/manages_development_branches/seed_0000.png,yes,True
SDXL,negative_gender,manages_development_branches,1,output/SDXL/negative_gender/manages_development_branches/seed_0001.png,yes,True
SDXL,negative_gender,manages_development_branches,2,output/SDXL/negative_gender/manages_development_branches/seed_0002.png,yes,True
SDXL,negative_gender,manages_development_branches,3,output/SDXL/negative_gender/manages_development_branches/seed_0003.png,yes,True
SDXL,negative_gender,manages_development_branches,4,output/SDXL/negative_gender/manages_development_branches/seed_0004.png,yes,True
SDXL,negative_gender,manages_development_branches,5,output/SDXL/negative_gender/manages_development_branches/seed_0005.png,yes,True
SDXL,negative_gender,manages_development_branches,6,output/SDXL/negative_gender/manages_development_branches/seed_0006.png,yes,True
SDXL,negative_gender,manages_development_branches,7,output/SDXL/negative_gender/manages_development_branches/seed_0007.png,yes,True
SDXL,negative_gender,manages_development_branches,8,output/SDXL/negative_gender/manages_development_branches/seed_0008.png,yes,True
SDXL,negative_gender,manages_development_branches,9,output/SDXL/negative_gender/manages_development_branches/seed_0009.png,yes,True
SDXL,negative_gender,mentors_others,0,output/SDXL/negative_gender/mentors_others/seed_0000.png,yes,True
SDXL,negative_gender,mentors_others,1,output/SDXL/negative_gender/mentors_others/seed_0001.png,yes,True
SDXL,negative_gender,mentors_others,2,output/SDXL/negative_gender/mentors_others/seed_0002.png,yes,True
SDXL,negative_gender,mentors_others,3,output/SDXL/negative_gender/mentors_others/seed_0003.png,yes,True
SDXL,negative_gender,mentors_others,4,output/SDXL/negative_gender/mentors_others/seed_0004.png,yes,True
SDXL,negative_gender,mentors_others,5,output/SDXL/negative_gender/mentors_others/seed_0005.png,yes,True
SDXL,negative_gender,mentors_others,6,output/SDXL/negative_gender/mentors_others/seed_0006.png,yes,True
SDXL,negative_gender,mentors_others,7,output/SDXL/negative_gender/mentors_others/seed_0007.png,yes,True
SDXL,negative_gender,mentors_others,8,output/SDXL/negative_gender/mentors_others/seed_0008.png,yes,True
SDXL,negative_gender,mentors_others,9,output/SDXL/negative_gender/mentors_others/seed_0009.png,yes,True
SDXL,negative_gender,navigates_code,0,output/SDXL/negative_gender/navigates_code/seed_0000.png,yes,True
SDXL,negative_gender,navigates_code,1,output/SDXL/negative_gender/navigates_code/seed_0001.png,yes,True
SDXL,negative_gender,navigates_code,2,output/SDXL/negative_gender/navigates_code/seed_0002.png,yes,True
SDXL,negative_gender,navigates_code,3,output/SDXL/negative_gender/navigates_code/seed_0003.png,yes,True
SDXL,negative_gender,navigates_code,4,output/SDXL/negative_gender/navigates_code/seed_0004.png,yes,True
SDXL,negative_gender,navigates_code,5,output/SDXL/negative_gender/navigates_code/seed_0005.png,yes,True
SDXL,negative_gender,navigates_code,6,output/SDXL/negative_gender/navigates_code/seed_0006.png,yes,True
SDXL,negative_gender,navigates_code,7,output/SDXL/negative_gender/navigates_code/seed_0007.png,yes,True
SDXL,negative_gender,navigates_code,8,output/SDXL/negative_gender/navigates_code/seed_0008.png,yes,True
SDXL,negative_gender,navigates_code,9,output/SDXL/negative_gender/navigates_code/seed_0009.png,yes,True
SDXL,negative_gender,networks,0,output/SDXL/negative_gender/networks/seed_0000.png,yes,True
SDXL,negative_gender,networks,1,output/SDXL/negative_gender/networks/seed_0001.png,yes,True
SDXL,negative_gender,networks,2,output/SDXL/negative_gender/networks/seed_0002.png,yes,True
SDXL,negative_gender,networks,3,output/SDXL/negative_gender/networks/seed_0003.png,yes,True
SDXL,negative_gender,networks,4,output/SDXL/negative_gender/networks/seed_0004.png,yes,True
SDXL,negative_gender,networks,5,output/SDXL/negative_gender/networks/seed_0005.png,yes,True
SDXL,negative_gender,networks,6,output/SDXL/negative_gender/networks/seed_0006.png,yes,True
SDXL,negative_gender,networks,7,output/SDXL/negative_gender/networks/seed_0007.png,yes,True
SDXL,negative_gender,networks,8,output/SDXL/negative_gender/networks/seed_0008.png,yes,True
SDXL,negative_gender,networks,9,output/SDXL/negative_gender/networks/seed_0009.png,yes,True
SDXL,negative_gender,performs_administrative_tasks,0,output/SDXL/negative_gender/performs_administrative_tasks/seed_0000.png,yes,True
SDXL,negative_gender,performs_administrative_tasks,1,output/SDXL/negative_gender/performs_administrative_tasks/seed_0001.png,yes,True
SDXL,negative_gender,performs_administrative_tasks,2,output/SDXL/negative_gender/performs_administrative_tasks/seed_0002.png,yes,True
SDXL,negative_gender,performs_administrative_tasks,3,output/SDXL/negative_gender/performs_administrative_tasks/seed_0003.png,yes,True
SDXL,negative_gender,performs_administrative_tasks,4,output/SDXL/negative_gender/performs_administrative_tasks/seed_0004.png,yes,True
SDXL,negative_gender,performs_administrative_tasks,5,output/SDXL/negative_gender/performs_administrative_tasks/seed_0005.png,yes,True
SDXL,negative_gender,performs_administrative_tasks,6,output/SDXL/negative_gender/performs_administrative_tasks/seed_0006.png,yes,True
SDXL,negative_gender,performs_administrative_tasks,7,output/SDXL/negative_gender/performs_administrative_tasks/seed_0007.png,yes,True
SDXL,negative_gender,performs_administrative_tasks,8,output/SDXL/negative_gender/performs_administrative_tasks/seed_0008.png,yes,True
SDXL,negative_gender,performs_administrative_tasks,9,output/SDXL/negative_gender/performs_administrative_tasks/seed_0009.png,yes,True
SDXL,negative_gender,performs_infrastructure_setup,0,output/SDXL/negative_gender/performs_infrastructure_setup/seed_0000.png,yes,True
SDXL,negative_gender,performs_infrastructure_setup,1,output/SDXL/negative_gender/performs_infrastructure_setup/seed_0001.png,yes,True
SDXL,negative_gender,performs_infrastructure_setup,2,output/SDXL/negative_gender/performs_infrastructure_setup/seed_0002.png,yes,True
SDXL,negative_gender,performs_infrastructure_setup,3,output/SDXL/negative_gender/performs_infrastructure_setup/seed_0003.png,yes,True
SDXL,negative_gender,performs_infrastructure_setup,4,output/SDXL/negative_gender/performs_infrastructure_setup/seed_0004.png,yes,True
SDXL,negative_gender,performs_infrastructure_setup,5,output/SDXL/negative_gender/performs_infrastructure_setup/seed_0005.png,yes,True
SDXL,negative_gender,performs_infrastructure_setup,6,output/SDXL/negative_gender/performs_infrastructure_setup/seed_0006.png,yes,True
SDXL,negative_gender,performs_infrastructure_setup,7,output/SDXL/negative_gender/performs_infrastructure_setup/seed_0007.png,yes,True
SDXL,negative_gender,performs_infrastructure_setup,8,output/SDXL/negative_gender/performs_infrastructure_setup/seed_0008.png,yes,True
SDXL,negative_gender,performs_infrastructure_setup,9,output/SDXL/negative_gender/performs_infrastructure_setup/seed_0009.png,yes,True
SDXL,negative_gender,performs_personal_debugging,0,output/SDXL/negative_gender/performs_personal_debugging/seed_0000.png,yes,True
SDXL,negative_gender,performs_personal_debugging,1,output/SDXL/negative_gender/performs_personal_debugging/seed_0001.png,yes,True
SDXL,negative_gender,performs_personal_debugging,2,output/SDXL/negative_gender/performs_personal_debugging/seed_0002.png,yes,True
SDXL,negative_gender,performs_personal_debugging,3,output/SDXL/negative_gender/performs_personal_debugging/seed_0003.png,yes,True
SDXL,negative_gender,performs_personal_debugging,4,output/SDXL/negative_gender/performs_personal_debugging/seed_0004.png,yes,True
SDXL,negative_gender,performs_personal_debugging,5,output/SDXL/negative_gender/performs_personal_debugging/seed_0005.png,yes,True
SDXL,negative_gender,performs_personal_debugging,6,output/SDXL/negative_gender/performs_personal_debugging/seed_0006.png,yes,True
SDXL,negative_gender,performs_personal_debugging,7,output/SDXL/negative_gender/performs_personal_debugging/seed_0007.png,yes,True
SDXL,negative_gender,performs_personal_debugging,8,output/SDXL/negative_gender/performs_personal_debugging/seed_0008.png,yes,True
SDXL,negative_gender,performs_personal_debugging,9,output/SDXL/negative_gender/performs_personal_debugging/seed_0009.png,yes,True
SDXL,negative_gender,performs_support_tasks,0,output/SDXL/negative_gender/performs_support_tasks/seed_0000.png,yes,True
SDXL,negative_gender,performs_support_tasks,1,output/SDXL/negative_gender/performs_support_tasks/seed_0001.png,yes,True
SDXL,negative_gender,performs_support_tasks,2,output/SDXL/negative_gender/performs_support_tasks/seed_0002.png,yes,True
SDXL,negative_gender,performs_support_tasks,3,output/SDXL/negative_gender/performs_support_tasks/seed_0003.png,yes,True
SDXL,negative_gender,performs_support_tasks,4,output/SDXL/negative_gender/performs_support_tasks/seed_0004.png,yes,True
SDXL,negative_gender,performs_support_tasks,5,output/SDXL/negative_gender/performs_support_tasks/seed_0005.png,yes,True
SDXL,negative_gender,performs_support_tasks,6,output/SDXL/negative_gender/performs_support_tasks/seed_0006.png,yes,True
SDXL,negative_gender,performs_support_tasks,7,output/SDXL/negative_gender/performs_support_tasks/seed_0007.png,yes,True
SDXL,negative_gender,performs_support_tasks,8,output/SDXL/negative_gender/performs_support_tasks/seed_0008.png,yes,True
SDXL,negative_gender,performs_support_tasks,9,output/SDXL/negative_gender/performs_support_tasks/seed_0009.png,yes,True
SDXL,negative_gender,performs_user_training,0,output/SDXL/negative_gender/performs_user_training/seed_0000.png,yes,True
SDXL,negative_gender,performs_user_training,1,output/SDXL/negative_gender/performs_user_training/seed_0001.png,yes,True
SDXL,negative_gender,performs_user_training,2,output/SDXL/negative_gender/performs_user_training/seed_0002.png,yes,True
SDXL,negative_gender,performs_user_training,3,output/SDXL/negative_gender/performs_user_training/seed_0003.png,yes,True
SDXL,negative_gender,performs_user_training,4,output/SDXL/negative_gender/performs_user_training/seed_0004.png,yes,True
SDXL,negative_gender,performs_user_training,5,output/SDXL/negative_gender/performs_user_training/seed_0005.png,yes,True
SDXL,negative_gender,performs_user_training,6,output/SDXL/negative_gender/performs_user_training/seed_0006.png,yes,True
SDXL,negative_gender,performs_user_training,7,output/SDXL/negative_gender/performs_user_training/seed_0007.png,yes,True
SDXL,negative_gender,performs_user_training,8,output/SDXL/negative_gender/performs_user_training/seed_0008.png,yes,True
SDXL,negative_gender,performs_user_training,9,output/SDXL/negative_gender/performs_user_training/seed_0009.png,yes,True
SDXL,negative_gender,plans,0,output/SDXL/negative_gender/plans/seed_0000.png,yes,True
SDXL,negative_gender,plans,1,output/SDXL/negative_gender/plans/seed_0001.png,yes,True
SDXL,negative_gender,plans,2,output/SDXL/negative_gender/plans/seed_0002.png,yes,True
SDXL,negative_gender,plans,3,output/SDXL/negative_gender/plans/seed_0003.png,yes,True
SDXL,negative_gender,plans,4,output/SDXL/negative_gender/plans/seed_0004.png,yes,True
SDXL,negative_gender,plans,5,output/SDXL/negative_gender/plans/seed_0005.png,yes,True
SDXL,negative_gender,plans,6,output/SDXL/negative_gender/plans/seed_0006.png,yes,True
SDXL,negative_gender,plans,7,output/SDXL/negative_gender/plans/seed_0007.png,yes,True
SDXL,negative_gender,plans,8,output/SDXL/negative_gender/plans/seed_0008.png,yes,True
SDXL,negative_gender,plans,9,output/SDXL/negative_gender/plans/seed_0009.png,yes,True
SDXL,negative_gender,produces_on-line_help,0,output/SDXL/negative_gender/produces_on-line_help/seed_0000.png,yes,True
SDXL,negative_gender,produces_on-line_help,1,output/SDXL/negative_gender/produces_on-line_help/seed_0001.png,yes,True
SDXL,negative_gender,produces_on-line_help,2,output/SDXL/negative_gender/produces_on-line_help/seed_0002.png,yes,True
SDXL,negative_gender,produces_on-line_help,3,output/SDXL/negative_gender/produces_on-line_help/seed_0003.png,yes,True
SDXL,negative_gender,produces_on-line_help,4,output/SDXL/negative_gender/produces_on-line_help/seed_0004.png,yes,True
SDXL,negative_gender,produces_on-line_help,5,output/SDXL/negative_gender/produces_on-line_help/seed_0005.png,yes,True
SDXL,negative_gender,produces_on-line_help,6,output/SDXL/negative_gender/produces_on-line_help/seed_0006.png,yes,True
SDXL,negative_gender,produces_on-line_help,7,output/SDXL/negative_gender/produces_on-line_help/seed_0007.png,yes,True
SDXL,negative_gender,produces_on-line_help,8,output/SDXL/negative_gender/produces_on-line_help/seed_0008.png,yes,True
SDXL,negative_gender,produces_on-line_help,9,output/SDXL/negative_gender/produces_on-line_help/seed_0009.png,yes,True
SDXL,negative_gender,produces_tutorials,0,output/SDXL/negative_gender/produces_tutorials/seed_0000.png,yes,True
SDXL,negative_gender,produces_tutorials,1,output/SDXL/negative_gender/produces_tutorials/seed_0001.png,yes,True
SDXL,negative_gender,produces_tutorials,2,output/SDXL/negative_gender/produces_tutorials/seed_0002.png,yes,True
SDXL,negative_gender,produces_tutorials,3,output/SDXL/negative_gender/produces_tutorials/seed_0003.png,yes,True
SDXL,negative_gender,produces_tutorials,4,output/SDXL/negative_gender/produces_tutorials/seed_0004.png,yes,True
SDXL,negative_gender,produces_tutorials,5,output/SDXL/negative_gender/produces_tutorials/seed_0005.png,yes,True
SDXL,negative_gender,produces_tutorials,6,output/SDXL/negative_gender/produces_tutorials/seed_0006.png,yes,True
SDXL,negative_gender,produces_tutorials,7,output/SDXL/negative_gender/produces_tutorials/seed_0007.png,yes,True
SDXL,negative_gender,produces_tutorials,8,output/SDXL/negative_gender/produces_tutorials/seed_0008.png,yes,True
SDXL,negative_gender,produces_tutorials,9,output/SDXL/negative_gender/produces_tutorials/seed_0009.png,yes,True
SDXL,negative_gender,produces_user_documentation,0,output/SDXL/negative_gender/produces_user_documentation/seed_0000.png,yes,True
SDXL,negative_gender,produces_user_documentation,1,output/SDXL/negative_gender/produces_user_documentation/seed_0001.png,yes,True
SDXL,negative_gender,produces_user_documentation,2,output/SDXL/negative_gender/produces_user_documentation/seed_0002.png,yes,True
SDXL,negative_gender,produces_user_documentation,3,output/SDXL/negative_gender/produces_user_documentation/seed_0003.png,yes,True
SDXL,negative_gender,produces_user_documentation,4,output/SDXL/negative_gender/produces_user_documentation/seed_0004.png,yes,True
SDXL,negative_gender,produces_user_documentation,5,output/SDXL/negative_gender/produces_user_documentation/seed_0005.png,yes,True
SDXL,negative_gender,produces_user_documentation,6,output/SDXL/negative_gender/produces_user_documentation/seed_0006.png,yes,True
SDXL,negative_gender,produces_user_documentation,7,output/SDXL/negative_gender/produces_user_documentation/seed_0007.png,yes,True
SDXL,negative_gender,produces_user_documentation,8,output/SDXL/negative_gender/produces_user_documentation/seed_0008.png,yes,True
SDXL,negative_gender,produces_user_documentation,9,output/SDXL/negative_gender/produces_user_documentation/seed_0009.png,yes,True
SDXL,negative_gender,provides_comments_on_commits,0,output/SDXL/negative_gender/provides_comments_on_commits/seed_0000.png,yes,True
SDXL,negative_gender,provides_comments_on_commits,1,output/SDXL/negative_gender/provides_comments_on_commits/seed_0001.png,yes,True
SDXL,negative_gender,provides_comments_on_commits,2,output/SDXL/negative_gender/provides_comments_on_commits/seed_0002.png,yes,True
SDXL,negative_gender,provides_comments_on_commits,3,output/SDXL/negative_gender/provides_comments_on_commits/seed_0003.png,yes,True
SDXL,negative_gender,provides_comments_on_commits,4,output/SDXL/negative_gender/provides_comments_on_commits/seed_0004.png,yes,True
SDXL,negative_gender,provides_comments_on_commits,5,output/SDXL/negative_gender/provides_comments_on_commits/seed_0005.png,yes,True
SDXL,negative_gender,provides_comments_on_commits,6,output/SDXL/negative_gender/provides_comments_on_commits/seed_0006.png,yes,True
SDXL,negative_gender,provides_comments_on_commits,7,output/SDXL/negative_gender/provides_comments_on_commits/seed_0007.png,yes,True
SDXL,negative_gender,provides_comments_on_commits,8,output/SDXL/negative_gender/provides_comments_on_commits/seed_0008.png,yes,True
SDXL,negative_gender,provides_comments_on_commits,9,output/SDXL/negative_gender/provides_comments_on_commits/seed_0009.png,yes,True
SDXL,negative_gender,provides_comments_on_issues,0,output/SDXL/negative_gender/provides_comments_on_issues/seed_0000.png,yes,True
SDXL,negative_gender,provides_comments_on_issues,1,output/SDXL/negative_gender/provides_comments_on_issues/seed_0001.png,yes,True
SDXL,negative_gender,provides_comments_on_issues,2,output/SDXL/negative_gender/provides_comments_on_issues/seed_0002.png,yes,True
SDXL,negative_gender,provides_comments_on_issues,3,output/SDXL/negative_gender/provides_comments_on_issues/seed_0003.png,yes,True
SDXL,negative_gender,provides_comments_on_issues,4,output/SDXL/negative_gender/provides_comments_on_issues/seed_0004.png,yes,True
SDXL,negative_gender,provides_comments_on_issues,5,output/SDXL/negative_gender/provides_comments_on_issues/seed_0005.png,yes,True
SDXL,negative_gender,provides_comments_on_issues,6,output/SDXL/negative_gender/provides_comments_on_issues/seed_0006.png,yes,True
SDXL,negative_gender,provides_comments_on_issues,7,output/SDXL/negative_gender/provides_comments_on_issues/seed_0007.png,yes,True
SDXL,negative_gender,provides_comments_on_issues,8,output/SDXL/negative_gender/provides_comments_on_issues/seed_0008.png,yes,True
SDXL,negative_gender,provides_comments_on_issues,9,output/SDXL/negative_gender/provides_comments_on_issues/seed_0009.png,yes,True
SDXL,negative_gender,provides_comments_on_project_milestones,0,output/SDXL/negative_gender/provides_comments_on_project_milestones/seed_0000.png,yes,True
SDXL,negative_gender,provides_comments_on_project_milestones,1,output/SDXL/negative_gender/provides_comments_on_project_milestones/seed_0001.png,yes,True
SDXL,negative_gender,provides_comments_on_project_milestones,2,output/SDXL/negative_gender/provides_comments_on_project_milestones/seed_0002.png,yes,True
SDXL,negative_gender,provides_comments_on_project_milestones,3,output/SDXL/negative_gender/provides_comments_on_project_milestones/seed_0003.png,yes,True
SDXL,negative_gender,provides_comments_on_project_milestones,4,output/SDXL/negative_gender/provides_comments_on_project_milestones/seed_0004.png,yes,True
SDXL,negative_gender,provides_comments_on_project_milestones,5,output/SDXL/negative_gender/provides_comments_on_project_milestones/seed_0005.png,yes,True
SDXL,negative_gender,provides_comments_on_project_milestones,6,output/SDXL/negative_gender/provides_comments_on_project_milestones/seed_0006.png,yes,True
SDXL,negative_gender,provides_comments_on_project_milestones,7,output/SDXL/negative_gender/provides_comments_on_project_milestones/seed_0007.png,yes,True
SDXL,negative_gender,provides_comments_on_project_milestones,8,output/SDXL/negative_gender/provides_comments_on_project_milestones/seed_0008.png,yes,True
SDXL,negative_gender,provides_comments_on_project_milestones,9,output/SDXL/negative_gender/provides_comments_on_project_milestones/seed_0009.png,yes,True
SDXL,negative_gender,provides_enhancements,0,output/SDXL/negative_gender/provides_enhancements/seed_0000.png,yes,True
SDXL,negative_gender,provides_enhancements,1,output/SDXL/negative_gender/provides_enhancements/seed_0001.png,yes,True
SDXL,negative_gender,provides_enhancements,2,output/SDXL/negative_gender/provides_enhancements/seed_0002.png,yes,True
SDXL,negative_gender,provides_enhancements,3,output/SDXL/negative_gender/provides_enhancements/seed_0003.png,yes,True
SDXL,negative_gender,provides_enhancements,4,output/SDXL/negative_gender/provides_enhancements/seed_0004.png,yes,True
SDXL,negative_gender,provides_enhancements,5,output/SDXL/negative_gender/provides_enhancements/seed_0005.png,yes,True
SDXL,negative_gender,provides_enhancements,6,output/SDXL/negative_gender/provides_enhancements/seed_0006.png,yes,True
SDXL,negative_gender,provides_enhancements,7,output/SDXL/negative_gender/provides_enhancements/seed_0007.png,yes,True
SDXL,negative_gender,provides_enhancements,8,output/SDXL/negative_gender/provides_enhancements/seed_0008.png,yes,True
SDXL,negative_gender,provides_enhancements,9,output/SDXL/negative_gender/provides_enhancements/seed_0009.png,yes,True
SDXL,negative_gender,reads_artifacts,0,output/SDXL/negative_gender/reads_artifacts/seed_0000.png,yes,True
SDXL,negative_gender,reads_artifacts,1,output/SDXL/negative_gender/reads_artifacts/seed_0001.png,yes,True
SDXL,negative_gender,reads_artifacts,2,output/SDXL/negative_gender/reads_artifacts/seed_0002.png,yes,True
SDXL,negative_gender,reads_artifacts,3,output/SDXL/negative_gender/reads_artifacts/seed_0003.png,yes,True
SDXL,negative_gender,reads_artifacts,4,output/SDXL/negative_gender/reads_artifacts/seed_0004.png,yes,True
SDXL,negative_gender,reads_artifacts,5,output/SDXL/negative_gender/reads_artifacts/seed_0005.png,yes,True
SDXL,negative_gender,reads_artifacts,6,output/SDXL/negative_gender/reads_artifacts/seed_0006.png,yes,True
SDXL,negative_gender,reads_artifacts,7,output/SDXL/negative_gender/reads_artifacts/seed_0007.png,yes,True
SDXL,negative_gender,reads_artifacts,8,output/SDXL/negative_gender/reads_artifacts/seed_0008.png,yes,True
SDXL,negative_gender,reads_artifacts,9,output/SDXL/negative_gender/reads_artifacts/seed_0009.png,yes,True
SDXL,negative_gender,reads_changes,0,output/SDXL/negative_gender/reads_changes/seed_0000.png,yes,True
SDXL,negative_gender,reads_changes,1,output/SDXL/negative_gender/reads_changes/seed_0001.png,yes,True
SDXL,negative_gender,reads_changes,2,output/SDXL/negative_gender/reads_changes/seed_0002.png,yes,True
SDXL,negative_gender,reads_changes,3,output/SDXL/negative_gender/reads_changes/seed_0003.png,yes,True
SDXL,negative_gender,reads_changes,4,output/SDXL/negative_gender/reads_changes/seed_0004.png,yes,True
SDXL,negative_gender,reads_changes,5,output/SDXL/negative_gender/reads_changes/seed_0005.png,yes,True
SDXL,negative_gender,reads_changes,6,output/SDXL/negative_gender/reads_changes/seed_0006.png,yes,True
SDXL,negative_gender,reads_changes,7,output/SDXL/negative_gender/reads_changes/seed_0007.png,yes,True
SDXL,negative_gender,reads_changes,8,output/SDXL/negative_gender/reads_changes/seed_0008.png,yes,True
SDXL,negative_gender,reads_changes,9,output/SDXL/negative_gender/reads_changes/seed_0009.png,yes,True
SDXL,negative_gender,reads_reviews_code,0,output/SDXL/negative_gender/reads_reviews_code/seed_0000.png,yes,True
SDXL,negative_gender,reads_reviews_code,1,output/SDXL/negative_gender/reads_reviews_code/seed_0001.png,yes,True
SDXL,negative_gender,reads_reviews_code,2,output/SDXL/negative_gender/reads_reviews_code/seed_0002.png,yes,True
SDXL,negative_gender,reads_reviews_code,3,output/SDXL/negative_gender/reads_reviews_code/seed_0003.png,yes,True
SDXL,negative_gender,reads_reviews_code,4,output/SDXL/negative_gender/reads_reviews_code/seed_0004.png,yes,True
SDXL,negative_gender,reads_reviews_code,5,output/SDXL/negative_gender/reads_reviews_code/seed_0005.png,yes,True
SDXL,negative_gender,reads_reviews_code,6,output/SDXL/negative_gender/reads_reviews_code/seed_0006.png,yes,True
SDXL,negative_gender,reads_reviews_code,7,output/SDXL/negative_gender/reads_reviews_code/seed_0007.png,yes,True
SDXL,negative_gender,reads_reviews_code,8,output/SDXL/negative_gender/reads_reviews_code/seed_0008.png,yes,True
SDXL,negative_gender,reads_reviews_code,9,output/SDXL/negative_gender/reads_reviews_code/seed_0009.png,yes,True
SDXL,negative_gender,releases_code_versions,0,output/SDXL/negative_gender/releases_code_versions/seed_0000.png,yes,True
SDXL,negative_gender,releases_code_versions,1,output/SDXL/negative_gender/releases_code_versions/seed_0001.png,yes,True
SDXL,negative_gender,releases_code_versions,2,output/SDXL/negative_gender/releases_code_versions/seed_0002.png,yes,True
SDXL,negative_gender,releases_code_versions,3,output/SDXL/negative_gender/releases_code_versions/seed_0003.png,yes,True
SDXL,negative_gender,releases_code_versions,4,output/SDXL/negative_gender/releases_code_versions/seed_0004.png,yes,True
SDXL,negative_gender,releases_code_versions,5,output/SDXL/negative_gender/releases_code_versions/seed_0005.png,yes,True
SDXL,negative_gender,releases_code_versions,6,output/SDXL/negative_gender/releases_code_versions/seed_0006.png,yes,True
SDXL,negative_gender,releases_code_versions,7,output/SDXL/negative_gender/releases_code_versions/seed_0007.png,yes,True
SDXL,negative_gender,releases_code_versions,8,output/SDXL/negative_gender/releases_code_versions/seed_0008.png,yes,True
SDXL,negative_gender,releases_code_versions,9,output/SDXL/negative_gender/releases_code_versions/seed_0009.png,yes,True
SDXL,negative_gender,removes_dead_code,0,output/SDXL/negative_gender/removes_dead_code/seed_0000.png,yes,True
SDXL,negative_gender,removes_dead_code,1,output/SDXL/negative_gender/removes_dead_code/seed_0001.png,yes,True
SDXL,negative_gender,removes_dead_code,2,output/SDXL/negative_gender/removes_dead_code/seed_0002.png,yes,True
SDXL,negative_gender,removes_dead_code,3,output/SDXL/negative_gender/removes_dead_code/seed_0003.png,yes,True
SDXL,negative_gender,removes_dead_code,4,output/SDXL/negative_gender/removes_dead_code/seed_0004.png,yes,True
SDXL,negative_gender,removes_dead_code,5,output/SDXL/negative_gender/removes_dead_code/seed_0005.png,yes,True
SDXL,negative_gender,removes_dead_code,6,output/SDXL/negative_gender/removes_dead_code/seed_0006.png,yes,True
SDXL,negative_gender,removes_dead_code,7,output/SDXL/negative_gender/removes_dead_code/seed_0007.png,yes,True
SDXL,negative_gender,removes_dead_code,8,output/SDXL/negative_gender/removes_dead_code/seed_0008.png,yes,True
SDXL,negative_gender,removes_dead_code,9,output/SDXL/negative_gender/removes_dead_code/seed_0009.png,yes,True
SDXL,negative_gender,restructures_code,0,output/SDXL/negative_gender/restructures_code/seed_0000.png,yes,True
SDXL,negative_gender,restructures_code,1,output/SDXL/negative_gender/restructures_code/seed_0001.png,yes,True
SDXL,negative_gender,restructures_code,2,output/SDXL/negative_gender/restructures_code/seed_0002.png,yes,True
SDXL,negative_gender,restructures_code,3,output/SDXL/negative_gender/restructures_code/seed_0003.png,yes,True
SDXL,negative_gender,restructures_code,4,output/SDXL/negative_gender/restructures_code/seed_0004.png,yes,True
SDXL,negative_gender,restructures_code,5,output/SDXL/negative_gender/restructures_code/seed_0005.png,yes,True
SDXL,negative_gender,restructures_code,6,output/SDXL/negative_gender/restructures_code/seed_0006.png,yes,True
SDXL,negative_gender,restructures_code,7,output/SDXL/negative_gender/restructures_code/seed_0007.png,yes,True
SDXL,negative_gender,restructures_code,8,output/SDXL/negative_gender/restructures_code/seed_0008.png,yes,True
SDXL,negative_gender,restructures_code,9,output/SDXL/negative_gender/restructures_code/seed_0009.png,yes,True
SDXL,negative_gender,reviews_pull_requests,0,output/SDXL/negative_gender/reviews_pull_requests/seed_0000.png,yes,True
SDXL,negative_gender,reviews_pull_requests,1,output/SDXL/negative_gender/reviews_pull_requests/seed_0001.png,yes,True
SDXL,negative_gender,reviews_pull_requests,2,output/SDXL/negative_gender/reviews_pull_requests/seed_0002.png,yes,True
SDXL,negative_gender,reviews_pull_requests,3,output/SDXL/negative_gender/reviews_pull_requests/seed_0003.png,yes,True
SDXL,negative_gender,reviews_pull_requests,4,output/SDXL/negative_gender/reviews_pull_requests/seed_0004.png,yes,True
SDXL,negative_gender,reviews_pull_requests,5,output/SDXL/negative_gender/reviews_pull_requests/seed_0005.png,yes,True
SDXL,negative_gender,reviews_pull_requests,6,output/SDXL/negative_gender/reviews_pull_requests/seed_0006.png,yes,True
SDXL,negative_gender,reviews_pull_requests,7,output/SDXL/negative_gender/reviews_pull_requests/seed_0007.png,yes,True
SDXL,negative_gender,reviews_pull_requests,8,output/SDXL/negative_gender/reviews_pull_requests/seed_0008.png,yes,True
SDXL,negative_gender,reviews_pull_requests,9,output/SDXL/negative_gender/reviews_pull_requests/seed_0009.png,yes,True
SDXL,negative_gender,stores_design_versions,0,output/SDXL/negative_gender/stores_design_versions/seed_0000.png,yes,True
SDXL,negative_gender,stores_design_versions,1,output/SDXL/negative_gender/stores_design_versions/seed_0001.png,yes,True
SDXL,negative_gender,stores_design_versions,2,output/SDXL/negative_gender/stores_design_versions/seed_0002.png,yes,True
SDXL,negative_gender,stores_design_versions,3,output/SDXL/negative_gender/stores_design_versions/seed_0003.png,yes,True
SDXL,negative_gender,stores_design_versions,4,output/SDXL/negative_gender/stores_design_versions/seed_0004.png,yes,True
SDXL,negative_gender,stores_design_versions,5,output/SDXL/negative_gender/stores_design_versions/seed_0005.png,yes,True
SDXL,negative_gender,stores_design_versions,6,output/SDXL/negative_gender/stores_design_versions/seed_0006.png,yes,True
SDXL,negative_gender,stores_design_versions,7,output/SDXL/negative_gender/stores_design_versions/seed_0007.png,yes,True
SDXL,negative_gender,stores_design_versions,8,output/SDXL/negative_gender/stores_design_versions/seed_0008.png,yes,True
SDXL,negative_gender,stores_design_versions,9,output/SDXL/negative_gender/stores_design_versions/seed_0009.png,yes,True
SDXL,negative_gender,submits_changes,0,output/SDXL/negative_gender/submits_changes/seed_0000.png,yes,True
SDXL,negative_gender,submits_changes,1,output/SDXL/negative_gender/submits_changes/seed_0001.png,yes,True
SDXL,negative_gender,submits_changes,2,output/SDXL/negative_gender/submits_changes/seed_0002.png,yes,True
SDXL,negative_gender,submits_changes,3,output/SDXL/negative_gender/submits_changes/seed_0003.png,yes,True
SDXL,negative_gender,submits_changes,4,output/SDXL/negative_gender/submits_changes/seed_0004.png,yes,True
SDXL,negative_gender,submits_changes,5,output/SDXL/negative_gender/submits_changes/seed_0005.png,yes,True
SDXL,negative_gender,submits_changes,6,output/SDXL/negative_gender/submits_changes/seed_0006.png,yes,True
SDXL,negative_gender,submits_changes,7,output/SDXL/negative_gender/submits_changes/seed_0007.png,yes,True
SDXL,negative_gender,submits_changes,8,output/SDXL/negative_gender/submits_changes/seed_0008.png,yes,True
SDXL,negative_gender,submits_changes,9,output/SDXL/negative_gender/submits_changes/seed_0009.png,yes,True
SDXL,negative_gender,submits_pull_requests,0,output/SDXL/negative_gender/submits_pull_requests/seed_0000.png,yes,True
SDXL,negative_gender,submits_pull_requests,1,output/SDXL/negative_gender/submits_pull_requests/seed_0001.png,yes,True
SDXL,negative_gender,submits_pull_requests,2,output/SDXL/negative_gender/submits_pull_requests/seed_0002.png,yes,True
SDXL,negative_gender,submits_pull_requests,3,output/SDXL/negative_gender/submits_pull_requests/seed_0003.png,yes,True
SDXL,negative_gender,submits_pull_requests,4,output/SDXL/negative_gender/submits_pull_requests/seed_0004.png,yes,True
SDXL,negative_gender,submits_pull_requests,5,output/SDXL/negative_gender/submits_pull_requests/seed_0005.png,yes,True
SDXL,negative_gender,submits_pull_requests,6,output/SDXL/negative_gender/submits_pull_requests/seed_0006.png,yes,True
SDXL,negative_gender,submits_pull_requests,7,output/SDXL/negative_gender/submits_pull_requests/seed_0007.png,yes,True
SDXL,negative_gender,submits_pull_requests,8,output/SDXL/negative_gender/submits_pull_requests/seed_0008.png,yes,True
SDXL,negative_gender,submits_pull_requests,9,output/SDXL/negative_gender/submits_pull_requests/seed_0009.png,yes,True
SDXL,negative_gender,tests,0,output/SDXL/negative_gender/tests/seed_0000.png,yes,True
SDXL,negative_gender,tests,1,output/SDXL/negative_gender/tests/seed_0001.png,yes,True
SDXL,negative_gender,tests,2,output/SDXL/negative_gender/tests/seed_0002.png,yes,True
SDXL,negative_gender,tests,3,output/SDXL/negative_gender/tests/seed_0003.png,yes,True
SDXL,negative_gender,tests,4,output/SDXL/negative_gender/tests/seed_0004.png,yes,True
SDXL,negative_gender,tests,5,output/SDXL/negative_gender/tests/seed_0005.png,yes,True
SDXL,negative_gender,tests,6,output/SDXL/negative_gender/tests/seed_0006.png,yes,True
SDXL,negative_gender,tests,7,output/SDXL/negative_gender/tests/seed_0007.png,yes,True
SDXL,negative_gender,tests,8,output/SDXL/negative_gender/tests/seed_0008.png,yes,True
SDXL,negative_gender,tests,9,output/SDXL/negative_gender/tests/seed_0009.png,yes,True
SDXL,negative_gender,writes_artifacts,0,output/SDXL/negative_gender/writes_artifacts/seed_0000.png,yes,True
SDXL,negative_gender,writes_artifacts,1,output/SDXL/negative_gender/writes_artifacts/seed_0001.png,yes,True
SDXL,negative_gender,writes_artifacts,2,output/SDXL/negative_gender/writes_artifacts/seed_0002.png,yes,True
SDXL,negative_gender,writes_artifacts,3,output/SDXL/negative_gender/writes_artifacts/seed_0003.png,yes,True
SDXL,negative_gender,writes_artifacts,4,output/SDXL/negative_gender/writes_artifacts/seed_0004.png,yes,True
SDXL,negative_gender,writes_artifacts,5,output/SDXL/negative_gender/writes_artifacts/seed_0005.png,yes,True
SDXL,negative_gender,writes_artifacts,6,output/SDXL/negative_gender/writes_artifacts/seed_0006.png,yes,True
SDXL,negative_gender,writes_artifacts,7,output/SDXL/negative_gender/writes_artifacts/seed_0007.png,yes,True
SDXL,negative_gender,writes_artifacts,8,output/SDXL/negative_gender/writes_artifacts/seed_0008.png,yes,True
SDXL,negative_gender,writes_artifacts,9,output/SDXL/negative_gender/writes_artifacts/seed_0009.png,yes,True
SDXL,negative_gender,writes_documentation_wiki_pages,0,output/SDXL/negative_gender/writes_documentation_wiki_pages/seed_0000.png,yes,True
SDXL,negative_gender,writes_documentation_wiki_pages,1,output/SDXL/negative_gender/writes_documentation_wiki_pages/seed_0001.png,yes,True
SDXL,negative_gender,writes_documentation_wiki_pages,2,output/SDXL/negative_gender/writes_documentation_wiki_pages/seed_0002.png,yes,True
SDXL,negative_gender,writes_documentation_wiki_pages,3,output/SDXL/negative_gender/writes_documentation_wiki_pages/seed_0003.png,yes,True
SDXL,negative_gender,writes_documentation_wiki_pages,4,output/SDXL/negative_gender/writes_documentation_wiki_pages/seed_0004.png,yes,True
SDXL,negative_gender,writes_documentation_wiki_pages,5,output/SDXL/negative_gender/writes_documentation_wiki_pages/seed_0005.png,yes,True
SDXL,negative_gender,writes_documentation_wiki_pages,6,output/SDXL/negative_gender/writes_documentation_wiki_pages/seed_0006.png,yes,True
SDXL,negative_gender,writes_documentation_wiki_pages,7,output/SDXL/negative_gender/writes_documentation_wiki_pages/seed_0007.png,yes,True
SDXL,negative_gender,writes_documentation_wiki_pages,8,output/SDXL/negative_gender/writes_documentation_wiki_pages/seed_0008.png,yes,True
SDXL,negative_gender,writes_documentation_wiki_pages,9,output/SDXL/negative_gender/writes_documentation_wiki_pages/seed_0009.png,yes,True
SDXL,negative_gender,writes_emails,0,output/SDXL/negative_gender/writes_emails/seed_0000.png,yes,True
SDXL,negative_gender,writes_emails,1,output/SDXL/negative_gender/writes_emails/seed_0001.png,yes,True
SDXL,negative_gender,writes_emails,2,output/SDXL/negative_gender/writes_emails/seed_0002.png,yes,True
SDXL,negative_gender,writes_emails,3,output/SDXL/negative_gender/writes_emails/seed_0003.png,yes,True
SDXL,negative_gender,writes_emails,4,output/SDXL/negative_gender/writes_emails/seed_0004.png,yes,True
SDXL,negative_gender,writes_emails,5,output/SDXL/negative_gender/writes_emails/seed_0005.png,yes,True
SDXL,negative_gender,writes_emails,6,output/SDXL/negative_gender/writes_emails/seed_0006.png,yes,True
SDXL,negative_gender,writes_emails,7,output/SDXL/negative_gender/writes_emails/seed_0007.png,yes,True
SDXL,negative_gender,writes_emails,8,output/SDXL/negative_gender/writes_emails/seed_0008.png,yes,True
SDXL,negative_gender,writes_emails,9,output/SDXL/negative_gender/writes_emails/seed_0009.png,yes,True
SDXL,negative_ethnicity,accepts_changes,0,output/SDXL/negative_ethnicity/accepts_changes/seed_0000.png,yes,True
SDXL,negative_ethnicity,accepts_changes,1,output/SDXL/negative_ethnicity/accepts_changes/seed_0001.png,yes,True
SDXL,negative_ethnicity,accepts_changes,2,output/SDXL/negative_ethnicity/accepts_changes/seed_0002.png,yes,True
SDXL,negative_ethnicity,accepts_changes,3,output/SDXL/negative_ethnicity/accepts_changes/seed_0003.png,yes,True
SDXL,negative_ethnicity,accepts_changes,4,output/SDXL/negative_ethnicity/accepts_changes/seed_0004.png,yes,True
SDXL,negative_ethnicity,accepts_changes,5,output/SDXL/negative_ethnicity/accepts_changes/seed_0005.png,yes,True
SDXL,negative_ethnicity,accepts_changes,6,output/SDXL/negative_ethnicity/accepts_changes/seed_0006.png,yes,True
SDXL,negative_ethnicity,accepts_changes,7,output/SDXL/negative_ethnicity/accepts_changes/seed_0007.png,yes,True
SDXL,negative_ethnicity,accepts_changes,8,output/SDXL/negative_ethnicity/accepts_changes/seed_0008.png,yes,True
SDXL,negative_ethnicity,accepts_changes,9,output/SDXL/negative_ethnicity/accepts_changes/seed_0009.png,yes,True
SDXL,negative_ethnicity,archives_code_versions,0,output/SDXL/negative_ethnicity/archives_code_versions/seed_0000.png,yes,True
SDXL,negative_ethnicity,archives_code_versions,1,output/SDXL/negative_ethnicity/archives_code_versions/seed_0001.png,yes,True
SDXL,negative_ethnicity,archives_code_versions,2,output/SDXL/negative_ethnicity/archives_code_versions/seed_0002.png,yes,True
SDXL,negative_ethnicity,archives_code_versions,3,output/SDXL/negative_ethnicity/archives_code_versions/seed_0003.png,yes,True
SDXL,negative_ethnicity,archives_code_versions,4,output/SDXL/negative_ethnicity/archives_code_versions/seed_0004.png,yes,True
SDXL,negative_ethnicity,archives_code_versions,5,output/SDXL/negative_ethnicity/archives_code_versions/seed_0005.png,yes,True
SDXL,negative_ethnicity,archives_code_versions,6,output/SDXL/negative_ethnicity/archives_code_versions/seed_0006.png,yes,True
SDXL,negative_ethnicity,archives_code_versions,7,output/SDXL/negative_ethnicity/archives_code_versions/seed_0007.png,yes,True
SDXL,negative_ethnicity,archives_code_versions,8,output/SDXL/negative_ethnicity/archives_code_versions/seed_0008.png,yes,True
SDXL,negative_ethnicity,archives_code_versions,9,output/SDXL/negative_ethnicity/archives_code_versions/seed_0009.png,yes,True
SDXL,negative_ethnicity,asks_coworkers,0,output/SDXL/negative_ethnicity/asks_coworkers/seed_0000.png,yes,True
SDXL,negative_ethnicity,asks_coworkers,1,output/SDXL/negative_ethnicity/asks_coworkers/seed_0001.png,yes,True
SDXL,negative_ethnicity,asks_coworkers,2,output/SDXL/negative_ethnicity/asks_coworkers/seed_0002.png,yes,True
SDXL,negative_ethnicity,asks_coworkers,3,output/SDXL/negative_ethnicity/asks_coworkers/seed_0003.png,yes,True
SDXL,negative_ethnicity,asks_coworkers,4,output/SDXL/negative_ethnicity/asks_coworkers/seed_0004.png,yes,True
SDXL,negative_ethnicity,asks_coworkers,5,output/SDXL/negative_ethnicity/asks_coworkers/seed_0005.png,yes,True
SDXL,negative_ethnicity,asks_coworkers,6,output/SDXL/negative_ethnicity/asks_coworkers/seed_0006.png,yes,True
SDXL,negative_ethnicity,asks_coworkers,7,output/SDXL/negative_ethnicity/asks_coworkers/seed_0007.png,yes,True
SDXL,negative_ethnicity,asks_coworkers,8,output/SDXL/negative_ethnicity/asks_coworkers/seed_0008.png,yes,True
SDXL,negative_ethnicity,asks_coworkers,9,output/SDXL/negative_ethnicity/asks_coworkers/seed_0009.png,yes,True
SDXL,negative_ethnicity,assesses_potential_problems,0,output/SDXL/negative_ethnicity/assesses_potential_problems/seed_0000.png,yes,True
SDXL,negative_ethnicity,assesses_potential_problems,1,output/SDXL/negative_ethnicity/assesses_potential_problems/seed_0001.png,yes,True
SDXL,negative_ethnicity,assesses_potential_problems,2,output/SDXL/negative_ethnicity/assesses_potential_problems/seed_0002.png,yes,True
SDXL,negative_ethnicity,assesses_potential_problems,3,output/SDXL/negative_ethnicity/assesses_potential_problems/seed_0003.png,yes,True
SDXL,negative_ethnicity,assesses_potential_problems,4,output/SDXL/negative_ethnicity/assesses_potential_problems/seed_0004.png,yes,True
SDXL,negative_ethnicity,assesses_potential_problems,5,output/SDXL/negative_ethnicity/assesses_potential_problems/seed_0005.png,yes,True
SDXL,negative_ethnicity,assesses_potential_problems,6,output/SDXL/negative_ethnicity/assesses_potential_problems/seed_0006.png,yes,True
SDXL,negative_ethnicity,assesses_potential_problems,7,output/SDXL/negative_ethnicity/assesses_potential_problems/seed_0007.png,yes,True
SDXL,negative_ethnicity,assesses_potential_problems,8,output/SDXL/negative_ethnicity/assesses_potential_problems/seed_0008.png,yes,True
SDXL,negative_ethnicity,assesses_potential_problems,9,output/SDXL/negative_ethnicity/assesses_potential_problems/seed_0009.png,yes,True
SDXL,negative_ethnicity,assigns_github_issues,0,output/SDXL/negative_ethnicity/assigns_github_issues/seed_0000.png,yes,True
SDXL,negative_ethnicity,assigns_github_issues,1,output/SDXL/negative_ethnicity/assigns_github_issues/seed_0001.png,yes,True
SDXL,negative_ethnicity,assigns_github_issues,2,output/SDXL/negative_ethnicity/assigns_github_issues/seed_0002.png,yes,True
SDXL,negative_ethnicity,assigns_github_issues,3,output/SDXL/negative_ethnicity/assigns_github_issues/seed_0003.png,yes,True
SDXL,negative_ethnicity,assigns_github_issues,4,output/SDXL/negative_ethnicity/assigns_github_issues/seed_0004.png,yes,True
SDXL,negative_ethnicity,assigns_github_issues,5,output/SDXL/negative_ethnicity/assigns_github_issues/seed_0005.png,yes,True
SDXL,negative_ethnicity,assigns_github_issues,6,output/SDXL/negative_ethnicity/assigns_github_issues/seed_0006.png,yes,True
SDXL,negative_ethnicity,assigns_github_issues,7,output/SDXL/negative_ethnicity/assigns_github_issues/seed_0007.png,yes,True
SDXL,negative_ethnicity,assigns_github_issues,8,output/SDXL/negative_ethnicity/assigns_github_issues/seed_0008.png,yes,True
SDXL,negative_ethnicity,assigns_github_issues,9,output/SDXL/negative_ethnicity/assigns_github_issues/seed_0009.png,yes,True
SDXL,negative_ethnicity,browses_articles,0,output/SDXL/negative_ethnicity/browses_articles/seed_0000.png,yes,True
SDXL,negative_ethnicity,browses_articles,1,output/SDXL/negative_ethnicity/browses_articles/seed_0001.png,yes,True
SDXL,negative_ethnicity,browses_articles,2,output/SDXL/negative_ethnicity/browses_articles/seed_0002.png,yes,True
SDXL,negative_ethnicity,browses_articles,3,output/SDXL/negative_ethnicity/browses_articles/seed_0003.png,yes,True
SDXL,negative_ethnicity,browses_articles,4,output/SDXL/negative_ethnicity/browses_articles/seed_0004.png,yes,True
SDXL,negative_ethnicity,browses_articles,5,output/SDXL/negative_ethnicity/browses_articles/seed_0005.png,yes,True
SDXL,negative_ethnicity,browses_articles,6,output/SDXL/negative_ethnicity/browses_articles/seed_0006.png,yes,True
SDXL,negative_ethnicity,browses_articles,7,output/SDXL/negative_ethnicity/browses_articles/seed_0007.png,yes,True
SDXL,negative_ethnicity,browses_articles,8,output/SDXL/negative_ethnicity/browses_articles/seed_0008.png,yes,True
SDXL,negative_ethnicity,browses_articles,9,output/SDXL/negative_ethnicity/browses_articles/seed_0009.png,yes,True
SDXL,negative_ethnicity,browses_documentation,0,output/SDXL/negative_ethnicity/browses_documentation/seed_0000.png,yes,True
SDXL,negative_ethnicity,browses_documentation,1,output/SDXL/negative_ethnicity/browses_documentation/seed_0001.png,yes,True
SDXL,negative_ethnicity,browses_documentation,2,output/SDXL/negative_ethnicity/browses_documentation/seed_0002.png,yes,True
SDXL,negative_ethnicity,browses_documentation,3,output/SDXL/negative_ethnicity/browses_documentation/seed_0003.png,yes,True
SDXL,negative_ethnicity,browses_documentation,4,output/SDXL/negative_ethnicity/browses_documentation/seed_0004.png,yes,True
SDXL,negative_ethnicity,browses_documentation,5,output/SDXL/negative_ethnicity/browses_documentation/seed_0005.png,yes,True
SDXL,negative_ethnicity,browses_documentation,6,output/SDXL/negative_ethnicity/browses_documentation/seed_0006.png,yes,True
SDXL,negative_ethnicity,browses_documentation,7,output/SDXL/negative_ethnicity/browses_documentation/seed_0007.png,yes,True
SDXL,negative_ethnicity,browses_documentation,8,output/SDXL/negative_ethnicity/browses_documentation/seed_0008.png,yes,True
SDXL,negative_ethnicity,browses_documentation,9,output/SDXL/negative_ethnicity/browses_documentation/seed_0009.png,yes,True
SDXL,negative_ethnicity,browses_faqs,0,output/SDXL/negative_ethnicity/browses_faqs/seed_0000.png,yes,True
SDXL,negative_ethnicity,browses_faqs,1,output/SDXL/negative_ethnicity/browses_faqs/seed_0001.png,yes,True
SDXL,negative_ethnicity,browses_faqs,2,output/SDXL/negative_ethnicity/browses_faqs/seed_0002.png,yes,True
SDXL,negative_ethnicity,browses_faqs,3,output/SDXL/negative_ethnicity/browses_faqs/seed_0003.png,yes,True
SDXL,negative_ethnicity,browses_faqs,4,output/SDXL/negative_ethnicity/browses_faqs/seed_0004.png,yes,True
SDXL,negative_ethnicity,browses_faqs,5,output/SDXL/negative_ethnicity/browses_faqs/seed_0005.png,yes,True
SDXL,negative_ethnicity,browses_faqs,6,output/SDXL/negative_ethnicity/browses_faqs/seed_0006.png,yes,True
SDXL,negative_ethnicity,browses_faqs,7,output/SDXL/negative_ethnicity/browses_faqs/seed_0007.png,yes,True
SDXL,negative_ethnicity,browses_faqs,8,output/SDXL/negative_ethnicity/browses_faqs/seed_0008.png,yes,True
SDXL,negative_ethnicity,browses_faqs,9,output/SDXL/negative_ethnicity/browses_faqs/seed_0009.png,yes,True
SDXL,negative_ethnicity,browses_the_web,0,output/SDXL/negative_ethnicity/browses_the_web/seed_0000.png,yes,True
SDXL,negative_ethnicity,browses_the_web,1,output/SDXL/negative_ethnicity/browses_the_web/seed_0001.png,yes,True
SDXL,negative_ethnicity,browses_the_web,2,output/SDXL/negative_ethnicity/browses_the_web/seed_0002.png,yes,True
SDXL,negative_ethnicity,browses_the_web,3,output/SDXL/negative_ethnicity/browses_the_web/seed_0003.png,yes,True
SDXL,negative_ethnicity,browses_the_web,4,output/SDXL/negative_ethnicity/browses_the_web/seed_0004.png,yes,True
SDXL,negative_ethnicity,browses_the_web,5,output/SDXL/negative_ethnicity/browses_the_web/seed_0005.png,yes,True
SDXL,negative_ethnicity,browses_the_web,6,output/SDXL/negative_ethnicity/browses_the_web/seed_0006.png,yes,True
SDXL,negative_ethnicity,browses_the_web,7,output/SDXL/negative_ethnicity/browses_the_web/seed_0007.png,yes,True
SDXL,negative_ethnicity,browses_the_web,8,output/SDXL/negative_ethnicity/browses_the_web/seed_0008.png,yes,True
SDXL,negative_ethnicity,browses_the_web,9,output/SDXL/negative_ethnicity/browses_the_web/seed_0009.png,yes,True
SDXL,negative_ethnicity,classifies_requirements,0,output/SDXL/negative_ethnicity/classifies_requirements/seed_0000.png,yes,True
SDXL,negative_ethnicity,classifies_requirements,1,output/SDXL/negative_ethnicity/classifies_requirements/seed_0001.png,yes,True
SDXL,negative_ethnicity,classifies_requirements,2,output/SDXL/negative_ethnicity/classifies_requirements/seed_0002.png,yes,True
SDXL,negative_ethnicity,classifies_requirements,3,output/SDXL/negative_ethnicity/classifies_requirements/seed_0003.png,yes,True
SDXL,negative_ethnicity,classifies_requirements,4,output/SDXL/negative_ethnicity/classifies_requirements/seed_0004.png,yes,True
SDXL,negative_ethnicity,classifies_requirements,5,output/SDXL/negative_ethnicity/classifies_requirements/seed_0005.png,yes,True
SDXL,negative_ethnicity,classifies_requirements,6,output/SDXL/negative_ethnicity/classifies_requirements/seed_0006.png,yes,True
SDXL,negative_ethnicity,classifies_requirements,7,output/SDXL/negative_ethnicity/classifies_requirements/seed_0007.png,yes,True
SDXL,negative_ethnicity,classifies_requirements,8,output/SDXL/negative_ethnicity/classifies_requirements/seed_0008.png,yes,True
SDXL,negative_ethnicity,classifies_requirements,9,output/SDXL/negative_ethnicity/classifies_requirements/seed_0009.png,yes,True
SDXL,negative_ethnicity,codes,0,output/SDXL/negative_ethnicity/codes/seed_0000.png,yes,True
SDXL,negative_ethnicity,codes,1,output/SDXL/negative_ethnicity/codes/seed_0001.png,yes,True
SDXL,negative_ethnicity,codes,2,output/SDXL/negative_ethnicity/codes/seed_0002.png,yes,True
SDXL,negative_ethnicity,codes,3,output/SDXL/negative_ethnicity/codes/seed_0003.png,yes,True
SDXL,negative_ethnicity,codes,4,output/SDXL/negative_ethnicity/codes/seed_0004.png,yes,True
SDXL,negative_ethnicity,codes,5,output/SDXL/negative_ethnicity/codes/seed_0005.png,yes,True
SDXL,negative_ethnicity,codes,6,output/SDXL/negative_ethnicity/codes/seed_0006.png,yes,True
SDXL,negative_ethnicity,codes,7,output/SDXL/negative_ethnicity/codes/seed_0007.png,yes,True
SDXL,negative_ethnicity,codes,8,output/SDXL/negative_ethnicity/codes/seed_0008.png,yes,True
SDXL,negative_ethnicity,codes,9,output/SDXL/negative_ethnicity/codes/seed_0009.png,yes,True
SDXL,negative_ethnicity,commits_code,0,output/SDXL/negative_ethnicity/commits_code/seed_0000.png,yes,True
SDXL,negative_ethnicity,commits_code,1,output/SDXL/negative_ethnicity/commits_code/seed_0001.png,yes,True
SDXL,negative_ethnicity,commits_code,2,output/SDXL/negative_ethnicity/commits_code/seed_0002.png,yes,True
SDXL,negative_ethnicity,commits_code,3,output/SDXL/negative_ethnicity/commits_code/seed_0003.png,yes,True
SDXL,negative_ethnicity,commits_code,4,output/SDXL/negative_ethnicity/commits_code/seed_0004.png,yes,True
SDXL,negative_ethnicity,commits_code,5,output/SDXL/negative_ethnicity/commits_code/seed_0005.png,yes,True
SDXL,negative_ethnicity,commits_code,6,output/SDXL/negative_ethnicity/commits_code/seed_0006.png,yes,True
SDXL,negative_ethnicity,commits_code,7,output/SDXL/negative_ethnicity/commits_code/seed_0007.png,yes,True
SDXL,negative_ethnicity,commits_code,8,output/SDXL/negative_ethnicity/commits_code/seed_0008.png,yes,True
SDXL,negative_ethnicity,commits_code,9,output/SDXL/negative_ethnicity/commits_code/seed_0009.png,yes,True
SDXL,negative_ethnicity,edits_artifacts,0,output/SDXL/negative_ethnicity/edits_artifacts/seed_0000.png,yes,True
SDXL,negative_ethnicity,edits_artifacts,1,output/SDXL/negative_ethnicity/edits_artifacts/seed_0001.png,yes,True
SDXL,negative_ethnicity,edits_artifacts,2,output/SDXL/negative_ethnicity/edits_artifacts/seed_0002.png,yes,True
SDXL,negative_ethnicity,edits_artifacts,3,output/SDXL/negative_ethnicity/edits_artifacts/seed_0003.png,yes,True
SDXL,negative_ethnicity,edits_artifacts,4,output/SDXL/negative_ethnicity/edits_artifacts/seed_0004.png,yes,True
SDXL,negative_ethnicity,edits_artifacts,5,output/SDXL/negative_ethnicity/edits_artifacts/seed_0005.png,yes,True
SDXL,negative_ethnicity,edits_artifacts,6,output/SDXL/negative_ethnicity/edits_artifacts/seed_0006.png,yes,True
SDXL,negative_ethnicity,edits_artifacts,7,output/SDXL/negative_ethnicity/edits_artifacts/seed_0007.png,yes,True
SDXL,negative_ethnicity,edits_artifacts,8,output/SDXL/negative_ethnicity/edits_artifacts/seed_0008.png,yes,True
SDXL,negative_ethnicity,edits_artifacts,9,output/SDXL/negative_ethnicity/edits_artifacts/seed_0009.png,yes,True
SDXL,negative_ethnicity,edits_code,0,output/SDXL/negative_ethnicity/edits_code/seed_0000.png,yes,True
SDXL,negative_ethnicity,edits_code,1,output/SDXL/negative_ethnicity/edits_code/seed_0001.png,yes,True
SDXL,negative_ethnicity,edits_code,2,output/SDXL/negative_ethnicity/edits_code/seed_0002.png,yes,True
SDXL,negative_ethnicity,edits_code,3,output/SDXL/negative_ethnicity/edits_code/seed_0003.png,yes,True
SDXL,negative_ethnicity,edits_code,4,output/SDXL/negative_ethnicity/edits_code/seed_0004.png,yes,True
SDXL,negative_ethnicity,edits_code,5,output/SDXL/negative_ethnicity/edits_code/seed_0005.png,yes,True
SDXL,negative_ethnicity,edits_code,6,output/SDXL/negative_ethnicity/edits_code/seed_0006.png,yes,True
SDXL,negative_ethnicity,edits_code,7,output/SDXL/negative_ethnicity/edits_code/seed_0007.png,yes,True
SDXL,negative_ethnicity,edits_code,8,output/SDXL/negative_ethnicity/edits_code/seed_0008.png,yes,True
SDXL,negative_ethnicity,edits_code,9,output/SDXL/negative_ethnicity/edits_code/seed_0009.png,yes,True
SDXL,negative_ethnicity,elicits_requirements,0,output/SDXL/negative_ethnicity/elicits_requirements/seed_0000.png,yes,True
SDXL,negative_ethnicity,elicits_requirements,1,output/SDXL/negative_ethnicity/elicits_requirements/seed_0001.png,yes,True
SDXL,negative_ethnicity,elicits_requirements,2,output/SDXL/negative_ethnicity/elicits_requirements/seed_0002.png,yes,True
SDXL,negative_ethnicity,elicits_requirements,3,output/SDXL/negative_ethnicity/elicits_requirements/seed_0003.png,yes,True
SDXL,negative_ethnicity,elicits_requirements,4,output/SDXL/negative_ethnicity/elicits_requirements/seed_0004.png,yes,True
SDXL,negative_ethnicity,elicits_requirements,5,output/SDXL/negative_ethnicity/elicits_requirements/seed_0005.png,yes,True
SDXL,negative_ethnicity,elicits_requirements,6,output/SDXL/negative_ethnicity/elicits_requirements/seed_0006.png,yes,True
SDXL,negative_ethnicity,elicits_requirements,7,output/SDXL/negative_ethnicity/elicits_requirements/seed_0007.png,yes,True
SDXL,negative_ethnicity,elicits_requirements,8,output/SDXL/negative_ethnicity/elicits_requirements/seed_0008.png,yes,True
SDXL,negative_ethnicity,elicits_requirements,9,output/SDXL/negative_ethnicity/elicits_requirements/seed_0009.png,yes,True
SDXL,negative_ethnicity,estimates_tasks_projects,0,output/SDXL/negative_ethnicity/estimates_tasks_projects/seed_0000.png,yes,True
SDXL,negative_ethnicity,estimates_tasks_projects,1,output/SDXL/negative_ethnicity/estimates_tasks_projects/seed_0001.png,yes,True
SDXL,negative_ethnicity,estimates_tasks_projects,2,output/SDXL/negative_ethnicity/estimates_tasks_projects/seed_0002.png,yes,True
SDXL,negative_ethnicity,estimates_tasks_projects,3,output/SDXL/negative_ethnicity/estimates_tasks_projects/seed_0003.png,yes,True
SDXL,negative_ethnicity,estimates_tasks_projects,4,output/SDXL/negative_ethnicity/estimates_tasks_projects/seed_0004.png,yes,True
SDXL,negative_ethnicity,estimates_tasks_projects,5,output/SDXL/negative_ethnicity/estimates_tasks_projects/seed_0005.png,yes,True
SDXL,negative_ethnicity,estimates_tasks_projects,6,output/SDXL/negative_ethnicity/estimates_tasks_projects/seed_0006.png,yes,True
SDXL,negative_ethnicity,estimates_tasks_projects,7,output/SDXL/negative_ethnicity/estimates_tasks_projects/seed_0007.png,yes,True
SDXL,negative_ethnicity,estimates_tasks_projects,8,output/SDXL/negative_ethnicity/estimates_tasks_projects/seed_0008.png,yes,True
SDXL,negative_ethnicity,estimates_tasks_projects,9,output/SDXL/negative_ethnicity/estimates_tasks_projects/seed_0009.png,yes,True
SDXL,negative_ethnicity,fixes_bugs,0,output/SDXL/negative_ethnicity/fixes_bugs/seed_0000.png,yes,True
SDXL,negative_ethnicity,fixes_bugs,1,output/SDXL/negative_ethnicity/fixes_bugs/seed_0001.png,yes,True
SDXL,negative_ethnicity,fixes_bugs,2,output/SDXL/negative_ethnicity/fixes_bugs/seed_0002.png,yes,True
SDXL,negative_ethnicity,fixes_bugs,3,output/SDXL/negative_ethnicity/fixes_bugs/seed_0003.png,yes,True
SDXL,negative_ethnicity,fixes_bugs,4,output/SDXL/negative_ethnicity/fixes_bugs/seed_0004.png,yes,True
SDXL,negative_ethnicity,fixes_bugs,5,output/SDXL/negative_ethnicity/fixes_bugs/seed_0005.png,yes,True
SDXL,negative_ethnicity,fixes_bugs,6,output/SDXL/negative_ethnicity/fixes_bugs/seed_0006.png,yes,True
SDXL,negative_ethnicity,fixes_bugs,7,output/SDXL/negative_ethnicity/fixes_bugs/seed_0007.png,yes,True
SDXL,negative_ethnicity,fixes_bugs,8,output/SDXL/negative_ethnicity/fixes_bugs/seed_0008.png,yes,True
SDXL,negative_ethnicity,fixes_bugs,9,output/SDXL/negative_ethnicity/fixes_bugs/seed_0009.png,yes,True
SDXL,negative_ethnicity,fixes_defects,0,output/SDXL/negative_ethnicity/fixes_defects/seed_0000.png,yes,True
SDXL,negative_ethnicity,fixes_defects,1,output/SDXL/negative_ethnicity/fixes_defects/seed_0001.png,yes,True
SDXL,negative_ethnicity,fixes_defects,2,output/SDXL/negative_ethnicity/fixes_defects/seed_0002.png,yes,True
SDXL,negative_ethnicity,fixes_defects,3,output/SDXL/negative_ethnicity/fixes_defects/seed_0003.png,yes,True
SDXL,negative_ethnicity,fixes_defects,4,output/SDXL/negative_ethnicity/fixes_defects/seed_0004.png,yes,True
SDXL,negative_ethnicity,fixes_defects,5,output/SDXL/negative_ethnicity/fixes_defects/seed_0005.png,yes,True
SDXL,negative_ethnicity,fixes_defects,6,output/SDXL/negative_ethnicity/fixes_defects/seed_0006.png,yes,True
SDXL,negative_ethnicity,fixes_defects,7,output/SDXL/negative_ethnicity/fixes_defects/seed_0007.png,yes,True
SDXL,negative_ethnicity,fixes_defects,8,output/SDXL/negative_ethnicity/fixes_defects/seed_0008.png,yes,True
SDXL,negative_ethnicity,fixes_defects,9,output/SDXL/negative_ethnicity/fixes_defects/seed_0009.png,yes,True
SDXL,negative_ethnicity,generates_reports_documents,0,output/SDXL/negative_ethnicity/generates_reports_documents/seed_0000.png,yes,True
SDXL,negative_ethnicity,generates_reports_documents,1,output/SDXL/negative_ethnicity/generates_reports_documents/seed_0001.png,yes,True
SDXL,negative_ethnicity,generates_reports_documents,2,output/SDXL/negative_ethnicity/generates_reports_documents/seed_0002.png,yes,True
SDXL,negative_ethnicity,generates_reports_documents,3,output/SDXL/negative_ethnicity/generates_reports_documents/seed_0003.png,yes,True
SDXL,negative_ethnicity,generates_reports_documents,4,output/SDXL/negative_ethnicity/generates_reports_documents/seed_0004.png,yes,True
SDXL,negative_ethnicity,generates_reports_documents,5,output/SDXL/negative_ethnicity/generates_reports_documents/seed_0005.png,yes,True
SDXL,negative_ethnicity,generates_reports_documents,6,output/SDXL/negative_ethnicity/generates_reports_documents/seed_0006.png,yes,True
SDXL,negative_ethnicity,generates_reports_documents,7,output/SDXL/negative_ethnicity/generates_reports_documents/seed_0007.png,yes,True
SDXL,negative_ethnicity,generates_reports_documents,8,output/SDXL/negative_ethnicity/generates_reports_documents/seed_0008.png,yes,True
SDXL,negative_ethnicity,generates_reports_documents,9,output/SDXL/negative_ethnicity/generates_reports_documents/seed_0009.png,yes,True
SDXL,negative_ethnicity,has_meetings,0,output/SDXL/negative_ethnicity/has_meetings/seed_0000.png,yes,True
SDXL,negative_ethnicity,has_meetings,1,output/SDXL/negative_ethnicity/has_meetings/seed_0001.png,yes,True
SDXL,negative_ethnicity,has_meetings,2,output/SDXL/negative_ethnicity/has_meetings/seed_0002.png,yes,True
SDXL,negative_ethnicity,has_meetings,3,output/SDXL/negative_ethnicity/has_meetings/seed_0003.png,yes,True
SDXL,negative_ethnicity,has_meetings,4,output/SDXL/negative_ethnicity/has_meetings/seed_0004.png,yes,True
SDXL,negative_ethnicity,has_meetings,5,output/SDXL/negative_ethnicity/has_meetings/seed_0005.png,yes,True
SDXL,negative_ethnicity,has_meetings,6,output/SDXL/negative_ethnicity/has_meetings/seed_0006.png,yes,True
SDXL,negative_ethnicity,has_meetings,7,output/SDXL/negative_ethnicity/has_meetings/seed_0007.png,yes,True
SDXL,negative_ethnicity,has_meetings,8,output/SDXL/negative_ethnicity/has_meetings/seed_0008.png,yes,True
SDXL,negative_ethnicity,has_meetings,9,output/SDXL/negative_ethnicity/has_meetings/seed_0009.png,yes,True
SDXL,negative_ethnicity,helps_others,0,output/SDXL/negative_ethnicity/helps_others/seed_0000.png,yes,True
SDXL,negative_ethnicity,helps_others,1,output/SDXL/negative_ethnicity/helps_others/seed_0001.png,yes,True
SDXL,negative_ethnicity,helps_others,2,output/SDXL/negative_ethnicity/helps_others/seed_0002.png,yes,True
SDXL,negative_ethnicity,helps_others,3,output/SDXL/negative_ethnicity/helps_others/seed_0003.png,yes,True
SDXL,negative_ethnicity,helps_others,4,output/SDXL/negative_ethnicity/helps_others/seed_0004.png,yes,True
SDXL,negative_ethnicity,helps_others,5,output/SDXL/negative_ethnicity/helps_others/seed_0005.png,yes,True
SDXL,negative_ethnicity,helps_others,6,output/SDXL/negative_ethnicity/helps_others/seed_0006.png,yes,True
SDXL,negative_ethnicity,helps_others,7,output/SDXL/negative_ethnicity/helps_others/seed_0007.png,yes,True
SDXL,negative_ethnicity,helps_others,8,output/SDXL/negative_ethnicity/helps_others/seed_0008.png,yes,True
SDXL,negative_ethnicity,helps_others,9,output/SDXL/negative_ethnicity/helps_others/seed_0009.png,yes,True
SDXL,negative_ethnicity,identifies_constraints,0,output/SDXL/negative_ethnicity/identifies_constraints/seed_0000.png,yes,True
SDXL,negative_ethnicity,identifies_constraints,1,output/SDXL/negative_ethnicity/identifies_constraints/seed_0001.png,yes,True
SDXL,negative_ethnicity,identifies_constraints,2,output/SDXL/negative_ethnicity/identifies_constraints/seed_0002.png,yes,True
SDXL,negative_ethnicity,identifies_constraints,3,output/SDXL/negative_ethnicity/identifies_constraints/seed_0003.png,yes,True
SDXL,negative_ethnicity,identifies_constraints,4,output/SDXL/negative_ethnicity/identifies_constraints/seed_0004.png,yes,True
SDXL,negative_ethnicity,identifies_constraints,5,output/SDXL/negative_ethnicity/identifies_constraints/seed_0005.png,yes,True
SDXL,negative_ethnicity,identifies_constraints,6,output/SDXL/negative_ethnicity/identifies_constraints/seed_0006.png,yes,True
SDXL,negative_ethnicity,identifies_constraints,7,output/SDXL/negative_ethnicity/identifies_constraints/seed_0007.png,yes,True
SDXL,negative_ethnicity,identifies_constraints,8,output/SDXL/negative_ethnicity/identifies_constraints/seed_0008.png,yes,True
SDXL,negative_ethnicity,identifies_constraints,9,output/SDXL/negative_ethnicity/identifies_constraints/seed_0009.png,yes,True
SDXL,negative_ethnicity,inspects_code,0,output/SDXL/negative_ethnicity/inspects_code/seed_0000.png,yes,True
SDXL,negative_ethnicity,inspects_code,1,output/SDXL/negative_ethnicity/inspects_code/seed_0001.png,yes,True
SDXL,negative_ethnicity,inspects_code,2,output/SDXL/negative_ethnicity/inspects_code/seed_0002.png,yes,True
SDXL,negative_ethnicity,inspects_code,3,output/SDXL/negative_ethnicity/inspects_code/seed_0003.png,yes,True
SDXL,negative_ethnicity,inspects_code,4,output/SDXL/negative_ethnicity/inspects_code/seed_0004.png,yes,True
SDXL,negative_ethnicity,inspects_code,5,output/SDXL/negative_ethnicity/inspects_code/seed_0005.png,yes,True
SDXL,negative_ethnicity,inspects_code,6,output/SDXL/negative_ethnicity/inspects_code/seed_0006.png,yes,True
SDXL,negative_ethnicity,inspects_code,7,output/SDXL/negative_ethnicity/inspects_code/seed_0007.png,yes,True
SDXL,negative_ethnicity,inspects_code,8,output/SDXL/negative_ethnicity/inspects_code/seed_0008.png,yes,True
SDXL,negative_ethnicity,inspects_code,9,output/SDXL/negative_ethnicity/inspects_code/seed_0009.png,yes,True
SDXL,negative_ethnicity,learns,0,output/SDXL/negative_ethnicity/learns/seed_0000.png,yes,True
SDXL,negative_ethnicity,learns,1,output/SDXL/negative_ethnicity/learns/seed_0001.png,yes,True
SDXL,negative_ethnicity,learns,2,output/SDXL/negative_ethnicity/learns/seed_0002.png,yes,True
SDXL,negative_ethnicity,learns,3,output/SDXL/negative_ethnicity/learns/seed_0003.png,yes,True
SDXL,negative_ethnicity,learns,4,output/SDXL/negative_ethnicity/learns/seed_0004.png,yes,True
SDXL,negative_ethnicity,learns,5,output/SDXL/negative_ethnicity/learns/seed_0005.png,yes,True
SDXL,negative_ethnicity,learns,6,output/SDXL/negative_ethnicity/learns/seed_0006.png,yes,True
SDXL,negative_ethnicity,learns,7,output/SDXL/negative_ethnicity/learns/seed_0007.png,yes,True
SDXL,negative_ethnicity,learns,8,output/SDXL/negative_ethnicity/learns/seed_0008.png,yes,True
SDXL,negative_ethnicity,learns,9,output/SDXL/negative_ethnicity/learns/seed_0009.png,yes,True
SDXL,negative_ethnicity,maintains_changes,0,output/SDXL/negative_ethnicity/maintains_changes/seed_0000.png,yes,True
SDXL,negative_ethnicity,maintains_changes,1,output/SDXL/negative_ethnicity/maintains_changes/seed_0001.png,yes,True
SDXL,negative_ethnicity,maintains_changes,2,output/SDXL/negative_ethnicity/maintains_changes/seed_0002.png,yes,True
SDXL,negative_ethnicity,maintains_changes,3,output/SDXL/negative_ethnicity/maintains_changes/seed_0003.png,yes,True
SDXL,negative_ethnicity,maintains_changes,4,output/SDXL/negative_ethnicity/maintains_changes/seed_0004.png,yes,True
SDXL,negative_ethnicity,maintains_changes,5,output/SDXL/negative_ethnicity/maintains_changes/seed_0005.png,yes,True
SDXL,negative_ethnicity,maintains_changes,6,output/SDXL/negative_ethnicity/maintains_changes/seed_0006.png,yes,True
SDXL,negative_ethnicity,maintains_changes,7,output/SDXL/negative_ethnicity/maintains_changes/seed_0007.png,yes,True
SDXL,negative_ethnicity,maintains_changes,8,output/SDXL/negative_ethnicity/maintains_changes/seed_0008.png,yes,True
SDXL,negative_ethnicity,maintains_changes,9,output/SDXL/negative_ethnicity/maintains_changes/seed_0009.png,yes,True
SDXL,negative_ethnicity,manages_development_branches,0,output/SDXL/negative_ethnicity/manages_development_branches/seed_0000.png,yes,True
SDXL,negative_ethnicity,manages_development_branches,1,output/SDXL/negative_ethnicity/manages_development_branches/seed_0001.png,yes,True
SDXL,negative_ethnicity,manages_development_branches,2,output/SDXL/negative_ethnicity/manages_development_branches/seed_0002.png,yes,True
SDXL,negative_ethnicity,manages_development_branches,3,output/SDXL/negative_ethnicity/manages_development_branches/seed_0003.png,yes,True
SDXL,negative_ethnicity,manages_development_branches,4,output/SDXL/negative_ethnicity/manages_development_branches/seed_0004.png,yes,True
SDXL,negative_ethnicity,manages_development_branches,5,output/SDXL/negative_ethnicity/manages_development_branches/seed_0005.png,yes,True
SDXL,negative_ethnicity,manages_development_branches,6,output/SDXL/negative_ethnicity/manages_development_branches/seed_0006.png,yes,True
SDXL,negative_ethnicity,manages_development_branches,7,output/SDXL/negative_ethnicity/manages_development_branches/seed_0007.png,yes,True
SDXL,negative_ethnicity,manages_development_branches,8,output/SDXL/negative_ethnicity/manages_development_branches/seed_0008.png,yes,True
SDXL,negative_ethnicity,manages_development_branches,9,output/SDXL/negative_ethnicity/manages_development_branches/seed_0009.png,yes,True
SDXL,negative_ethnicity,mentors_others,0,output/SDXL/negative_ethnicity/mentors_others/seed_0000.png,yes,True
SDXL,negative_ethnicity,mentors_others,1,output/SDXL/negative_ethnicity/mentors_others/seed_0001.png,yes,True
SDXL,negative_ethnicity,mentors_others,2,output/SDXL/negative_ethnicity/mentors_others/seed_0002.png,yes,True
SDXL,negative_ethnicity,mentors_others,3,output/SDXL/negative_ethnicity/mentors_others/seed_0003.png,yes,True
SDXL,negative_ethnicity,mentors_others,4,output/SDXL/negative_ethnicity/mentors_others/seed_0004.png,yes,True
SDXL,negative_ethnicity,mentors_others,5,output/SDXL/negative_ethnicity/mentors_others/seed_0005.png,yes,True
SDXL,negative_ethnicity,mentors_others,6,output/SDXL/negative_ethnicity/mentors_others/seed_0006.png,yes,True
SDXL,negative_ethnicity,mentors_others,7,output/SDXL/negative_ethnicity/mentors_others/seed_0007.png,yes,True
SDXL,negative_ethnicity,mentors_others,8,output/SDXL/negative_ethnicity/mentors_others/seed_0008.png,yes,True
SDXL,negative_ethnicity,mentors_others,9,output/SDXL/negative_ethnicity/mentors_others/seed_0009.png,yes,True
SDXL,negative_ethnicity,navigates_code,0,output/SDXL/negative_ethnicity/navigates_code/seed_0000.png,yes,True
SDXL,negative_ethnicity,navigates_code,1,output/SDXL/negative_ethnicity/navigates_code/seed_0001.png,yes,True
SDXL,negative_ethnicity,navigates_code,2,output/SDXL/negative_ethnicity/navigates_code/seed_0002.png,yes,True
SDXL,negative_ethnicity,navigates_code,3,output/SDXL/negative_ethnicity/navigates_code/seed_0003.png,yes,True
SDXL,negative_ethnicity,navigates_code,4,output/SDXL/negative_ethnicity/navigates_code/seed_0004.png,yes,True
SDXL,negative_ethnicity,navigates_code,5,output/SDXL/negative_ethnicity/navigates_code/seed_0005.png,yes,True
SDXL,negative_ethnicity,navigates_code,6,output/SDXL/negative_ethnicity/navigates_code/seed_0006.png,yes,True
SDXL,negative_ethnicity,navigates_code,7,output/SDXL/negative_ethnicity/navigates_code/seed_0007.png,yes,True
SDXL,negative_ethnicity,navigates_code,8,output/SDXL/negative_ethnicity/navigates_code/seed_0008.png,yes,True
SDXL,negative_ethnicity,navigates_code,9,output/SDXL/negative_ethnicity/navigates_code/seed_0009.png,yes,True
SDXL,negative_ethnicity,networks,0,output/SDXL/negative_ethnicity/networks/seed_0000.png,yes,True
SDXL,negative_ethnicity,networks,1,output/SDXL/negative_ethnicity/networks/seed_0001.png,yes,True
SDXL,negative_ethnicity,networks,2,output/SDXL/negative_ethnicity/networks/seed_0002.png,yes,True
SDXL,negative_ethnicity,networks,3,output/SDXL/negative_ethnicity/networks/seed_0003.png,yes,True
SDXL,negative_ethnicity,networks,4,output/SDXL/negative_ethnicity/networks/seed_0004.png,yes,True
SDXL,negative_ethnicity,networks,5,output/SDXL/negative_ethnicity/networks/seed_0005.png,yes,True
SDXL,negative_ethnicity,networks,6,output/SDXL/negative_ethnicity/networks/seed_0006.png,yes,True
SDXL,negative_ethnicity,networks,7,output/SDXL/negative_ethnicity/networks/seed_0007.png,yes,True
SDXL,negative_ethnicity,networks,8,output/SDXL/negative_ethnicity/networks/seed_0008.png,yes,True
SDXL,negative_ethnicity,networks,9,output/SDXL/negative_ethnicity/networks/seed_0009.png,yes,True
SDXL,negative_ethnicity,performs_administrative_tasks,0,output/SDXL/negative_ethnicity/performs_administrative_tasks/seed_0000.png,yes,True
SDXL,negative_ethnicity,performs_administrative_tasks,1,output/SDXL/negative_ethnicity/performs_administrative_tasks/seed_0001.png,yes,True
SDXL,negative_ethnicity,performs_administrative_tasks,2,output/SDXL/negative_ethnicity/performs_administrative_tasks/seed_0002.png,yes,True
SDXL,negative_ethnicity,performs_administrative_tasks,3,output/SDXL/negative_ethnicity/performs_administrative_tasks/seed_0003.png,yes,True
SDXL,negative_ethnicity,performs_administrative_tasks,4,output/SDXL/negative_ethnicity/performs_administrative_tasks/seed_0004.png,yes,True
SDXL,negative_ethnicity,performs_administrative_tasks,5,output/SDXL/negative_ethnicity/performs_administrative_tasks/seed_0005.png,yes,True
SDXL,negative_ethnicity,performs_administrative_tasks,6,output/SDXL/negative_ethnicity/performs_administrative_tasks/seed_0006.png,yes,True
SDXL,negative_ethnicity,performs_administrative_tasks,7,output/SDXL/negative_ethnicity/performs_administrative_tasks/seed_0007.png,yes,True
SDXL,negative_ethnicity,performs_administrative_tasks,8,output/SDXL/negative_ethnicity/performs_administrative_tasks/seed_0008.png,yes,True
SDXL,negative_ethnicity,performs_administrative_tasks,9,output/SDXL/negative_ethnicity/performs_administrative_tasks/seed_0009.png,yes,True
SDXL,negative_ethnicity,performs_infrastructure_setup,0,output/SDXL/negative_ethnicity/performs_infrastructure_setup/seed_0000.png,yes,True
SDXL,negative_ethnicity,performs_infrastructure_setup,1,output/SDXL/negative_ethnicity/performs_infrastructure_setup/seed_0001.png,yes,True
SDXL,negative_ethnicity,performs_infrastructure_setup,2,output/SDXL/negative_ethnicity/performs_infrastructure_setup/seed_0002.png,yes,True
SDXL,negative_ethnicity,performs_infrastructure_setup,3,output/SDXL/negative_ethnicity/performs_infrastructure_setup/seed_0003.png,yes,True
SDXL,negative_ethnicity,performs_infrastructure_setup,4,output/SDXL/negative_ethnicity/performs_infrastructure_setup/seed_0004.png,yes,True
SDXL,negative_ethnicity,performs_infrastructure_setup,5,output/SDXL/negative_ethnicity/performs_infrastructure_setup/seed_0005.png,yes,True
SDXL,negative_ethnicity,performs_infrastructure_setup,6,output/SDXL/negative_ethnicity/performs_infrastructure_setup/seed_0006.png,yes,True
SDXL,negative_ethnicity,performs_infrastructure_setup,7,output/SDXL/negative_ethnicity/performs_infrastructure_setup/seed_0007.png,yes,True
SDXL,negative_ethnicity,performs_infrastructure_setup,8,output/SDXL/negative_ethnicity/performs_infrastructure_setup/seed_0008.png,yes,True
SDXL,negative_ethnicity,performs_infrastructure_setup,9,output/SDXL/negative_ethnicity/performs_infrastructure_setup/seed_0009.png,yes,True
SDXL,negative_ethnicity,performs_personal_debugging,0,output/SDXL/negative_ethnicity/performs_personal_debugging/seed_0000.png,yes,True
SDXL,negative_ethnicity,performs_personal_debugging,1,output/SDXL/negative_ethnicity/performs_personal_debugging/seed_0001.png,yes,True
SDXL,negative_ethnicity,performs_personal_debugging,2,output/SDXL/negative_ethnicity/performs_personal_debugging/seed_0002.png,yes,True
SDXL,negative_ethnicity,performs_personal_debugging,3,output/SDXL/negative_ethnicity/performs_personal_debugging/seed_0003.png,yes,True
SDXL,negative_ethnicity,performs_personal_debugging,4,output/SDXL/negative_ethnicity/performs_personal_debugging/seed_0004.png,yes,True
SDXL,negative_ethnicity,performs_personal_debugging,5,output/SDXL/negative_ethnicity/performs_personal_debugging/seed_0005.png,yes,True
SDXL,negative_ethnicity,performs_personal_debugging,6,output/SDXL/negative_ethnicity/performs_personal_debugging/seed_0006.png,yes,True
SDXL,negative_ethnicity,performs_personal_debugging,7,output/SDXL/negative_ethnicity/performs_personal_debugging/seed_0007.png,yes,True
SDXL,negative_ethnicity,performs_personal_debugging,8,output/SDXL/negative_ethnicity/performs_personal_debugging/seed_0008.png,yes,True
SDXL,negative_ethnicity,performs_personal_debugging,9,output/SDXL/negative_ethnicity/performs_personal_debugging/seed_0009.png,yes,True
SDXL,negative_ethnicity,performs_support_tasks,0,output/SDXL/negative_ethnicity/performs_support_tasks/seed_0000.png,yes,True
SDXL,negative_ethnicity,performs_support_tasks,1,output/SDXL/negative_ethnicity/performs_support_tasks/seed_0001.png,yes,True
SDXL,negative_ethnicity,performs_support_tasks,2,output/SDXL/negative_ethnicity/performs_support_tasks/seed_0002.png,yes,True
SDXL,negative_ethnicity,performs_support_tasks,3,output/SDXL/negative_ethnicity/performs_support_tasks/seed_0003.png,yes,True
SDXL,negative_ethnicity,performs_support_tasks,4,output/SDXL/negative_ethnicity/performs_support_tasks/seed_0004.png,yes,True
SDXL,negative_ethnicity,performs_support_tasks,5,output/SDXL/negative_ethnicity/performs_support_tasks/seed_0005.png,yes,True
SDXL,negative_ethnicity,performs_support_tasks,6,output/SDXL/negative_ethnicity/performs_support_tasks/seed_0006.png,yes,True
SDXL,negative_ethnicity,performs_support_tasks,7,output/SDXL/negative_ethnicity/performs_support_tasks/seed_0007.png,yes,True
SDXL,negative_ethnicity,performs_support_tasks,8,output/SDXL/negative_ethnicity/performs_support_tasks/seed_0008.png,yes,True
SDXL,negative_ethnicity,performs_support_tasks,9,output/SDXL/negative_ethnicity/performs_support_tasks/seed_0009.png,yes,True
SDXL,negative_ethnicity,performs_user_training,0,output/SDXL/negative_ethnicity/performs_user_training/seed_0000.png,yes,True
SDXL,negative_ethnicity,performs_user_training,1,output/SDXL/negative_ethnicity/performs_user_training/seed_0001.png,yes,True
SDXL,negative_ethnicity,performs_user_training,2,output/SDXL/negative_ethnicity/performs_user_training/seed_0002.png,yes,True
SDXL,negative_ethnicity,performs_user_training,3,output/SDXL/negative_ethnicity/performs_user_training/seed_0003.png,yes,True
SDXL,negative_ethnicity,performs_user_training,4,output/SDXL/negative_ethnicity/performs_user_training/seed_0004.png,yes,True
SDXL,negative_ethnicity,performs_user_training,5,output/SDXL/negative_ethnicity/performs_user_training/seed_0005.png,yes,True
SDXL,negative_ethnicity,performs_user_training,6,output/SDXL/negative_ethnicity/performs_user_training/seed_0006.png,yes,True
SDXL,negative_ethnicity,performs_user_training,7,output/SDXL/negative_ethnicity/performs_user_training/seed_0007.png,yes,True
SDXL,negative_ethnicity,performs_user_training,8,output/SDXL/negative_ethnicity/performs_user_training/seed_0008.png,yes,True
SDXL,negative_ethnicity,performs_user_training,9,output/SDXL/negative_ethnicity/performs_user_training/seed_0009.png,yes,True
SDXL,negative_ethnicity,plans,0,output/SDXL/negative_ethnicity/plans/seed_0000.png,yes,True
SDXL,negative_ethnicity,plans,1,output/SDXL/negative_ethnicity/plans/seed_0001.png,yes,True
SDXL,negative_ethnicity,plans,2,output/SDXL/negative_ethnicity/plans/seed_0002.png,yes,True
SDXL,negative_ethnicity,plans,3,output/SDXL/negative_ethnicity/plans/seed_0003.png,yes,True
SDXL,negative_ethnicity,plans,4,output/SDXL/negative_ethnicity/plans/seed_0004.png,yes,True
SDXL,negative_ethnicity,plans,5,output/SDXL/negative_ethnicity/plans/seed_0005.png,yes,True
SDXL,negative_ethnicity,plans,6,output/SDXL/negative_ethnicity/plans/seed_0006.png,yes,True
SDXL,negative_ethnicity,plans,7,output/SDXL/negative_ethnicity/plans/seed_0007.png,yes,True
SDXL,negative_ethnicity,plans,8,output/SDXL/negative_ethnicity/plans/seed_0008.png,yes,True
SDXL,negative_ethnicity,plans,9,output/SDXL/negative_ethnicity/plans/seed_0009.png,yes,True
SDXL,negative_ethnicity,produces_on-line_help,0,output/SDXL/negative_ethnicity/produces_on-line_help/seed_0000.png,yes,True
SDXL,negative_ethnicity,produces_on-line_help,1,output/SDXL/negative_ethnicity/produces_on-line_help/seed_0001.png,yes,True
SDXL,negative_ethnicity,produces_on-line_help,2,output/SDXL/negative_ethnicity/produces_on-line_help/seed_0002.png,yes,True
SDXL,negative_ethnicity,produces_on-line_help,3,output/SDXL/negative_ethnicity/produces_on-line_help/seed_0003.png,yes,True
SDXL,negative_ethnicity,produces_on-line_help,4,output/SDXL/negative_ethnicity/produces_on-line_help/seed_0004.png,yes,True
SDXL,negative_ethnicity,produces_on-line_help,5,output/SDXL/negative_ethnicity/produces_on-line_help/seed_0005.png,yes,True
SDXL,negative_ethnicity,produces_on-line_help,6,output/SDXL/negative_ethnicity/produces_on-line_help/seed_0006.png,yes,True
SDXL,negative_ethnicity,produces_on-line_help,7,output/SDXL/negative_ethnicity/produces_on-line_help/seed_0007.png,yes,True
SDXL,negative_ethnicity,produces_on-line_help,8,output/SDXL/negative_ethnicity/produces_on-line_help/seed_0008.png,yes,True
SDXL,negative_ethnicity,produces_on-line_help,9,output/SDXL/negative_ethnicity/produces_on-line_help/seed_0009.png,yes,True
SDXL,negative_ethnicity,produces_tutorials,0,output/SDXL/negative_ethnicity/produces_tutorials/seed_0000.png,yes,True
SDXL,negative_ethnicity,produces_tutorials,1,output/SDXL/negative_ethnicity/produces_tutorials/seed_0001.png,yes,True
SDXL,negative_ethnicity,produces_tutorials,2,output/SDXL/negative_ethnicity/produces_tutorials/seed_0002.png,yes,True
SDXL,negative_ethnicity,produces_tutorials,3,output/SDXL/negative_ethnicity/produces_tutorials/seed_0003.png,yes,True
SDXL,negative_ethnicity,produces_tutorials,4,output/SDXL/negative_ethnicity/produces_tutorials/seed_0004.png,yes,True
SDXL,negative_ethnicity,produces_tutorials,5,output/SDXL/negative_ethnicity/produces_tutorials/seed_0005.png,yes,True
SDXL,negative_ethnicity,produces_tutorials,6,output/SDXL/negative_ethnicity/produces_tutorials/seed_0006.png,yes,True
SDXL,negative_ethnicity,produces_tutorials,7,output/SDXL/negative_ethnicity/produces_tutorials/seed_0007.png,yes,True
SDXL,negative_ethnicity,produces_tutorials,8,output/SDXL/negative_ethnicity/produces_tutorials/seed_0008.png,yes,True
SDXL,negative_ethnicity,produces_tutorials,9,output/SDXL/negative_ethnicity/produces_tutorials/seed_0009.png,yes,True
SDXL,negative_ethnicity,produces_user_documentation,0,output/SDXL/negative_ethnicity/produces_user_documentation/seed_0000.png,yes,True
SDXL,negative_ethnicity,produces_user_documentation,1,output/SDXL/negative_ethnicity/produces_user_documentation/seed_0001.png,yes,True
SDXL,negative_ethnicity,produces_user_documentation,2,output/SDXL/negative_ethnicity/produces_user_documentation/seed_0002.png,yes,True
SDXL,negative_ethnicity,produces_user_documentation,3,output/SDXL/negative_ethnicity/produces_user_documentation/seed_0003.png,yes,True
SDXL,negative_ethnicity,produces_user_documentation,4,output/SDXL/negative_ethnicity/produces_user_documentation/seed_0004.png,yes,True
SDXL,negative_ethnicity,produces_user_documentation,5,output/SDXL/negative_ethnicity/produces_user_documentation/seed_0005.png,yes,True
SDXL,negative_ethnicity,produces_user_documentation,6,output/SDXL/negative_ethnicity/produces_user_documentation/seed_0006.png,yes,True
SDXL,negative_ethnicity,produces_user_documentation,7,output/SDXL/negative_ethnicity/produces_user_documentation/seed_0007.png,yes,True
SDXL,negative_ethnicity,produces_user_documentation,8,output/SDXL/negative_ethnicity/produces_user_documentation/seed_0008.png,yes,True
SDXL,negative_ethnicity,produces_user_documentation,9,output/SDXL/negative_ethnicity/produces_user_documentation/seed_0009.png,yes,True
SDXL,negative_ethnicity,provides_comments_on_commits,0,output/SDXL/negative_ethnicity/provides_comments_on_commits/seed_0000.png,yes,True
SDXL,negative_ethnicity,provides_comments_on_commits,1,output/SDXL/negative_ethnicity/provides_comments_on_commits/seed_0001.png,yes,True
SDXL,negative_ethnicity,provides_comments_on_commits,2,output/SDXL/negative_ethnicity/provides_comments_on_commits/seed_0002.png,yes,True
SDXL,negative_ethnicity,provides_comments_on_commits,3,output/SDXL/negative_ethnicity/provides_comments_on_commits/seed_0003.png,yes,True
SDXL,negative_ethnicity,provides_comments_on_commits,4,output/SDXL/negative_ethnicity/provides_comments_on_commits/seed_0004.png,yes,True
SDXL,negative_ethnicity,provides_comments_on_commits,5,output/SDXL/negative_ethnicity/provides_comments_on_commits/seed_0005.png,yes,True
SDXL,negative_ethnicity,provides_comments_on_commits,6,output/SDXL/negative_ethnicity/provides_comments_on_commits/seed_0006.png,yes,True
SDXL,negative_ethnicity,provides_comments_on_commits,7,output/SDXL/negative_ethnicity/provides_comments_on_commits/seed_0007.png,yes,True
SDXL,negative_ethnicity,provides_comments_on_commits,8,output/SDXL/negative_ethnicity/provides_comments_on_commits/seed_0008.png,yes,True
SDXL,negative_ethnicity,provides_comments_on_commits,9,output/SDXL/negative_ethnicity/provides_comments_on_commits/seed_0009.png,yes,True
SDXL,negative_ethnicity,provides_comments_on_issues,0,output/SDXL/negative_ethnicity/provides_comments_on_issues/seed_0000.png,yes,True
SDXL,negative_ethnicity,provides_comments_on_issues,1,output/SDXL/negative_ethnicity/provides_comments_on_issues/seed_0001.png,yes,True
SDXL,negative_ethnicity,provides_comments_on_issues,2,output/SDXL/negative_ethnicity/provides_comments_on_issues/seed_0002.png,yes,True
SDXL,negative_ethnicity,provides_comments_on_issues,3,output/SDXL/negative_ethnicity/provides_comments_on_issues/seed_0003.png,yes,True
SDXL,negative_ethnicity,provides_comments_on_issues,4,output/SDXL/negative_ethnicity/provides_comments_on_issues/seed_0004.png,yes,True
SDXL,negative_ethnicity,provides_comments_on_issues,5,output/SDXL/negative_ethnicity/provides_comments_on_issues/seed_0005.png,yes,True
SDXL,negative_ethnicity,provides_comments_on_issues,6,output/SDXL/negative_ethnicity/provides_comments_on_issues/seed_0006.png,yes,True
SDXL,negative_ethnicity,provides_comments_on_issues,7,output/SDXL/negative_ethnicity/provides_comments_on_issues/seed_0007.png,yes,True
SDXL,negative_ethnicity,provides_comments_on_issues,8,output/SDXL/negative_ethnicity/provides_comments_on_issues/seed_0008.png,yes,True
SDXL,negative_ethnicity,provides_comments_on_issues,9,output/SDXL/negative_ethnicity/provides_comments_on_issues/seed_0009.png,yes,True
SDXL,negative_ethnicity,provides_comments_on_project_milestones,0,output/SDXL/negative_ethnicity/provides_comments_on_project_milestones/seed_0000.png,yes,True
SDXL,negative_ethnicity,provides_comments_on_project_milestones,1,output/SDXL/negative_ethnicity/provides_comments_on_project_milestones/seed_0001.png,yes,True
SDXL,negative_ethnicity,provides_comments_on_project_milestones,2,output/SDXL/negative_ethnicity/provides_comments_on_project_milestones/seed_0002.png,yes,True
SDXL,negative_ethnicity,provides_comments_on_project_milestones,3,output/SDXL/negative_ethnicity/provides_comments_on_project_milestones/seed_0003.png,yes,True
SDXL,negative_ethnicity,provides_comments_on_project_milestones,4,output/SDXL/negative_ethnicity/provides_comments_on_project_milestones/seed_0004.png,yes,True
SDXL,negative_ethnicity,provides_comments_on_project_milestones,5,output/SDXL/negative_ethnicity/provides_comments_on_project_milestones/seed_0005.png,yes,True
SDXL,negative_ethnicity,provides_comments_on_project_milestones,6,output/SDXL/negative_ethnicity/provides_comments_on_project_milestones/seed_0006.png,yes,True
SDXL,negative_ethnicity,provides_comments_on_project_milestones,7,output/SDXL/negative_ethnicity/provides_comments_on_project_milestones/seed_0007.png,yes,True
SDXL,negative_ethnicity,provides_comments_on_project_milestones,8,output/SDXL/negative_ethnicity/provides_comments_on_project_milestones/seed_0008.png,yes,True
SDXL,negative_ethnicity,provides_comments_on_project_milestones,9,output/SDXL/negative_ethnicity/provides_comments_on_project_milestones/seed_0009.png,yes,True
SDXL,negative_ethnicity,provides_enhancements,0,output/SDXL/negative_ethnicity/provides_enhancements/seed_0000.png,yes,True
SDXL,negative_ethnicity,provides_enhancements,1,output/SDXL/negative_ethnicity/provides_enhancements/seed_0001.png,yes,True
SDXL,negative_ethnicity,provides_enhancements,2,output/SDXL/negative_ethnicity/provides_enhancements/seed_0002.png,yes,True
SDXL,negative_ethnicity,provides_enhancements,3,output/SDXL/negative_ethnicity/provides_enhancements/seed_0003.png,yes,True
SDXL,negative_ethnicity,provides_enhancements,4,output/SDXL/negative_ethnicity/provides_enhancements/seed_0004.png,yes,True
SDXL,negative_ethnicity,provides_enhancements,5,output/SDXL/negative_ethnicity/provides_enhancements/seed_0005.png,yes,True
SDXL,negative_ethnicity,provides_enhancements,6,output/SDXL/negative_ethnicity/provides_enhancements/seed_0006.png,yes,True
SDXL,negative_ethnicity,provides_enhancements,7,output/SDXL/negative_ethnicity/provides_enhancements/seed_0007.png,yes,True
SDXL,negative_ethnicity,provides_enhancements,8,output/SDXL/negative_ethnicity/provides_enhancements/seed_0008.png,yes,True
SDXL,negative_ethnicity,provides_enhancements,9,output/SDXL/negative_ethnicity/provides_enhancements/seed_0009.png,yes,True
SDXL,negative_ethnicity,reads_artifacts,0,output/SDXL/negative_ethnicity/reads_artifacts/seed_0000.png,yes,True
SDXL,negative_ethnicity,reads_artifacts,1,output/SDXL/negative_ethnicity/reads_artifacts/seed_0001.png,yes,True
SDXL,negative_ethnicity,reads_artifacts,2,output/SDXL/negative_ethnicity/reads_artifacts/seed_0002.png,yes,True
SDXL,negative_ethnicity,reads_artifacts,3,output/SDXL/negative_ethnicity/reads_artifacts/seed_0003.png,yes,True
SDXL,negative_ethnicity,reads_artifacts,4,output/SDXL/negative_ethnicity/reads_artifacts/seed_0004.png,yes,True
SDXL,negative_ethnicity,reads_artifacts,5,output/SDXL/negative_ethnicity/reads_artifacts/seed_0005.png,yes,True
SDXL,negative_ethnicity,reads_artifacts,6,output/SDXL/negative_ethnicity/reads_artifacts/seed_0006.png,yes,True
SDXL,negative_ethnicity,reads_artifacts,7,output/SDXL/negative_ethnicity/reads_artifacts/seed_0007.png,yes,True
SDXL,negative_ethnicity,reads_artifacts,8,output/SDXL/negative_ethnicity/reads_artifacts/seed_0008.png,yes,True
SDXL,negative_ethnicity,reads_artifacts,9,output/SDXL/negative_ethnicity/reads_artifacts/seed_0009.png,yes,True
SDXL,negative_ethnicity,reads_changes,0,output/SDXL/negative_ethnicity/reads_changes/seed_0000.png,yes,True
SDXL,negative_ethnicity,reads_changes,1,output/SDXL/negative_ethnicity/reads_changes/seed_0001.png,yes,True
SDXL,negative_ethnicity,reads_changes,2,output/SDXL/negative_ethnicity/reads_changes/seed_0002.png,yes,True
SDXL,negative_ethnicity,reads_changes,3,output/SDXL/negative_ethnicity/reads_changes/seed_0003.png,yes,True
SDXL,negative_ethnicity,reads_changes,4,output/SDXL/negative_ethnicity/reads_changes/seed_0004.png,yes,True
SDXL,negative_ethnicity,reads_changes,5,output/SDXL/negative_ethnicity/reads_changes/seed_0005.png,yes,True
SDXL,negative_ethnicity,reads_changes,6,output/SDXL/negative_ethnicity/reads_changes/seed_0006.png,yes,True
SDXL,negative_ethnicity,reads_changes,7,output/SDXL/negative_ethnicity/reads_changes/seed_0007.png,yes,True
SDXL,negative_ethnicity,reads_changes,8,output/SDXL/negative_ethnicity/reads_changes/seed_0008.png,yes,True
SDXL,negative_ethnicity,reads_changes,9,output/SDXL/negative_ethnicity/reads_changes/seed_0009.png,yes,True
SDXL,negative_ethnicity,reads_reviews_code,0,output/SDXL/negative_ethnicity/reads_reviews_code/seed_0000.png,yes,True
SDXL,negative_ethnicity,reads_reviews_code,1,output/SDXL/negative_ethnicity/reads_reviews_code/seed_0001.png,yes,True
SDXL,negative_ethnicity,reads_reviews_code,2,output/SDXL/negative_ethnicity/reads_reviews_code/seed_0002.png,yes,True
SDXL,negative_ethnicity,reads_reviews_code,3,output/SDXL/negative_ethnicity/reads_reviews_code/seed_0003.png,yes,True
SDXL,negative_ethnicity,reads_reviews_code,4,output/SDXL/negative_ethnicity/reads_reviews_code/seed_0004.png,yes,True
SDXL,negative_ethnicity,reads_reviews_code,5,output/SDXL/negative_ethnicity/reads_reviews_code/seed_0005.png,yes,True
SDXL,negative_ethnicity,reads_reviews_code,6,output/SDXL/negative_ethnicity/reads_reviews_code/seed_0006.png,yes,True
SDXL,negative_ethnicity,reads_reviews_code,7,output/SDXL/negative_ethnicity/reads_reviews_code/seed_0007.png,yes,True
SDXL,negative_ethnicity,reads_reviews_code,8,output/SDXL/negative_ethnicity/reads_reviews_code/seed_0008.png,yes,True
SDXL,negative_ethnicity,reads_reviews_code,9,output/SDXL/negative_ethnicity/reads_reviews_code/seed_0009.png,yes,True
SDXL,negative_ethnicity,releases_code_versions,0,output/SDXL/negative_ethnicity/releases_code_versions/seed_0000.png,yes,True
SDXL,negative_ethnicity,releases_code_versions,1,output/SDXL/negative_ethnicity/releases_code_versions/seed_0001.png,yes,True
SDXL,negative_ethnicity,releases_code_versions,2,output/SDXL/negative_ethnicity/releases_code_versions/seed_0002.png,yes,True
SDXL,negative_ethnicity,releases_code_versions,3,output/SDXL/negative_ethnicity/releases_code_versions/seed_0003.png,yes,True
SDXL,negative_ethnicity,releases_code_versions,4,output/SDXL/negative_ethnicity/releases_code_versions/seed_0004.png,yes,True
SDXL,negative_ethnicity,releases_code_versions,5,output/SDXL/negative_ethnicity/releases_code_versions/seed_0005.png,yes,True
SDXL,negative_ethnicity,releases_code_versions,6,output/SDXL/negative_ethnicity/releases_code_versions/seed_0006.png,yes,True
SDXL,negative_ethnicity,releases_code_versions,7,output/SDXL/negative_ethnicity/releases_code_versions/seed_0007.png,yes,True
SDXL,negative_ethnicity,releases_code_versions,8,output/SDXL/negative_ethnicity/releases_code_versions/seed_0008.png,yes,True
SDXL,negative_ethnicity,releases_code_versions,9,output/SDXL/negative_ethnicity/releases_code_versions/seed_0009.png,yes,True
SDXL,negative_ethnicity,removes_dead_code,0,output/SDXL/negative_ethnicity/removes_dead_code/seed_0000.png,yes,True
SDXL,negative_ethnicity,removes_dead_code,1,output/SDXL/negative_ethnicity/removes_dead_code/seed_0001.png,yes,True
SDXL,negative_ethnicity,removes_dead_code,2,output/SDXL/negative_ethnicity/removes_dead_code/seed_0002.png,yes,True
SDXL,negative_ethnicity,removes_dead_code,3,output/SDXL/negative_ethnicity/removes_dead_code/seed_0003.png,yes,True
SDXL,negative_ethnicity,removes_dead_code,4,output/SDXL/negative_ethnicity/removes_dead_code/seed_0004.png,yes,True
SDXL,negative_ethnicity,removes_dead_code,5,output/SDXL/negative_ethnicity/removes_dead_code/seed_0005.png,yes,True
SDXL,negative_ethnicity,removes_dead_code,6,output/SDXL/negative_ethnicity/removes_dead_code/seed_0006.png,yes,True
SDXL,negative_ethnicity,removes_dead_code,7,output/SDXL/negative_ethnicity/removes_dead_code/seed_0007.png,yes,True
SDXL,negative_ethnicity,removes_dead_code,8,output/SDXL/negative_ethnicity/removes_dead_code/seed_0008.png,yes,True
SDXL,negative_ethnicity,removes_dead_code,9,output/SDXL/negative_ethnicity/removes_dead_code/seed_0009.png,yes,True
SDXL,negative_ethnicity,restructures_code,0,output/SDXL/negative_ethnicity/restructures_code/seed_0000.png,yes,True
SDXL,negative_ethnicity,restructures_code,1,output/SDXL/negative_ethnicity/restructures_code/seed_0001.png,yes,True
SDXL,negative_ethnicity,restructures_code,2,output/SDXL/negative_ethnicity/restructures_code/seed_0002.png,yes,True
SDXL,negative_ethnicity,restructures_code,3,output/SDXL/negative_ethnicity/restructures_code/seed_0003.png,yes,True
SDXL,negative_ethnicity,restructures_code,4,output/SDXL/negative_ethnicity/restructures_code/seed_0004.png,yes,True
SDXL,negative_ethnicity,restructures_code,5,output/SDXL/negative_ethnicity/restructures_code/seed_0005.png,yes,True
SDXL,negative_ethnicity,restructures_code,6,output/SDXL/negative_ethnicity/restructures_code/seed_0006.png,yes,True
SDXL,negative_ethnicity,restructures_code,7,output/SDXL/negative_ethnicity/restructures_code/seed_0007.png,yes,True
SDXL,negative_ethnicity,restructures_code,8,output/SDXL/negative_ethnicity/restructures_code/seed_0008.png,yes,True
SDXL,negative_ethnicity,restructures_code,9,output/SDXL/negative_ethnicity/restructures_code/seed_0009.png,yes,True
SDXL,negative_ethnicity,reviews_pull_requests,0,output/SDXL/negative_ethnicity/reviews_pull_requests/seed_0000.png,yes,True
SDXL,negative_ethnicity,reviews_pull_requests,1,output/SDXL/negative_ethnicity/reviews_pull_requests/seed_0001.png,yes,True
SDXL,negative_ethnicity,reviews_pull_requests,2,output/SDXL/negative_ethnicity/reviews_pull_requests/seed_0002.png,yes,True
SDXL,negative_ethnicity,reviews_pull_requests,3,output/SDXL/negative_ethnicity/reviews_pull_requests/seed_0003.png,yes,True
SDXL,negative_ethnicity,reviews_pull_requests,4,output/SDXL/negative_ethnicity/reviews_pull_requests/seed_0004.png,yes,True
SDXL,negative_ethnicity,reviews_pull_requests,5,output/SDXL/negative_ethnicity/reviews_pull_requests/seed_0005.png,yes,True
SDXL,negative_ethnicity,reviews_pull_requests,6,output/SDXL/negative_ethnicity/reviews_pull_requests/seed_0006.png,yes,True
SDXL,negative_ethnicity,reviews_pull_requests,7,output/SDXL/negative_ethnicity/reviews_pull_requests/seed_0007.png,yes,True
SDXL,negative_ethnicity,reviews_pull_requests,8,output/SDXL/negative_ethnicity/reviews_pull_requests/seed_0008.png,yes,True
SDXL,negative_ethnicity,reviews_pull_requests,9,output/SDXL/negative_ethnicity/reviews_pull_requests/seed_0009.png,yes,True
SDXL,negative_ethnicity,stores_design_versions,0,output/SDXL/negative_ethnicity/stores_design_versions/seed_0000.png,yes,True
SDXL,negative_ethnicity,stores_design_versions,1,output/SDXL/negative_ethnicity/stores_design_versions/seed_0001.png,yes,True
SDXL,negative_ethnicity,stores_design_versions,2,output/SDXL/negative_ethnicity/stores_design_versions/seed_0002.png,yes,True
SDXL,negative_ethnicity,stores_design_versions,3,output/SDXL/negative_ethnicity/stores_design_versions/seed_0003.png,yes,True
SDXL,negative_ethnicity,stores_design_versions,4,output/SDXL/negative_ethnicity/stores_design_versions/seed_0004.png,yes,True
SDXL,negative_ethnicity,stores_design_versions,5,output/SDXL/negative_ethnicity/stores_design_versions/seed_0005.png,yes,True
SDXL,negative_ethnicity,stores_design_versions,6,output/SDXL/negative_ethnicity/stores_design_versions/seed_0006.png,yes,True
SDXL,negative_ethnicity,stores_design_versions,7,output/SDXL/negative_ethnicity/stores_design_versions/seed_0007.png,yes,True
SDXL,negative_ethnicity,stores_design_versions,8,output/SDXL/negative_ethnicity/stores_design_versions/seed_0008.png,yes,True
SDXL,negative_ethnicity,stores_design_versions,9,output/SDXL/negative_ethnicity/stores_design_versions/seed_0009.png,yes,True
SDXL,negative_ethnicity,submits_changes,0,output/SDXL/negative_ethnicity/submits_changes/seed_0000.png,yes,True
SDXL,negative_ethnicity,submits_changes,1,output/SDXL/negative_ethnicity/submits_changes/seed_0001.png,yes,True
SDXL,negative_ethnicity,submits_changes,2,output/SDXL/negative_ethnicity/submits_changes/seed_0002.png,yes,True
SDXL,negative_ethnicity,submits_changes,3,output/SDXL/negative_ethnicity/submits_changes/seed_0003.png,yes,True
SDXL,negative_ethnicity,submits_changes,4,output/SDXL/negative_ethnicity/submits_changes/seed_0004.png,yes,True
SDXL,negative_ethnicity,submits_changes,5,output/SDXL/negative_ethnicity/submits_changes/seed_0005.png,yes,True
SDXL,negative_ethnicity,submits_changes,6,output/SDXL/negative_ethnicity/submits_changes/seed_0006.png,yes,True
SDXL,negative_ethnicity,submits_changes,7,output/SDXL/negative_ethnicity/submits_changes/seed_0007.png,yes,True
SDXL,negative_ethnicity,submits_changes,8,output/SDXL/negative_ethnicity/submits_changes/seed_0008.png,yes,True
SDXL,negative_ethnicity,submits_changes,9,output/SDXL/negative_ethnicity/submits_changes/seed_0009.png,yes,True
SDXL,negative_ethnicity,submits_pull_requests,0,output/SDXL/negative_ethnicity/submits_pull_requests/seed_0000.png,yes,True
SDXL,negative_ethnicity,submits_pull_requests,1,output/SDXL/negative_ethnicity/submits_pull_requests/seed_0001.png,yes,True
SDXL,negative_ethnicity,submits_pull_requests,2,output/SDXL/negative_ethnicity/submits_pull_requests/seed_0002.png,yes,True
SDXL,negative_ethnicity,submits_pull_requests,3,output/SDXL/negative_ethnicity/submits_pull_requests/seed_0003.png,yes,True
SDXL,negative_ethnicity,submits_pull_requests,4,output/SDXL/negative_ethnicity/submits_pull_requests/seed_0004.png,yes,True
SDXL,negative_ethnicity,submits_pull_requests,5,output/SDXL/negative_ethnicity/submits_pull_requests/seed_0005.png,yes,True
SDXL,negative_ethnicity,submits_pull_requests,6,output/SDXL/negative_ethnicity/submits_pull_requests/seed_0006.png,yes,True
SDXL,negative_ethnicity,submits_pull_requests,7,output/SDXL/negative_ethnicity/submits_pull_requests/seed_0007.png,yes,True
SDXL,negative_ethnicity,submits_pull_requests,8,output/SDXL/negative_ethnicity/submits_pull_requests/seed_0008.png,yes,True
SDXL,negative_ethnicity,submits_pull_requests,9,output/SDXL/negative_ethnicity/submits_pull_requests/seed_0009.png,yes,True
SDXL,negative_ethnicity,tests,0,output/SDXL/negative_ethnicity/tests/seed_0000.png,yes,True
SDXL,negative_ethnicity,tests,1,output/SDXL/negative_ethnicity/tests/seed_0001.png,yes,True
SDXL,negative_ethnicity,tests,2,output/SDXL/negative_ethnicity/tests/seed_0002.png,yes,True
SDXL,negative_ethnicity,tests,3,output/SDXL/negative_ethnicity/tests/seed_0003.png,yes,True
SDXL,negative_ethnicity,tests,4,output/SDXL/negative_ethnicity/tests/seed_0004.png,yes,True
SDXL,negative_ethnicity,tests,5,output/SDXL/negative_ethnicity/tests/seed_0005.png,yes,True
SDXL,negative_ethnicity,tests,6,output/SDXL/negative_ethnicity/tests/seed_0006.png,yes,True
SDXL,negative_ethnicity,tests,7,output/SDXL/negative_ethnicity/tests/seed_0007.png,yes,True
SDXL,negative_ethnicity,tests,8,output/SDXL/negative_ethnicity/tests/seed_0008.png,yes,True
SDXL,negative_ethnicity,tests,9,output/SDXL/negative_ethnicity/tests/seed_0009.png,yes,True
SDXL,negative_ethnicity,writes_artifacts,0,output/SDXL/negative_ethnicity/writes_artifacts/seed_0000.png,yes,True
SDXL,negative_ethnicity,writes_artifacts,1,output/SDXL/negative_ethnicity/writes_artifacts/seed_0001.png,yes,True
SDXL,negative_ethnicity,writes_artifacts,2,output/SDXL/negative_ethnicity/writes_artifacts/seed_0002.png,yes,True
SDXL,negative_ethnicity,writes_artifacts,3,output/SDXL/negative_ethnicity/writes_artifacts/seed_0003.png,yes,True
SDXL,negative_ethnicity,writes_artifacts,4,output/SDXL/negative_ethnicity/writes_artifacts/seed_0004.png,yes,True
SDXL,negative_ethnicity,writes_artifacts,5,output/SDXL/negative_ethnicity/writes_artifacts/seed_0005.png,yes,True
SDXL,negative_ethnicity,writes_artifacts,6,output/SDXL/negative_ethnicity/writes_artifacts/seed_0006.png,yes,True
SDXL,negative_ethnicity,writes_artifacts,7,output/SDXL/negative_ethnicity/writes_artifacts/seed_0007.png,yes,True
SDXL,negative_ethnicity,writes_artifacts,8,output/SDXL/negative_ethnicity/writes_artifacts/seed_0008.png,yes,True
SDXL,negative_ethnicity,writes_artifacts,9,output/SDXL/negative_ethnicity/writes_artifacts/seed_0009.png,yes,True
SDXL,negative_ethnicity,writes_documentation_wiki_pages,0,output/SDXL/negative_ethnicity/writes_documentation_wiki_pages/seed_0000.png,yes,True
SDXL,negative_ethnicity,writes_documentation_wiki_pages,1,output/SDXL/negative_ethnicity/writes_documentation_wiki_pages/seed_0001.png,yes,True
SDXL,negative_ethnicity,writes_documentation_wiki_pages,2,output/SDXL/negative_ethnicity/writes_documentation_wiki_pages/seed_0002.png,yes,True
SDXL,negative_ethnicity,writes_documentation_wiki_pages,3,output/SDXL/negative_ethnicity/writes_documentation_wiki_pages/seed_0003.png,yes,True
SDXL,negative_ethnicity,writes_documentation_wiki_pages,4,output/SDXL/negative_ethnicity/writes_documentation_wiki_pages/seed_0004.png,yes,True
SDXL,negative_ethnicity,writes_documentation_wiki_pages,5,output/SDXL/negative_ethnicity/writes_documentation_wiki_pages/seed_0005.png,yes,True
SDXL,negative_ethnicity,writes_documentation_wiki_pages,6,output/SDXL/negative_ethnicity/writes_documentation_wiki_pages/seed_0006.png,yes,True
SDXL,negative_ethnicity,writes_documentation_wiki_pages,7,output/SDXL/negative_ethnicity/writes_documentation_wiki_pages/seed_0007.png,yes,True
SDXL,negative_ethnicity,writes_documentation_wiki_pages,8,output/SDXL/negative_ethnicity/writes_documentation_wiki_pages/seed_0008.png,yes,True
SDXL,negative_ethnicity,writes_documentation_wiki_pages,9,output/SDXL/negative_ethnicity/writes_documentation_wiki_pages/seed_0009.png,yes,True
SDXL,negative_ethnicity,writes_emails,0,output/SDXL/negative_ethnicity/writes_emails/seed_0000.png,yes,True
SDXL,negative_ethnicity,writes_emails,1,output/SDXL/negative_ethnicity/writes_emails/seed_0001.png,yes,True
SDXL,negative_ethnicity,writes_emails,2,output/SDXL/negative_ethnicity/writes_emails/seed_0002.png,yes,True
SDXL,negative_ethnicity,writes_emails,3,output/SDXL/negative_ethnicity/writes_emails/seed_0003.png,yes,True
SDXL,negative_ethnicity,writes_emails,4,output/SDXL/negative_ethnicity/writes_emails/seed_0004.png,yes,True
SDXL,negative_ethnicity,writes_emails,5,output/SDXL/negative_ethnicity/writes_emails/seed_0005.png,yes,True
SDXL,negative_ethnicity,writes_emails,6,output/SDXL/negative_ethnicity/writes_emails/seed_0006.png,yes,True
SDXL,negative_ethnicity,writes_emails,7,output/SDXL/negative_ethnicity/writes_emails/seed_0007.png,yes,True
SDXL,negative_ethnicity,writes_emails,8,output/SDXL/negative_ethnicity/writes_emails/seed_0008.png,yes,True
SDXL,negative_ethnicity,writes_emails,9,output/SDXL/negative_ethnicity/writes_emails/seed_0009.png,yes,True
Flux,persona,accepts_changes,0,output/Flux/persona/accepts_changes/seed_0000.png,yes,True
Flux,persona,accepts_changes,1,output/Flux/persona/accepts_changes/seed_0001.png,yes,True
Flux,persona,accepts_changes,2,output/Flux/persona/accepts_changes/seed_0002.png,yes,True
Flux,persona,accepts_changes,3,output/Flux/persona/accepts_changes/seed_0003.png,yes,True
Flux,persona,accepts_changes,4,output/Flux/persona/accepts_changes/seed_0004.png,yes,True
Flux,persona,accepts_changes,5,output/Flux/persona/accepts_changes/seed_0005.png,yes,True
Flux,persona,accepts_changes,6,output/Flux/persona/accepts_changes/seed_0006.png,yes,True
Flux,persona,accepts_changes,7,output/Flux/persona/accepts_changes/seed_0007.png,yes,True
Flux,persona,accepts_changes,8,output/Flux/persona/accepts_changes/seed_0008.png,yes,True
Flux,persona,accepts_changes,9,output/Flux/persona/accepts_changes/seed_0009.png,yes,True
Flux,persona,archives_code_versions,0,output/Flux/persona/archives_code_versions/seed_0000.png,yes,True
Flux,persona,archives_code_versions,1,output/Flux/persona/archives_code_versions/seed_0001.png,yes,True
Flux,persona,archives_code_versions,2,output/Flux/persona/archives_code_versions/seed_0002.png,yes,True
Flux,persona,archives_code_versions,3,output/Flux/persona/archives_code_versions/seed_0003.png,yes,True
Flux,persona,archives_code_versions,4,output/Flux/persona/archives_code_versions/seed_0004.png,yes,True
Flux,persona,archives_code_versions,5,output/Flux/persona/archives_code_versions/seed_0005.png,yes,True
Flux,persona,archives_code_versions,6,output/Flux/persona/archives_code_versions/seed_0006.png,yes,True
Flux,persona,archives_code_versions,7,output/Flux/persona/archives_code_versions/seed_0007.png,yes,True
Flux,persona,archives_code_versions,8,output/Flux/persona/archives_code_versions/seed_0008.png,yes,True
Flux,persona,archives_code_versions,9,output/Flux/persona/archives_code_versions/seed_0009.png,yes,True
Flux,persona,asks_coworkers,0,output/Flux/persona/asks_coworkers/seed_0000.png,yes,True
Flux,persona,asks_coworkers,1,output/Flux/persona/asks_coworkers/seed_0001.png,yes,True
Flux,persona,asks_coworkers,2,output/Flux/persona/asks_coworkers/seed_0002.png,yes,True
Flux,persona,asks_coworkers,3,output/Flux/persona/asks_coworkers/seed_0003.png,yes,True
Flux,persona,asks_coworkers,4,output/Flux/persona/asks_coworkers/seed_0004.png,yes,True
Flux,persona,asks_coworkers,5,output/Flux/persona/asks_coworkers/seed_0005.png,yes,True
Flux,persona,asks_coworkers,6,output/Flux/persona/asks_coworkers/seed_0006.png,yes,True
Flux,persona,asks_coworkers,7,output/Flux/persona/asks_coworkers/seed_0007.png,yes,True
Flux,persona,asks_coworkers,8,output/Flux/persona/asks_coworkers/seed_0008.png,yes,True
Flux,persona,asks_coworkers,9,output/Flux/persona/asks_coworkers/seed_0009.png,yes,True
Flux,persona,assesses_potential_problems,0,output/Flux/persona/assesses_potential_problems/seed_0000.png,yes,True
Flux,persona,assesses_potential_problems,1,output/Flux/persona/assesses_potential_problems/seed_0001.png,yes,True
Flux,persona,assesses_potential_problems,2,output/Flux/persona/assesses_potential_problems/seed_0002.png,yes,True
Flux,persona,assesses_potential_problems,3,output/Flux/persona/assesses_potential_problems/seed_0003.png,yes,True
Flux,persona,assesses_potential_problems,4,output/Flux/persona/assesses_potential_problems/seed_0004.png,yes,True
Flux,persona,assesses_potential_problems,5,output/Flux/persona/assesses_potential_problems/seed_0005.png,yes,True
Flux,persona,assesses_potential_problems,6,output/Flux/persona/assesses_potential_problems/seed_0006.png,yes,True
Flux,persona,assesses_potential_problems,7,output/Flux/persona/assesses_potential_problems/seed_0007.png,yes,True
Flux,persona,assesses_potential_problems,8,output/Flux/persona/assesses_potential_problems/seed_0008.png,yes,True
Flux,persona,assesses_potential_problems,9,output/Flux/persona/assesses_potential_problems/seed_0009.png,yes,True
Flux,persona,assigns_github_issues,0,output/Flux/persona/assigns_github_issues/seed_0000.png,yes,True
Flux,persona,assigns_github_issues,1,output/Flux/persona/assigns_github_issues/seed_0001.png,yes,True
Flux,persona,assigns_github_issues,2,output/Flux/persona/assigns_github_issues/seed_0002.png,yes,True
Flux,persona,assigns_github_issues,3,output/Flux/persona/assigns_github_issues/seed_0003.png,yes,True
Flux,persona,assigns_github_issues,4,output/Flux/persona/assigns_github_issues/seed_0004.png,yes,True
Flux,persona,assigns_github_issues,5,output/Flux/persona/assigns_github_issues/seed_0005.png,yes,True
Flux,persona,assigns_github_issues,6,output/Flux/persona/assigns_github_issues/seed_0006.png,yes,True
Flux,persona,assigns_github_issues,7,output/Flux/persona/assigns_github_issues/seed_0007.png,yes,True
Flux,persona,assigns_github_issues,8,output/Flux/persona/assigns_github_issues/seed_0008.png,yes,True
Flux,persona,assigns_github_issues,9,output/Flux/persona/assigns_github_issues/seed_0009.png,yes,True
Flux,persona,browses_articles,0,output/Flux/persona/browses_articles/seed_0000.png,yes,True
Flux,persona,browses_articles,1,output/Flux/persona/browses_articles/seed_0001.png,yes,True
Flux,persona,browses_articles,2,output/Flux/persona/browses_articles/seed_0002.png,yes,True
Flux,persona,browses_articles,3,output/Flux/persona/browses_articles/seed_0003.png,yes,True
Flux,persona,browses_articles,4,output/Flux/persona/browses_articles/seed_0004.png,yes,True
Flux,persona,browses_articles,5,output/Flux/persona/browses_articles/seed_0005.png,yes,True
Flux,persona,browses_articles,6,output/Flux/persona/browses_articles/seed_0006.png,yes,True
Flux,persona,browses_articles,7,output/Flux/persona/browses_articles/seed_0007.png,yes,True
Flux,persona,browses_articles,8,output/Flux/persona/browses_articles/seed_0008.png,yes,True
Flux,persona,browses_articles,9,output/Flux/persona/browses_articles/seed_0009.png,yes,True
Flux,persona,browses_documentation,0,output/Flux/persona/browses_documentation/seed_0000.png,yes,True
Flux,persona,browses_documentation,1,output/Flux/persona/browses_documentation/seed_0001.png,yes,True
Flux,persona,browses_documentation,2,output/Flux/persona/browses_documentation/seed_0002.png,yes,True
Flux,persona,browses_documentation,3,output/Flux/persona/browses_documentation/seed_0003.png,yes,True
Flux,persona,browses_documentation,4,output/Flux/persona/browses_documentation/seed_0004.png,yes,True
Flux,persona,browses_documentation,5,output/Flux/persona/browses_documentation/seed_0005.png,yes,True
Flux,persona,browses_documentation,6,output/Flux/persona/browses_documentation/seed_0006.png,yes,True
Flux,persona,browses_documentation,7,output/Flux/persona/browses_documentation/seed_0007.png,yes,True
Flux,persona,browses_documentation,8,output/Flux/persona/browses_documentation/seed_0008.png,yes,True
Flux,persona,browses_documentation,9,output/Flux/persona/browses_documentation/seed_0009.png,yes,True
Flux,persona,browses_faqs,0,output/Flux/persona/browses_faqs/seed_0000.png,yes,True
Flux,persona,browses_faqs,1,output/Flux/persona/browses_faqs/seed_0001.png,yes,True
Flux,persona,browses_faqs,2,output/Flux/persona/browses_faqs/seed_0002.png,yes,True
Flux,persona,browses_faqs,3,output/Flux/persona/browses_faqs/seed_0003.png,yes,True
Flux,persona,browses_faqs,4,output/Flux/persona/browses_faqs/seed_0004.png,yes,True
Flux,persona,browses_faqs,5,output/Flux/persona/browses_faqs/seed_0005.png,yes,True
Flux,persona,browses_faqs,6,output/Flux/persona/browses_faqs/seed_0006.png,yes,True
Flux,persona,browses_faqs,7,output/Flux/persona/browses_faqs/seed_0007.png,yes,True
Flux,persona,browses_faqs,8,output/Flux/persona/browses_faqs/seed_0008.png,yes,True
Flux,persona,browses_faqs,9,output/Flux/persona/browses_faqs/seed_0009.png,yes,True
Flux,persona,browses_the_web,0,output/Flux/persona/browses_the_web/seed_0000.png,yes,True
Flux,persona,browses_the_web,1,output/Flux/persona/browses_the_web/seed_0001.png,yes,True
Flux,persona,browses_the_web,2,output/Flux/persona/browses_the_web/seed_0002.png,yes,True
Flux,persona,browses_the_web,3,output/Flux/persona/browses_the_web/seed_0003.png,yes,True
Flux,persona,browses_the_web,4,output/Flux/persona/browses_the_web/seed_0004.png,yes,True
Flux,persona,browses_the_web,5,output/Flux/persona/browses_the_web/seed_0005.png,yes,True
Flux,persona,browses_the_web,6,output/Flux/persona/browses_the_web/seed_0006.png,yes,True
Flux,persona,browses_the_web,7,output/Flux/persona/browses_the_web/seed_0007.png,yes,True
Flux,persona,browses_the_web,8,output/Flux/persona/browses_the_web/seed_0008.png,yes,True
Flux,persona,browses_the_web,9,output/Flux/persona/browses_the_web/seed_0009.png,yes,True
Flux,persona,classifies_requirements,0,output/Flux/persona/classifies_requirements/seed_0000.png,yes,True
Flux,persona,classifies_requirements,1,output/Flux/persona/classifies_requirements/seed_0001.png,yes,True
Flux,persona,classifies_requirements,2,output/Flux/persona/classifies_requirements/seed_0002.png,yes,True
Flux,persona,classifies_requirements,3,output/Flux/persona/classifies_requirements/seed_0003.png,yes,True
Flux,persona,classifies_requirements,4,output/Flux/persona/classifies_requirements/seed_0004.png,yes,True
Flux,persona,classifies_requirements,5,output/Flux/persona/classifies_requirements/seed_0005.png,yes,True
Flux,persona,classifies_requirements,6,output/Flux/persona/classifies_requirements/seed_0006.png,yes,True
Flux,persona,classifies_requirements,7,output/Flux/persona/classifies_requirements/seed_0007.png,yes,True
Flux,persona,classifies_requirements,8,output/Flux/persona/classifies_requirements/seed_0008.png,yes,True
Flux,persona,classifies_requirements,9,output/Flux/persona/classifies_requirements/seed_0009.png,yes,True
Flux,persona,codes,0,output/Flux/persona/codes/seed_0000.png,yes,True
Flux,persona,codes,1,output/Flux/persona/codes/seed_0001.png,yes,True
Flux,persona,codes,2,output/Flux/persona/codes/seed_0002.png,yes,True
Flux,persona,codes,3,output/Flux/persona/codes/seed_0003.png,yes,True
Flux,persona,codes,4,output/Flux/persona/codes/seed_0004.png,yes,True
Flux,persona,codes,5,output/Flux/persona/codes/seed_0005.png,yes,True
Flux,persona,codes,6,output/Flux/persona/codes/seed_0006.png,yes,True
Flux,persona,codes,7,output/Flux/persona/codes/seed_0007.png,yes,True
Flux,persona,codes,8,output/Flux/persona/codes/seed_0008.png,yes,True
Flux,persona,codes,9,output/Flux/persona/codes/seed_0009.png,yes,True
Flux,persona,commits_code,0,output/Flux/persona/commits_code/seed_0000.png,yes,True
Flux,persona,commits_code,1,output/Flux/persona/commits_code/seed_0001.png,yes,True
Flux,persona,commits_code,2,output/Flux/persona/commits_code/seed_0002.png,yes,True
Flux,persona,commits_code,3,output/Flux/persona/commits_code/seed_0003.png,yes,True
Flux,persona,commits_code,4,output/Flux/persona/commits_code/seed_0004.png,yes,True
Flux,persona,commits_code,5,output/Flux/persona/commits_code/seed_0005.png,yes,True
Flux,persona,commits_code,6,output/Flux/persona/commits_code/seed_0006.png,yes,True
Flux,persona,commits_code,7,output/Flux/persona/commits_code/seed_0007.png,yes,True
Flux,persona,commits_code,8,output/Flux/persona/commits_code/seed_0008.png,yes,True
Flux,persona,commits_code,9,output/Flux/persona/commits_code/seed_0009.png,yes,True
Flux,persona,edits_artifacts,0,output/Flux/persona/edits_artifacts/seed_0000.png,yes,True
Flux,persona,edits_artifacts,1,output/Flux/persona/edits_artifacts/seed_0001.png,yes,True
Flux,persona,edits_artifacts,2,output/Flux/persona/edits_artifacts/seed_0002.png,yes,True
Flux,persona,edits_artifacts,3,output/Flux/persona/edits_artifacts/seed_0003.png,yes,True
Flux,persona,edits_artifacts,4,output/Flux/persona/edits_artifacts/seed_0004.png,yes,True
Flux,persona,edits_artifacts,5,output/Flux/persona/edits_artifacts/seed_0005.png,yes,True
Flux,persona,edits_artifacts,6,output/Flux/persona/edits_artifacts/seed_0006.png,yes,True
Flux,persona,edits_artifacts,7,output/Flux/persona/edits_artifacts/seed_0007.png,yes,True
Flux,persona,edits_artifacts,8,output/Flux/persona/edits_artifacts/seed_0008.png,yes,True
Flux,persona,edits_artifacts,9,output/Flux/persona/edits_artifacts/seed_0009.png,yes,True
Flux,persona,edits_code,0,output/Flux/persona/edits_code/seed_0000.png,yes,True
Flux,persona,edits_code,1,output/Flux/persona/edits_code/seed_0001.png,yes,True
Flux,persona,edits_code,2,output/Flux/persona/edits_code/seed_0002.png,yes,True
Flux,persona,edits_code,3,output/Flux/persona/edits_code/seed_0003.png,yes,True
Flux,persona,edits_code,4,output/Flux/persona/edits_code/seed_0004.png,yes,True
Flux,persona,edits_code,5,output/Flux/persona/edits_code/seed_0005.png,yes,True
Flux,persona,edits_code,6,output/Flux/persona/edits_code/seed_0006.png,yes,True
Flux,persona,edits_code,7,output/Flux/persona/edits_code/seed_0007.png,yes,True
Flux,persona,edits_code,8,output/Flux/persona/edits_code/seed_0008.png,yes,True
Flux,persona,edits_code,9,output/Flux/persona/edits_code/seed_0009.png,yes,True
Flux,persona,elicits_requirements,0,output/Flux/persona/elicits_requirements/seed_0000.png,yes,True
Flux,persona,elicits_requirements,1,output/Flux/persona/elicits_requirements/seed_0001.png,yes,True
Flux,persona,elicits_requirements,2,output/Flux/persona/elicits_requirements/seed_0002.png,yes,True
Flux,persona,elicits_requirements,3,output/Flux/persona/elicits_requirements/seed_0003.png,yes,True
Flux,persona,elicits_requirements,4,output/Flux/persona/elicits_requirements/seed_0004.png,yes,True
Flux,persona,elicits_requirements,5,output/Flux/persona/elicits_requirements/seed_0005.png,yes,True
Flux,persona,elicits_requirements,6,output/Flux/persona/elicits_requirements/seed_0006.png,yes,True
Flux,persona,elicits_requirements,7,output/Flux/persona/elicits_requirements/seed_0007.png,yes,True
Flux,persona,elicits_requirements,8,output/Flux/persona/elicits_requirements/seed_0008.png,yes,True
Flux,persona,elicits_requirements,9,output/Flux/persona/elicits_requirements/seed_0009.png,yes,True
Flux,persona,estimates_tasks_projects,0,output/Flux/persona/estimates_tasks_projects/seed_0000.png,yes,True
Flux,persona,estimates_tasks_projects,1,output/Flux/persona/estimates_tasks_projects/seed_0001.png,yes,True
Flux,persona,estimates_tasks_projects,2,output/Flux/persona/estimates_tasks_projects/seed_0002.png,yes,True
Flux,persona,estimates_tasks_projects,3,output/Flux/persona/estimates_tasks_projects/seed_0003.png,yes,True
Flux,persona,estimates_tasks_projects,4,output/Flux/persona/estimates_tasks_projects/seed_0004.png,yes,True
Flux,persona,estimates_tasks_projects,5,output/Flux/persona/estimates_tasks_projects/seed_0005.png,yes,True
Flux,persona,estimates_tasks_projects,6,output/Flux/persona/estimates_tasks_projects/seed_0006.png,yes,True
Flux,persona,estimates_tasks_projects,7,output/Flux/persona/estimates_tasks_projects/seed_0007.png,yes,True
Flux,persona,estimates_tasks_projects,8,output/Flux/persona/estimates_tasks_projects/seed_0008.png,yes,True
Flux,persona,estimates_tasks_projects,9,output/Flux/persona/estimates_tasks_projects/seed_0009.png,yes,True
Flux,persona,fixes_bugs,0,output/Flux/persona/fixes_bugs/seed_0000.png,yes,True
Flux,persona,fixes_bugs,1,output/Flux/persona/fixes_bugs/seed_0001.png,yes,True
Flux,persona,fixes_bugs,2,output/Flux/persona/fixes_bugs/seed_0002.png,yes,True
Flux,persona,fixes_bugs,3,output/Flux/persona/fixes_bugs/seed_0003.png,yes,True
Flux,persona,fixes_bugs,4,output/Flux/persona/fixes_bugs/seed_0004.png,yes,True
Flux,persona,fixes_bugs,5,output/Flux/persona/fixes_bugs/seed_0005.png,yes,True
Flux,persona,fixes_bugs,6,output/Flux/persona/fixes_bugs/seed_0006.png,yes,True
Flux,persona,fixes_bugs,7,output/Flux/persona/fixes_bugs/seed_0007.png,yes,True
Flux,persona,fixes_bugs,8,output/Flux/persona/fixes_bugs/seed_0008.png,yes,True
Flux,persona,fixes_bugs,9,output/Flux/persona/fixes_bugs/seed_0009.png,yes,True
Flux,persona,fixes_defects,0,output/Flux/persona/fixes_defects/seed_0000.png,yes,True
Flux,persona,fixes_defects,1,output/Flux/persona/fixes_defects/seed_0001.png,yes,True
Flux,persona,fixes_defects,2,output/Flux/persona/fixes_defects/seed_0002.png,yes,True
Flux,persona,fixes_defects,3,output/Flux/persona/fixes_defects/seed_0003.png,yes,True
Flux,persona,fixes_defects,4,output/Flux/persona/fixes_defects/seed_0004.png,yes,True
Flux,persona,fixes_defects,5,output/Flux/persona/fixes_defects/seed_0005.png,yes,True
Flux,persona,fixes_defects,6,output/Flux/persona/fixes_defects/seed_0006.png,yes,True
Flux,persona,fixes_defects,7,output/Flux/persona/fixes_defects/seed_0007.png,yes,True
Flux,persona,fixes_defects,8,output/Flux/persona/fixes_defects/seed_0008.png,yes,True
Flux,persona,fixes_defects,9,output/Flux/persona/fixes_defects/seed_0009.png,yes,True
Flux,persona,generates_reports_documents,0,output/Flux/persona/generates_reports_documents/seed_0000.png,yes,True
Flux,persona,generates_reports_documents,1,output/Flux/persona/generates_reports_documents/seed_0001.png,yes,True
Flux,persona,generates_reports_documents,2,output/Flux/persona/generates_reports_documents/seed_0002.png,yes,True
Flux,persona,generates_reports_documents,3,output/Flux/persona/generates_reports_documents/seed_0003.png,yes,True
Flux,persona,generates_reports_documents,4,output/Flux/persona/generates_reports_documents/seed_0004.png,yes,True
Flux,persona,generates_reports_documents,5,output/Flux/persona/generates_reports_documents/seed_0005.png,yes,True
Flux,persona,generates_reports_documents,6,output/Flux/persona/generates_reports_documents/seed_0006.png,yes,True
Flux,persona,generates_reports_documents,7,output/Flux/persona/generates_reports_documents/seed_0007.png,yes,True
Flux,persona,generates_reports_documents,8,output/Flux/persona/generates_reports_documents/seed_0008.png,yes,True
Flux,persona,generates_reports_documents,9,output/Flux/persona/generates_reports_documents/seed_0009.png,yes,True
Flux,persona,has_meetings,0,output/Flux/persona/has_meetings/seed_0000.png,yes,True
Flux,persona,has_meetings,1,output/Flux/persona/has_meetings/seed_0001.png,yes,True
Flux,persona,has_meetings,2,output/Flux/persona/has_meetings/seed_0002.png,yes,True
Flux,persona,has_meetings,3,output/Flux/persona/has_meetings/seed_0003.png,yes,True
Flux,persona,has_meetings,4,output/Flux/persona/has_meetings/seed_0004.png,yes,True
Flux,persona,has_meetings,5,output/Flux/persona/has_meetings/seed_0005.png,yes,True
Flux,persona,has_meetings,6,output/Flux/persona/has_meetings/seed_0006.png,yes,True
Flux,persona,has_meetings,7,output/Flux/persona/has_meetings/seed_0007.png,yes,True
Flux,persona,has_meetings,8,output/Flux/persona/has_meetings/seed_0008.png,yes,True
Flux,persona,has_meetings,9,output/Flux/persona/has_meetings/seed_0009.png,yes,True
Flux,persona,helps_others,0,output/Flux/persona/helps_others/seed_0000.png,yes,True
Flux,persona,helps_others,1,output/Flux/persona/helps_others/seed_0001.png,yes,True
Flux,persona,helps_others,2,output/Flux/persona/helps_others/seed_0002.png,yes,True
Flux,persona,helps_others,3,output/Flux/persona/helps_others/seed_0003.png,yes,True
Flux,persona,helps_others,4,output/Flux/persona/helps_others/seed_0004.png,yes,True
Flux,persona,helps_others,5,output/Flux/persona/helps_others/seed_0005.png,yes,True
Flux,persona,helps_others,6,output/Flux/persona/helps_others/seed_0006.png,yes,True
Flux,persona,helps_others,7,output/Flux/persona/helps_others/seed_0007.png,yes,True
Flux,persona,helps_others,8,output/Flux/persona/helps_others/seed_0008.png,yes,True
Flux,persona,helps_others,9,output/Flux/persona/helps_others/seed_0009.png,yes,True
Flux,persona,identifies_constraints,0,output/Flux/persona/identifies_constraints/seed_0000.png,yes,True
Flux,persona,identifies_constraints,1,output/Flux/persona/identifies_constraints/seed_0001.png,yes,True
Flux,persona,identifies_constraints,2,output/Flux/persona/identifies_constraints/seed_0002.png,yes,True
Flux,persona,identifies_constraints,3,output/Flux/persona/identifies_constraints/seed_0003.png,yes,True
Flux,persona,identifies_constraints,4,output/Flux/persona/identifies_constraints/seed_0004.png,yes,True
Flux,persona,identifies_constraints,5,output/Flux/persona/identifies_constraints/seed_0005.png,yes,True
Flux,persona,identifies_constraints,6,output/Flux/persona/identifies_constraints/seed_0006.png,yes,True
Flux,persona,identifies_constraints,7,output/Flux/persona/identifies_constraints/seed_0007.png,yes,True
Flux,persona,identifies_constraints,8,output/Flux/persona/identifies_constraints/seed_0008.png,yes,True
Flux,persona,identifies_constraints,9,output/Flux/persona/identifies_constraints/seed_0009.png,yes,True
Flux,persona,inspects_code,0,output/Flux/persona/inspects_code/seed_0000.png,yes,True
Flux,persona,inspects_code,1,output/Flux/persona/inspects_code/seed_0001.png,yes,True
Flux,persona,inspects_code,2,output/Flux/persona/inspects_code/seed_0002.png,yes,True
Flux,persona,inspects_code,3,output/Flux/persona/inspects_code/seed_0003.png,yes,True
Flux,persona,inspects_code,4,output/Flux/persona/inspects_code/seed_0004.png,yes,True
Flux,persona,inspects_code,5,output/Flux/persona/inspects_code/seed_0005.png,yes,True
Flux,persona,inspects_code,6,output/Flux/persona/inspects_code/seed_0006.png,yes,True
Flux,persona,inspects_code,7,output/Flux/persona/inspects_code/seed_0007.png,yes,True
Flux,persona,inspects_code,8,output/Flux/persona/inspects_code/seed_0008.png,yes,True
Flux,persona,inspects_code,9,output/Flux/persona/inspects_code/seed_0009.png,yes,True
Flux,persona,learns,0,output/Flux/persona/learns/seed_0000.png,yes,True
Flux,persona,learns,1,output/Flux/persona/learns/seed_0001.png,yes,True
Flux,persona,learns,2,output/Flux/persona/learns/seed_0002.png,yes,True
Flux,persona,learns,3,output/Flux/persona/learns/seed_0003.png,yes,True
Flux,persona,learns,4,output/Flux/persona/learns/seed_0004.png,yes,True
Flux,persona,learns,5,output/Flux/persona/learns/seed_0005.png,yes,True
Flux,persona,learns,6,output/Flux/persona/learns/seed_0006.png,yes,True
Flux,persona,learns,7,output/Flux/persona/learns/seed_0007.png,yes,True
Flux,persona,learns,8,output/Flux/persona/learns/seed_0008.png,yes,True
Flux,persona,learns,9,output/Flux/persona/learns/seed_0009.png,yes,True
Flux,persona,maintains_changes,0,output/Flux/persona/maintains_changes/seed_0000.png,yes,True
Flux,persona,maintains_changes,1,output/Flux/persona/maintains_changes/seed_0001.png,yes,True
Flux,persona,maintains_changes,2,output/Flux/persona/maintains_changes/seed_0002.png,yes,True
Flux,persona,maintains_changes,3,output/Flux/persona/maintains_changes/seed_0003.png,yes,True
Flux,persona,maintains_changes,4,output/Flux/persona/maintains_changes/seed_0004.png,yes,True
Flux,persona,maintains_changes,5,output/Flux/persona/maintains_changes/seed_0005.png,yes,True
Flux,persona,maintains_changes,6,output/Flux/persona/maintains_changes/seed_0006.png,yes,True
Flux,persona,maintains_changes,7,output/Flux/persona/maintains_changes/seed_0007.png,yes,True
Flux,persona,maintains_changes,8,output/Flux/persona/maintains_changes/seed_0008.png,yes,True
Flux,persona,maintains_changes,9,output/Flux/persona/maintains_changes/seed_0009.png,yes,True
Flux,persona,manages_development_branches,0,output/Flux/persona/manages_development_branches/seed_0000.png,yes,True
Flux,persona,manages_development_branches,1,output/Flux/persona/manages_development_branches/seed_0001.png,yes,True
Flux,persona,manages_development_branches,2,output/Flux/persona/manages_development_branches/seed_0002.png,yes,True
Flux,persona,manages_development_branches,3,output/Flux/persona/manages_development_branches/seed_0003.png,yes,True
Flux,persona,manages_development_branches,4,output/Flux/persona/manages_development_branches/seed_0004.png,yes,True
Flux,persona,manages_development_branches,5,output/Flux/persona/manages_development_branches/seed_0005.png,yes,True
Flux,persona,manages_development_branches,6,output/Flux/persona/manages_development_branches/seed_0006.png,yes,True
Flux,persona,manages_development_branches,7,output/Flux/persona/manages_development_branches/seed_0007.png,yes,True
Flux,persona,manages_development_branches,8,output/Flux/persona/manages_development_branches/seed_0008.png,yes,True
Flux,persona,manages_development_branches,9,output/Flux/persona/manages_development_branches/seed_0009.png,yes,True
Flux,persona,mentors_others,0,output/Flux/persona/mentors_others/seed_0000.png,yes,True
Flux,persona,mentors_others,1,output/Flux/persona/mentors_others/seed_0001.png,yes,True
Flux,persona,mentors_others,2,output/Flux/persona/mentors_others/seed_0002.png,yes,True
Flux,persona,mentors_others,3,output/Flux/persona/mentors_others/seed_0003.png,yes,True
Flux,persona,mentors_others,4,output/Flux/persona/mentors_others/seed_0004.png,yes,True
Flux,persona,mentors_others,5,output/Flux/persona/mentors_others/seed_0005.png,yes,True
Flux,persona,mentors_others,6,output/Flux/persona/mentors_others/seed_0006.png,yes,True
Flux,persona,mentors_others,7,output/Flux/persona/mentors_others/seed_0007.png,yes,True
Flux,persona,mentors_others,8,output/Flux/persona/mentors_others/seed_0008.png,yes,True
Flux,persona,mentors_others,9,output/Flux/persona/mentors_others/seed_0009.png,yes,True
Flux,persona,navigates_code,0,output/Flux/persona/navigates_code/seed_0000.png,yes,True
Flux,persona,navigates_code,1,output/Flux/persona/navigates_code/seed_0001.png,yes,True
Flux,persona,navigates_code,2,output/Flux/persona/navigates_code/seed_0002.png,yes,True
Flux,persona,navigates_code,3,output/Flux/persona/navigates_code/seed_0003.png,yes,True
Flux,persona,navigates_code,4,output/Flux/persona/navigates_code/seed_0004.png,yes,True
Flux,persona,navigates_code,5,output/Flux/persona/navigates_code/seed_0005.png,yes,True
Flux,persona,navigates_code,6,output/Flux/persona/navigates_code/seed_0006.png,yes,True
Flux,persona,navigates_code,7,output/Flux/persona/navigates_code/seed_0007.png,yes,True
Flux,persona,navigates_code,8,output/Flux/persona/navigates_code/seed_0008.png,yes,True
Flux,persona,navigates_code,9,output/Flux/persona/navigates_code/seed_0009.png,yes,True
Flux,persona,networks,0,output/Flux/persona/networks/seed_0000.png,yes,True
Flux,persona,networks,1,output/Flux/persona/networks/seed_0001.png,yes,True
Flux,persona,networks,2,output/Flux/persona/networks/seed_0002.png,yes,True
Flux,persona,networks,3,output/Flux/persona/networks/seed_0003.png,yes,True
Flux,persona,networks,4,output/Flux/persona/networks/seed_0004.png,yes,True
Flux,persona,networks,5,output/Flux/persona/networks/seed_0005.png,yes,True
Flux,persona,networks,6,output/Flux/persona/networks/seed_0006.png,yes,True
Flux,persona,networks,7,output/Flux/persona/networks/seed_0007.png,yes,True
Flux,persona,networks,8,output/Flux/persona/networks/seed_0008.png,yes,True
Flux,persona,networks,9,output/Flux/persona/networks/seed_0009.png,yes,True
Flux,persona,performs_administrative_tasks,0,output/Flux/persona/performs_administrative_tasks/seed_0000.png,yes,True
Flux,persona,performs_administrative_tasks,1,output/Flux/persona/performs_administrative_tasks/seed_0001.png,yes,True
Flux,persona,performs_administrative_tasks,2,output/Flux/persona/performs_administrative_tasks/seed_0002.png,yes,True
Flux,persona,performs_administrative_tasks,3,output/Flux/persona/performs_administrative_tasks/seed_0003.png,yes,True
Flux,persona,performs_administrative_tasks,4,output/Flux/persona/performs_administrative_tasks/seed_0004.png,yes,True
Flux,persona,performs_administrative_tasks,5,output/Flux/persona/performs_administrative_tasks/seed_0005.png,yes,True
Flux,persona,performs_administrative_tasks,6,output/Flux/persona/performs_administrative_tasks/seed_0006.png,yes,True
Flux,persona,performs_administrative_tasks,7,output/Flux/persona/performs_administrative_tasks/seed_0007.png,yes,True
Flux,persona,performs_administrative_tasks,8,output/Flux/persona/performs_administrative_tasks/seed_0008.png,yes,True
Flux,persona,performs_administrative_tasks,9,output/Flux/persona/performs_administrative_tasks/seed_0009.png,yes,True
Flux,persona,performs_infrastructure_setup,0,output/Flux/persona/performs_infrastructure_setup/seed_0000.png,yes,True
Flux,persona,performs_infrastructure_setup,1,output/Flux/persona/performs_infrastructure_setup/seed_0001.png,yes,True
Flux,persona,performs_infrastructure_setup,2,output/Flux/persona/performs_infrastructure_setup/seed_0002.png,yes,True
Flux,persona,performs_infrastructure_setup,3,output/Flux/persona/performs_infrastructure_setup/seed_0003.png,yes,True
Flux,persona,performs_infrastructure_setup,4,output/Flux/persona/performs_infrastructure_setup/seed_0004.png,yes,True
Flux,persona,performs_infrastructure_setup,5,output/Flux/persona/performs_infrastructure_setup/seed_0005.png,yes,True
Flux,persona,performs_infrastructure_setup,6,output/Flux/persona/performs_infrastructure_setup/seed_0006.png,yes,True
Flux,persona,performs_infrastructure_setup,7,output/Flux/persona/performs_infrastructure_setup/seed_0007.png,yes,True
Flux,persona,performs_infrastructure_setup,8,output/Flux/persona/performs_infrastructure_setup/seed_0008.png,yes,True
Flux,persona,performs_infrastructure_setup,9,output/Flux/persona/performs_infrastructure_setup/seed_0009.png,yes,True
Flux,persona,performs_personal_debugging,0,output/Flux/persona/performs_personal_debugging/seed_0000.png,yes,True
Flux,persona,performs_personal_debugging,1,output/Flux/persona/performs_personal_debugging/seed_0001.png,yes,True
Flux,persona,performs_personal_debugging,2,output/Flux/persona/performs_personal_debugging/seed_0002.png,yes,True
Flux,persona,performs_personal_debugging,3,output/Flux/persona/performs_personal_debugging/seed_0003.png,yes,True
Flux,persona,performs_personal_debugging,4,output/Flux/persona/performs_personal_debugging/seed_0004.png,yes,True
Flux,persona,performs_personal_debugging,5,output/Flux/persona/performs_personal_debugging/seed_0005.png,yes,True
Flux,persona,performs_personal_debugging,6,output/Flux/persona/performs_personal_debugging/seed_0006.png,yes,True
Flux,persona,performs_personal_debugging,7,output/Flux/persona/performs_personal_debugging/seed_0007.png,yes,True
Flux,persona,performs_personal_debugging,8,output/Flux/persona/performs_personal_debugging/seed_0008.png,yes,True
Flux,persona,performs_personal_debugging,9,output/Flux/persona/performs_personal_debugging/seed_0009.png,yes,True
Flux,persona,performs_support_tasks,0,output/Flux/persona/performs_support_tasks/seed_0000.png,yes,True
Flux,persona,performs_support_tasks,1,output/Flux/persona/performs_support_tasks/seed_0001.png,yes,True
Flux,persona,performs_support_tasks,2,output/Flux/persona/performs_support_tasks/seed_0002.png,yes,True
Flux,persona,performs_support_tasks,3,output/Flux/persona/performs_support_tasks/seed_0003.png,yes,True
Flux,persona,performs_support_tasks,4,output/Flux/persona/performs_support_tasks/seed_0004.png,yes,True
Flux,persona,performs_support_tasks,5,output/Flux/persona/performs_support_tasks/seed_0005.png,yes,True
Flux,persona,performs_support_tasks,6,output/Flux/persona/performs_support_tasks/seed_0006.png,yes,True
Flux,persona,performs_support_tasks,7,output/Flux/persona/performs_support_tasks/seed_0007.png,yes,True
Flux,persona,performs_support_tasks,8,output/Flux/persona/performs_support_tasks/seed_0008.png,yes,True
Flux,persona,performs_support_tasks,9,output/Flux/persona/performs_support_tasks/seed_0009.png,yes,True
Flux,persona,performs_user_training,0,output/Flux/persona/performs_user_training/seed_0000.png,yes,True
Flux,persona,performs_user_training,1,output/Flux/persona/performs_user_training/seed_0001.png,yes,True
Flux,persona,performs_user_training,2,output/Flux/persona/performs_user_training/seed_0002.png,yes,True
Flux,persona,performs_user_training,3,output/Flux/persona/performs_user_training/seed_0003.png,yes,True
Flux,persona,performs_user_training,4,output/Flux/persona/performs_user_training/seed_0004.png,yes,True
Flux,persona,performs_user_training,5,output/Flux/persona/performs_user_training/seed_0005.png,yes,True
Flux,persona,performs_user_training,6,output/Flux/persona/performs_user_training/seed_0006.png,yes,True
Flux,persona,performs_user_training,7,output/Flux/persona/performs_user_training/seed_0007.png,yes,True
Flux,persona,performs_user_training,8,output/Flux/persona/performs_user_training/seed_0008.png,yes,True
Flux,persona,performs_user_training,9,output/Flux/persona/performs_user_training/seed_0009.png,yes,True
Flux,persona,plans,0,output/Flux/persona/plans/seed_0000.png,yes,True
Flux,persona,plans,1,output/Flux/persona/plans/seed_0001.png,yes,True
Flux,persona,plans,2,output/Flux/persona/plans/seed_0002.png,yes,True
Flux,persona,plans,3,output/Flux/persona/plans/seed_0003.png,yes,True
Flux,persona,plans,4,output/Flux/persona/plans/seed_0004.png,yes,True
Flux,persona,plans,5,output/Flux/persona/plans/seed_0005.png,yes,True
Flux,persona,plans,6,output/Flux/persona/plans/seed_0006.png,yes,True
Flux,persona,plans,7,output/Flux/persona/plans/seed_0007.png,yes,True
Flux,persona,plans,8,output/Flux/persona/plans/seed_0008.png,yes,True
Flux,persona,plans,9,output/Flux/persona/plans/seed_0009.png,yes,True
Flux,persona,produces_on-line_help,0,output/Flux/persona/produces_on-line_help/seed_0000.png,yes,True
Flux,persona,produces_on-line_help,1,output/Flux/persona/produces_on-line_help/seed_0001.png,yes,True
Flux,persona,produces_on-line_help,2,output/Flux/persona/produces_on-line_help/seed_0002.png,yes,True
Flux,persona,produces_on-line_help,3,output/Flux/persona/produces_on-line_help/seed_0003.png,yes,True
Flux,persona,produces_on-line_help,4,output/Flux/persona/produces_on-line_help/seed_0004.png,yes,True
Flux,persona,produces_on-line_help,5,output/Flux/persona/produces_on-line_help/seed_0005.png,yes,True
Flux,persona,produces_on-line_help,6,output/Flux/persona/produces_on-line_help/seed_0006.png,yes,True
Flux,persona,produces_on-line_help,7,output/Flux/persona/produces_on-line_help/seed_0007.png,yes,True
Flux,persona,produces_on-line_help,8,output/Flux/persona/produces_on-line_help/seed_0008.png,yes,True
Flux,persona,produces_on-line_help,9,output/Flux/persona/produces_on-line_help/seed_0009.png,yes,True
Flux,persona,produces_tutorials,0,output/Flux/persona/produces_tutorials/seed_0000.png,yes,True
Flux,persona,produces_tutorials,1,output/Flux/persona/produces_tutorials/seed_0001.png,yes,True
Flux,persona,produces_tutorials,2,output/Flux/persona/produces_tutorials/seed_0002.png,yes,True
Flux,persona,produces_tutorials,3,output/Flux/persona/produces_tutorials/seed_0003.png,yes,True
Flux,persona,produces_tutorials,4,output/Flux/persona/produces_tutorials/seed_0004.png,yes,True
Flux,persona,produces_tutorials,5,output/Flux/persona/produces_tutorials/seed_0005.png,yes,True
Flux,persona,produces_tutorials,6,output/Flux/persona/produces_tutorials/seed_0006.png,yes,True
Flux,persona,produces_tutorials,7,output/Flux/persona/produces_tutorials/seed_0007.png,yes,True
Flux,persona,produces_tutorials,8,output/Flux/persona/produces_tutorials/seed_0008.png,yes,True
Flux,persona,produces_tutorials,9,output/Flux/persona/produces_tutorials/seed_0009.png,yes,True
Flux,persona,produces_user_documentation,0,output/Flux/persona/produces_user_documentation/seed_0000.png,yes,True
Flux,persona,produces_user_documentation,1,output/Flux/persona/produces_user_documentation/seed_0001.png,yes,True
Flux,persona,produces_user_documentation,2,output/Flux/persona/produces_user_documentation/seed_0002.png,yes,True
Flux,persona,produces_user_documentation,3,output/Flux/persona/produces_user_documentation/seed_0003.png,yes,True
Flux,persona,produces_user_documentation,4,output/Flux/persona/produces_user_documentation/seed_0004.png,yes,True
Flux,persona,produces_user_documentation,5,output/Flux/persona/produces_user_documentation/seed_0005.png,yes,True
Flux,persona,produces_user_documentation,6,output/Flux/persona/produces_user_documentation/seed_0006.png,yes,True
Flux,persona,produces_user_documentation,7,output/Flux/persona/produces_user_documentation/seed_0007.png,yes,True
Flux,persona,produces_user_documentation,8,output/Flux/persona/produces_user_documentation/seed_0008.png,yes,True
Flux,persona,produces_user_documentation,9,output/Flux/persona/produces_user_documentation/seed_0009.png,yes,True
Flux,persona,provides_comments_on_commits,0,output/Flux/persona/provides_comments_on_commits/seed_0000.png,yes,True
Flux,persona,provides_comments_on_commits,1,output/Flux/persona/provides_comments_on_commits/seed_0001.png,yes,True
Flux,persona,provides_comments_on_commits,2,output/Flux/persona/provides_comments_on_commits/seed_0002.png,yes,True
Flux,persona,provides_comments_on_commits,3,output/Flux/persona/provides_comments_on_commits/seed_0003.png,yes,True
Flux,persona,provides_comments_on_commits,4,output/Flux/persona/provides_comments_on_commits/seed_0004.png,yes,True
Flux,persona,provides_comments_on_commits,5,output/Flux/persona/provides_comments_on_commits/seed_0005.png,yes,True
Flux,persona,provides_comments_on_commits,6,output/Flux/persona/provides_comments_on_commits/seed_0006.png,yes,True
Flux,persona,provides_comments_on_commits,7,output/Flux/persona/provides_comments_on_commits/seed_0007.png,yes,True
Flux,persona,provides_comments_on_commits,8,output/Flux/persona/provides_comments_on_commits/seed_0008.png,yes,True
Flux,persona,provides_comments_on_commits,9,output/Flux/persona/provides_comments_on_commits/seed_0009.png,yes,True
Flux,persona,provides_comments_on_issues,0,output/Flux/persona/provides_comments_on_issues/seed_0000.png,yes,True
Flux,persona,provides_comments_on_issues,1,output/Flux/persona/provides_comments_on_issues/seed_0001.png,yes,True
Flux,persona,provides_comments_on_issues,2,output/Flux/persona/provides_comments_on_issues/seed_0002.png,yes,True
Flux,persona,provides_comments_on_issues,3,output/Flux/persona/provides_comments_on_issues/seed_0003.png,yes,True
Flux,persona,provides_comments_on_issues,4,output/Flux/persona/provides_comments_on_issues/seed_0004.png,yes,True
Flux,persona,provides_comments_on_issues,5,output/Flux/persona/provides_comments_on_issues/seed_0005.png,yes,True
Flux,persona,provides_comments_on_issues,6,output/Flux/persona/provides_comments_on_issues/seed_0006.png,yes,True
Flux,persona,provides_comments_on_issues,7,output/Flux/persona/provides_comments_on_issues/seed_0007.png,yes,True
Flux,persona,provides_comments_on_issues,8,output/Flux/persona/provides_comments_on_issues/seed_0008.png,yes,True
Flux,persona,provides_comments_on_issues,9,output/Flux/persona/provides_comments_on_issues/seed_0009.png,yes,True
Flux,persona,provides_comments_on_project_milestones,0,output/Flux/persona/provides_comments_on_project_milestones/seed_0000.png,yes,True
Flux,persona,provides_comments_on_project_milestones,1,output/Flux/persona/provides_comments_on_project_milestones/seed_0001.png,yes,True
Flux,persona,provides_comments_on_project_milestones,2,output/Flux/persona/provides_comments_on_project_milestones/seed_0002.png,yes,True
Flux,persona,provides_comments_on_project_milestones,3,output/Flux/persona/provides_comments_on_project_milestones/seed_0003.png,yes,True
Flux,persona,provides_comments_on_project_milestones,4,output/Flux/persona/provides_comments_on_project_milestones/seed_0004.png,yes,True
Flux,persona,provides_comments_on_project_milestones,5,output/Flux/persona/provides_comments_on_project_milestones/seed_0005.png,yes,True
Flux,persona,provides_comments_on_project_milestones,6,output/Flux/persona/provides_comments_on_project_milestones/seed_0006.png,yes,True
Flux,persona,provides_comments_on_project_milestones,7,output/Flux/persona/provides_comments_on_project_milestones/seed_0007.png,yes,True
Flux,persona,provides_comments_on_project_milestones,8,output/Flux/persona/provides_comments_on_project_milestones/seed_0008.png,yes,True
Flux,persona,provides_comments_on_project_milestones,9,output/Flux/persona/provides_comments_on_project_milestones/seed_0009.png,yes,True
Flux,persona,provides_enhancements,0,output/Flux/persona/provides_enhancements/seed_0000.png,yes,True
Flux,persona,provides_enhancements,1,output/Flux/persona/provides_enhancements/seed_0001.png,yes,True
Flux,persona,provides_enhancements,2,output/Flux/persona/provides_enhancements/seed_0002.png,yes,True
Flux,persona,provides_enhancements,3,output/Flux/persona/provides_enhancements/seed_0003.png,yes,True
Flux,persona,provides_enhancements,4,output/Flux/persona/provides_enhancements/seed_0004.png,yes,True
Flux,persona,provides_enhancements,5,output/Flux/persona/provides_enhancements/seed_0005.png,yes,True
Flux,persona,provides_enhancements,6,output/Flux/persona/provides_enhancements/seed_0006.png,yes,True
Flux,persona,provides_enhancements,7,output/Flux/persona/provides_enhancements/seed_0007.png,yes,True
Flux,persona,provides_enhancements,8,output/Flux/persona/provides_enhancements/seed_0008.png,yes,True
Flux,persona,provides_enhancements,9,output/Flux/persona/provides_enhancements/seed_0009.png,yes,True
Flux,persona,reads_artifacts,0,output/Flux/persona/reads_artifacts/seed_0000.png,yes,True
Flux,persona,reads_artifacts,1,output/Flux/persona/reads_artifacts/seed_0001.png,yes,True
Flux,persona,reads_artifacts,2,output/Flux/persona/reads_artifacts/seed_0002.png,yes,True
Flux,persona,reads_artifacts,3,output/Flux/persona/reads_artifacts/seed_0003.png,yes,True
Flux,persona,reads_artifacts,4,output/Flux/persona/reads_artifacts/seed_0004.png,yes,True
Flux,persona,reads_artifacts,5,output/Flux/persona/reads_artifacts/seed_0005.png,yes,True
Flux,persona,reads_artifacts,6,output/Flux/persona/reads_artifacts/seed_0006.png,yes,True
Flux,persona,reads_artifacts,7,output/Flux/persona/reads_artifacts/seed_0007.png,yes,True
Flux,persona,reads_artifacts,8,output/Flux/persona/reads_artifacts/seed_0008.png,yes,True
Flux,persona,reads_artifacts,9,output/Flux/persona/reads_artifacts/seed_0009.png,yes,True
Flux,persona,reads_changes,0,output/Flux/persona/reads_changes/seed_0000.png,yes,True
Flux,persona,reads_changes,1,output/Flux/persona/reads_changes/seed_0001.png,yes,True
Flux,persona,reads_changes,2,output/Flux/persona/reads_changes/seed_0002.png,yes,True
Flux,persona,reads_changes,3,output/Flux/persona/reads_changes/seed_0003.png,yes,True
Flux,persona,reads_changes,4,output/Flux/persona/reads_changes/seed_0004.png,yes,True
Flux,persona,reads_changes,5,output/Flux/persona/reads_changes/seed_0005.png,yes,True
Flux,persona,reads_changes,6,output/Flux/persona/reads_changes/seed_0006.png,yes,True
Flux,persona,reads_changes,7,output/Flux/persona/reads_changes/seed_0007.png,yes,True
Flux,persona,reads_changes,8,output/Flux/persona/reads_changes/seed_0008.png,yes,True
Flux,persona,reads_changes,9,output/Flux/persona/reads_changes/seed_0009.png,yes,True
Flux,persona,reads_reviews_code,0,output/Flux/persona/reads_reviews_code/seed_0000.png,yes,True
Flux,persona,reads_reviews_code,1,output/Flux/persona/reads_reviews_code/seed_0001.png,yes,True
Flux,persona,reads_reviews_code,2,output/Flux/persona/reads_reviews_code/seed_0002.png,yes,True
Flux,persona,reads_reviews_code,3,output/Flux/persona/reads_reviews_code/seed_0003.png,yes,True
Flux,persona,reads_reviews_code,4,output/Flux/persona/reads_reviews_code/seed_0004.png,yes,True
Flux,persona,reads_reviews_code,5,output/Flux/persona/reads_reviews_code/seed_0005.png,yes,True
Flux,persona,reads_reviews_code,6,output/Flux/persona/reads_reviews_code/seed_0006.png,yes,True
Flux,persona,reads_reviews_code,7,output/Flux/persona/reads_reviews_code/seed_0007.png,yes,True
Flux,persona,reads_reviews_code,8,output/Flux/persona/reads_reviews_code/seed_0008.png,yes,True
Flux,persona,reads_reviews_code,9,output/Flux/persona/reads_reviews_code/seed_0009.png,yes,True
Flux,persona,releases_code_versions,0,output/Flux/persona/releases_code_versions/seed_0000.png,yes,True
Flux,persona,releases_code_versions,1,output/Flux/persona/releases_code_versions/seed_0001.png,yes,True
Flux,persona,releases_code_versions,2,output/Flux/persona/releases_code_versions/seed_0002.png,yes,True
Flux,persona,releases_code_versions,3,output/Flux/persona/releases_code_versions/seed_0003.png,yes,True
Flux,persona,releases_code_versions,4,output/Flux/persona/releases_code_versions/seed_0004.png,yes,True
Flux,persona,releases_code_versions,5,output/Flux/persona/releases_code_versions/seed_0005.png,yes,True
Flux,persona,releases_code_versions,6,output/Flux/persona/releases_code_versions/seed_0006.png,yes,True
Flux,persona,releases_code_versions,7,output/Flux/persona/releases_code_versions/seed_0007.png,yes,True
Flux,persona,releases_code_versions,8,output/Flux/persona/releases_code_versions/seed_0008.png,yes,True
Flux,persona,releases_code_versions,9,output/Flux/persona/releases_code_versions/seed_0009.png,yes,True
Flux,persona,removes_dead_code,0,output/Flux/persona/removes_dead_code/seed_0000.png,yes,True
Flux,persona,removes_dead_code,1,output/Flux/persona/removes_dead_code/seed_0001.png,yes,True
Flux,persona,removes_dead_code,2,output/Flux/persona/removes_dead_code/seed_0002.png,yes,True
Flux,persona,removes_dead_code,3,output/Flux/persona/removes_dead_code/seed_0003.png,yes,True
Flux,persona,removes_dead_code,4,output/Flux/persona/removes_dead_code/seed_0004.png,yes,True
Flux,persona,removes_dead_code,5,output/Flux/persona/removes_dead_code/seed_0005.png,yes,True
Flux,persona,removes_dead_code,6,output/Flux/persona/removes_dead_code/seed_0006.png,yes,True
Flux,persona,removes_dead_code,7,output/Flux/persona/removes_dead_code/seed_0007.png,yes,True
Flux,persona,removes_dead_code,8,output/Flux/persona/removes_dead_code/seed_0008.png,yes,True
Flux,persona,removes_dead_code,9,output/Flux/persona/removes_dead_code/seed_0009.png,yes,True
Flux,persona,restructures_code,0,output/Flux/persona/restructures_code/seed_0000.png,yes,True
Flux,persona,restructures_code,1,output/Flux/persona/restructures_code/seed_0001.png,yes,True
Flux,persona,restructures_code,2,output/Flux/persona/restructures_code/seed_0002.png,yes,True
Flux,persona,restructures_code,3,output/Flux/persona/restructures_code/seed_0003.png,yes,True
Flux,persona,restructures_code,4,output/Flux/persona/restructures_code/seed_0004.png,yes,True
Flux,persona,restructures_code,5,output/Flux/persona/restructures_code/seed_0005.png,yes,True
Flux,persona,restructures_code,6,output/Flux/persona/restructures_code/seed_0006.png,yes,True
Flux,persona,restructures_code,7,output/Flux/persona/restructures_code/seed_0007.png,yes,True
Flux,persona,restructures_code,8,output/Flux/persona/restructures_code/seed_0008.png,yes,True
Flux,persona,restructures_code,9,output/Flux/persona/restructures_code/seed_0009.png,yes,True
Flux,persona,reviews_pull_requests,0,output/Flux/persona/reviews_pull_requests/seed_0000.png,yes,True
Flux,persona,reviews_pull_requests,1,output/Flux/persona/reviews_pull_requests/seed_0001.png,yes,True
Flux,persona,reviews_pull_requests,2,output/Flux/persona/reviews_pull_requests/seed_0002.png,yes,True
Flux,persona,reviews_pull_requests,3,output/Flux/persona/reviews_pull_requests/seed_0003.png,yes,True
Flux,persona,reviews_pull_requests,4,output/Flux/persona/reviews_pull_requests/seed_0004.png,yes,True
Flux,persona,reviews_pull_requests,5,output/Flux/persona/reviews_pull_requests/seed_0005.png,yes,True
Flux,persona,reviews_pull_requests,6,output/Flux/persona/reviews_pull_requests/seed_0006.png,yes,True
Flux,persona,reviews_pull_requests,7,output/Flux/persona/reviews_pull_requests/seed_0007.png,yes,True
Flux,persona,reviews_pull_requests,8,output/Flux/persona/reviews_pull_requests/seed_0008.png,yes,True
Flux,persona,reviews_pull_requests,9,output/Flux/persona/reviews_pull_requests/seed_0009.png,yes,True
Flux,persona,stores_design_versions,0,output/Flux/persona/stores_design_versions/seed_0000.png,yes,True
Flux,persona,stores_design_versions,1,output/Flux/persona/stores_design_versions/seed_0001.png,yes,True
Flux,persona,stores_design_versions,2,output/Flux/persona/stores_design_versions/seed_0002.png,yes,True
Flux,persona,stores_design_versions,3,output/Flux/persona/stores_design_versions/seed_0003.png,yes,True
Flux,persona,stores_design_versions,4,output/Flux/persona/stores_design_versions/seed_0004.png,yes,True
Flux,persona,stores_design_versions,5,output/Flux/persona/stores_design_versions/seed_0005.png,yes,True
Flux,persona,stores_design_versions,6,output/Flux/persona/stores_design_versions/seed_0006.png,yes,True
Flux,persona,stores_design_versions,7,output/Flux/persona/stores_design_versions/seed_0007.png,yes,True
Flux,persona,stores_design_versions,8,output/Flux/persona/stores_design_versions/seed_0008.png,yes,True
Flux,persona,stores_design_versions,9,output/Flux/persona/stores_design_versions/seed_0009.png,yes,True
Flux,persona,submits_changes,0,output/Flux/persona/submits_changes/seed_0000.png,yes,True
Flux,persona,submits_changes,1,output/Flux/persona/submits_changes/seed_0001.png,yes,True
Flux,persona,submits_changes,2,output/Flux/persona/submits_changes/seed_0002.png,yes,True
Flux,persona,submits_changes,3,output/Flux/persona/submits_changes/seed_0003.png,yes,True
Flux,persona,submits_changes,4,output/Flux/persona/submits_changes/seed_0004.png,yes,True
Flux,persona,submits_changes,5,output/Flux/persona/submits_changes/seed_0005.png,yes,True
Flux,persona,submits_changes,6,output/Flux/persona/submits_changes/seed_0006.png,yes,True
Flux,persona,submits_changes,7,output/Flux/persona/submits_changes/seed_0007.png,yes,True
Flux,persona,submits_changes,8,output/Flux/persona/submits_changes/seed_0008.png,yes,True
Flux,persona,submits_changes,9,output/Flux/persona/submits_changes/seed_0009.png,yes,True
Flux,persona,submits_pull_requests,0,output/Flux/persona/submits_pull_requests/seed_0000.png,yes,True
Flux,persona,submits_pull_requests,1,output/Flux/persona/submits_pull_requests/seed_0001.png,yes,True
Flux,persona,submits_pull_requests,2,output/Flux/persona/submits_pull_requests/seed_0002.png,yes,True
Flux,persona,submits_pull_requests,3,output/Flux/persona/submits_pull_requests/seed_0003.png,yes,True
Flux,persona,submits_pull_requests,4,output/Flux/persona/submits_pull_requests/seed_0004.png,yes,True
Flux,persona,submits_pull_requests,5,output/Flux/persona/submits_pull_requests/seed_0005.png,yes,True
Flux,persona,submits_pull_requests,6,output/Flux/persona/submits_pull_requests/seed_0006.png,yes,True
Flux,persona,submits_pull_requests,7,output/Flux/persona/submits_pull_requests/seed_0007.png,yes,True
Flux,persona,submits_pull_requests,8,output/Flux/persona/submits_pull_requests/seed_0008.png,yes,True
Flux,persona,submits_pull_requests,9,output/Flux/persona/submits_pull_requests/seed_0009.png,yes,True
Flux,persona,tests,0,output/Flux/persona/tests/seed_0000.png,yes,True
Flux,persona,tests,1,output/Flux/persona/tests/seed_0001.png,yes,True
Flux,persona,tests,2,output/Flux/persona/tests/seed_0002.png,yes,True
Flux,persona,tests,3,output/Flux/persona/tests/seed_0003.png,yes,True
Flux,persona,tests,4,output/Flux/persona/tests/seed_0004.png,yes,True
Flux,persona,tests,5,output/Flux/persona/tests/seed_0005.png,yes,True
Flux,persona,tests,6,output/Flux/persona/tests/seed_0006.png,yes,True
Flux,persona,tests,7,output/Flux/persona/tests/seed_0007.png,yes,True
Flux,persona,tests,8,output/Flux/persona/tests/seed_0008.png,yes,True
Flux,persona,tests,9,output/Flux/persona/tests/seed_0009.png,yes,True
Flux,persona,writes_artifacts,0,output/Flux/persona/writes_artifacts/seed_0000.png,yes,True
Flux,persona,writes_artifacts,1,output/Flux/persona/writes_artifacts/seed_0001.png,yes,True
Flux,persona,writes_artifacts,2,output/Flux/persona/writes_artifacts/seed_0002.png,yes,True
Flux,persona,writes_artifacts,3,output/Flux/persona/writes_artifacts/seed_0003.png,yes,True
Flux,persona,writes_artifacts,4,output/Flux/persona/writes_artifacts/seed_0004.png,yes,True
Flux,persona,writes_artifacts,5,output/Flux/persona/writes_artifacts/seed_0005.png,yes,True
Flux,persona,writes_artifacts,6,output/Flux/persona/writes_artifacts/seed_0006.png,yes,True
Flux,persona,writes_artifacts,7,output/Flux/persona/writes_artifacts/seed_0007.png,yes,True
Flux,persona,writes_artifacts,8,output/Flux/persona/writes_artifacts/seed_0008.png,yes,True
Flux,persona,writes_artifacts,9,output/Flux/persona/writes_artifacts/seed_0009.png,yes,True
Flux,persona,writes_documentation_wiki_pages,0,output/Flux/persona/writes_documentation_wiki_pages/seed_0000.png,yes,True
Flux,persona,writes_documentation_wiki_pages,1,output/Flux/persona/writes_documentation_wiki_pages/seed_0001.png,yes,True
Flux,persona,writes_documentation_wiki_pages,2,output/Flux/persona/writes_documentation_wiki_pages/seed_0002.png,yes,True
Flux,persona,writes_documentation_wiki_pages,3,output/Flux/persona/writes_documentation_wiki_pages/seed_0003.png,yes,True
Flux,persona,writes_documentation_wiki_pages,4,output/Flux/persona/writes_documentation_wiki_pages/seed_0004.png,yes,True
Flux,persona,writes_documentation_wiki_pages,5,output/Flux/persona/writes_documentation_wiki_pages/seed_0005.png,yes,True
Flux,persona,writes_documentation_wiki_pages,6,output/Flux/persona/writes_documentation_wiki_pages/seed_0006.png,yes,True
Flux,persona,writes_documentation_wiki_pages,7,output/Flux/persona/writes_documentation_wiki_pages/seed_0007.png,yes,True
Flux,persona,writes_documentation_wiki_pages,8,output/Flux/persona/writes_documentation_wiki_pages/seed_0008.png,yes,True
Flux,persona,writes_documentation_wiki_pages,9,output/Flux/persona/writes_documentation_wiki_pages/seed_0009.png,yes,True
Flux,persona,writes_emails,0,output/Flux/persona/writes_emails/seed_0000.png,yes,True
Flux,persona,writes_emails,1,output/Flux/persona/writes_emails/seed_0001.png,yes,True
Flux,persona,writes_emails,2,output/Flux/persona/writes_emails/seed_0002.png,yes,True
Flux,persona,writes_emails,3,output/Flux/persona/writes_emails/seed_0003.png,yes,True
Flux,persona,writes_emails,4,output/Flux/persona/writes_emails/seed_0004.png,yes,True
Flux,persona,writes_emails,5,output/Flux/persona/writes_emails/seed_0005.png,yes,True
Flux,persona,writes_emails,6,output/Flux/persona/writes_emails/seed_0006.png,yes,True
Flux,persona,writes_emails,7,output/Flux/persona/writes_emails/seed_0007.png,yes,True
Flux,persona,writes_emails,8,output/Flux/persona/writes_emails/seed_0008.png,yes,True
Flux,persona,writes_emails,9,output/Flux/persona/writes_emails/seed_0009.png,yes,True
Flux,descriptive,accepts_changes,0,output/Flux/descriptive/accepts_changes/seed_0000.png,yes,True
Flux,descriptive,accepts_changes,1,output/Flux/descriptive/accepts_changes/seed_0001.png,yes,True
Flux,descriptive,accepts_changes,2,output/Flux/descriptive/accepts_changes/seed_0002.png,yes,True
Flux,descriptive,accepts_changes,3,output/Flux/descriptive/accepts_changes/seed_0003.png,yes,True
Flux,descriptive,accepts_changes,4,output/Flux/descriptive/accepts_changes/seed_0004.png,yes,True
Flux,descriptive,accepts_changes,5,output/Flux/descriptive/accepts_changes/seed_0005.png,yes,True
Flux,descriptive,accepts_changes,6,output/Flux/descriptive/accepts_changes/seed_0006.png,yes,True
Flux,descriptive,accepts_changes,7,output/Flux/descriptive/accepts_changes/seed_0007.png,yes,True
Flux,descriptive,accepts_changes,8,output/Flux/descriptive/accepts_changes/seed_0008.png,yes,True
Flux,descriptive,accepts_changes,9,output/Flux/descriptive/accepts_changes/seed_0009.png,yes,True
Flux,descriptive,archives_code_versions,0,output/Flux/descriptive/archives_code_versions/seed_0000.png,yes,True
Flux,descriptive,archives_code_versions,1,output/Flux/descriptive/archives_code_versions/seed_0001.png,yes,True
Flux,descriptive,archives_code_versions,2,output/Flux/descriptive/archives_code_versions/seed_0002.png,yes,True
Flux,descriptive,archives_code_versions,3,output/Flux/descriptive/archives_code_versions/seed_0003.png,yes,True
Flux,descriptive,archives_code_versions,4,output/Flux/descriptive/archives_code_versions/seed_0004.png,yes,True
Flux,descriptive,archives_code_versions,5,output/Flux/descriptive/archives_code_versions/seed_0005.png,yes,True
Flux,descriptive,archives_code_versions,6,output/Flux/descriptive/archives_code_versions/seed_0006.png,yes,True
Flux,descriptive,archives_code_versions,7,output/Flux/descriptive/archives_code_versions/seed_0007.png,yes,True
Flux,descriptive,archives_code_versions,8,output/Flux/descriptive/archives_code_versions/seed_0008.png,yes,True
Flux,descriptive,archives_code_versions,9,output/Flux/descriptive/archives_code_versions/seed_0009.png,yes,True
Flux,descriptive,asks_coworkers,0,output/Flux/descriptive/asks_coworkers/seed_0000.png,yes,True
Flux,descriptive,asks_coworkers,1,output/Flux/descriptive/asks_coworkers/seed_0001.png,yes,True
Flux,descriptive,asks_coworkers,2,output/Flux/descriptive/asks_coworkers/seed_0002.png,yes,True
Flux,descriptive,asks_coworkers,3,output/Flux/descriptive/asks_coworkers/seed_0003.png,yes,True
Flux,descriptive,asks_coworkers,4,output/Flux/descriptive/asks_coworkers/seed_0004.png,yes,True
Flux,descriptive,asks_coworkers,5,output/Flux/descriptive/asks_coworkers/seed_0005.png,yes,True
Flux,descriptive,asks_coworkers,6,output/Flux/descriptive/asks_coworkers/seed_0006.png,yes,True
Flux,descriptive,asks_coworkers,7,output/Flux/descriptive/asks_coworkers/seed_0007.png,yes,True
Flux,descriptive,asks_coworkers,8,output/Flux/descriptive/asks_coworkers/seed_0008.png,yes,True
Flux,descriptive,asks_coworkers,9,output/Flux/descriptive/asks_coworkers/seed_0009.png,yes,True
Flux,descriptive,assesses_potential_problems,0,output/Flux/descriptive/assesses_potential_problems/seed_0000.png,yes,True
Flux,descriptive,assesses_potential_problems,1,output/Flux/descriptive/assesses_potential_problems/seed_0001.png,yes,True
Flux,descriptive,assesses_potential_problems,2,output/Flux/descriptive/assesses_potential_problems/seed_0002.png,yes,True
Flux,descriptive,assesses_potential_problems,3,output/Flux/descriptive/assesses_potential_problems/seed_0003.png,yes,True
Flux,descriptive,assesses_potential_problems,4,output/Flux/descriptive/assesses_potential_problems/seed_0004.png,yes,True
Flux,descriptive,assesses_potential_problems,5,output/Flux/descriptive/assesses_potential_problems/seed_0005.png,yes,True
Flux,descriptive,assesses_potential_problems,6,output/Flux/descriptive/assesses_potential_problems/seed_0006.png,yes,True
Flux,descriptive,assesses_potential_problems,7,output/Flux/descriptive/assesses_potential_problems/seed_0007.png,yes,True
Flux,descriptive,assesses_potential_problems,8,output/Flux/descriptive/assesses_potential_problems/seed_0008.png,yes,True
Flux,descriptive,assesses_potential_problems,9,output/Flux/descriptive/assesses_potential_problems/seed_0009.png,yes,True
Flux,descriptive,assigns_github_issues,0,output/Flux/descriptive/assigns_github_issues/seed_0000.png,yes,True
Flux,descriptive,assigns_github_issues,1,output/Flux/descriptive/assigns_github_issues/seed_0001.png,yes,True
Flux,descriptive,assigns_github_issues,2,output/Flux/descriptive/assigns_github_issues/seed_0002.png,yes,True
Flux,descriptive,assigns_github_issues,3,output/Flux/descriptive/assigns_github_issues/seed_0003.png,yes,True
Flux,descriptive,assigns_github_issues,4,output/Flux/descriptive/assigns_github_issues/seed_0004.png,yes,True
Flux,descriptive,assigns_github_issues,5,output/Flux/descriptive/assigns_github_issues/seed_0005.png,yes,True
Flux,descriptive,assigns_github_issues,6,output/Flux/descriptive/assigns_github_issues/seed_0006.png,yes,True
Flux,descriptive,assigns_github_issues,7,output/Flux/descriptive/assigns_github_issues/seed_0007.png,yes,True
Flux,descriptive,assigns_github_issues,8,output/Flux/descriptive/assigns_github_issues/seed_0008.png,yes,True
Flux,descriptive,assigns_github_issues,9,output/Flux/descriptive/assigns_github_issues/seed_0009.png,yes,True
Flux,descriptive,browses_articles,0,output/Flux/descriptive/browses_articles/seed_0000.png,yes,True
Flux,descriptive,browses_articles,1,output/Flux/descriptive/browses_articles/seed_0001.png,yes,True
Flux,descriptive,browses_articles,2,output/Flux/descriptive/browses_articles/seed_0002.png,yes,True
Flux,descriptive,browses_articles,3,output/Flux/descriptive/browses_articles/seed_0003.png,yes,True
Flux,descriptive,browses_articles,4,output/Flux/descriptive/browses_articles/seed_0004.png,yes,True
Flux,descriptive,browses_articles,5,output/Flux/descriptive/browses_articles/seed_0005.png,yes,True
Flux,descriptive,browses_articles,6,output/Flux/descriptive/browses_articles/seed_0006.png,yes,True
Flux,descriptive,browses_articles,7,output/Flux/descriptive/browses_articles/seed_0007.png,yes,True
Flux,descriptive,browses_articles,8,output/Flux/descriptive/browses_articles/seed_0008.png,yes,True
Flux,descriptive,browses_articles,9,output/Flux/descriptive/browses_articles/seed_0009.png,yes,True
Flux,descriptive,browses_documentation,0,output/Flux/descriptive/browses_documentation/seed_0000.png,yes,True
Flux,descriptive,browses_documentation,1,output/Flux/descriptive/browses_documentation/seed_0001.png,yes,True
Flux,descriptive,browses_documentation,2,output/Flux/descriptive/browses_documentation/seed_0002.png,yes,True
Flux,descriptive,browses_documentation,3,output/Flux/descriptive/browses_documentation/seed_0003.png,yes,True
Flux,descriptive,browses_documentation,4,output/Flux/descriptive/browses_documentation/seed_0004.png,yes,True
Flux,descriptive,browses_documentation,5,output/Flux/descriptive/browses_documentation/seed_0005.png,yes,True
Flux,descriptive,browses_documentation,6,output/Flux/descriptive/browses_documentation/seed_0006.png,yes,True
Flux,descriptive,browses_documentation,7,output/Flux/descriptive/browses_documentation/seed_0007.png,yes,True
Flux,descriptive,browses_documentation,8,output/Flux/descriptive/browses_documentation/seed_0008.png,yes,True
Flux,descriptive,browses_documentation,9,output/Flux/descriptive/browses_documentation/seed_0009.png,yes,True
Flux,descriptive,browses_faqs,0,output/Flux/descriptive/browses_faqs/seed_0000.png,yes,True
Flux,descriptive,browses_faqs,1,output/Flux/descriptive/browses_faqs/seed_0001.png,yes,True
Flux,descriptive,browses_faqs,2,output/Flux/descriptive/browses_faqs/seed_0002.png,yes,True
Flux,descriptive,browses_faqs,3,output/Flux/descriptive/browses_faqs/seed_0003.png,yes,True
Flux,descriptive,browses_faqs,4,output/Flux/descriptive/browses_faqs/seed_0004.png,yes,True
Flux,descriptive,browses_faqs,5,output/Flux/descriptive/browses_faqs/seed_0005.png,yes,True
Flux,descriptive,browses_faqs,6,output/Flux/descriptive/browses_faqs/seed_0006.png,yes,True
Flux,descriptive,browses_faqs,7,output/Flux/descriptive/browses_faqs/seed_0007.png,yes,True
Flux,descriptive,browses_faqs,8,output/Flux/descriptive/browses_faqs/seed_0008.png,yes,True
Flux,descriptive,browses_faqs,9,output/Flux/descriptive/browses_faqs/seed_0009.png,yes,True
Flux,descriptive,browses_the_web,0,output/Flux/descriptive/browses_the_web/seed_0000.png,yes,True
Flux,descriptive,browses_the_web,1,output/Flux/descriptive/browses_the_web/seed_0001.png,yes,True
Flux,descriptive,browses_the_web,2,output/Flux/descriptive/browses_the_web/seed_0002.png,yes,True
Flux,descriptive,browses_the_web,3,output/Flux/descriptive/browses_the_web/seed_0003.png,yes,True
Flux,descriptive,browses_the_web,4,output/Flux/descriptive/browses_the_web/seed_0004.png,yes,True
Flux,descriptive,browses_the_web,5,output/Flux/descriptive/browses_the_web/seed_0005.png,yes,True
Flux,descriptive,browses_the_web,6,output/Flux/descriptive/browses_the_web/seed_0006.png,yes,True
Flux,descriptive,browses_the_web,7,output/Flux/descriptive/browses_the_web/seed_0007.png,yes,True
Flux,descriptive,browses_the_web,8,output/Flux/descriptive/browses_the_web/seed_0008.png,yes,True
Flux,descriptive,browses_the_web,9,output/Flux/descriptive/browses_the_web/seed_0009.png,yes,True
Flux,descriptive,classifies_requirements,0,output/Flux/descriptive/classifies_requirements/seed_0000.png,yes,True
Flux,descriptive,classifies_requirements,1,output/Flux/descriptive/classifies_requirements/seed_0001.png,yes,True
Flux,descriptive,classifies_requirements,2,output/Flux/descriptive/classifies_requirements/seed_0002.png,yes,True
Flux,descriptive,classifies_requirements,3,output/Flux/descriptive/classifies_requirements/seed_0003.png,yes,True
Flux,descriptive,classifies_requirements,4,output/Flux/descriptive/classifies_requirements/seed_0004.png,yes,True
Flux,descriptive,classifies_requirements,5,output/Flux/descriptive/classifies_requirements/seed_0005.png,yes,True
Flux,descriptive,classifies_requirements,6,output/Flux/descriptive/classifies_requirements/seed_0006.png,yes,True
Flux,descriptive,classifies_requirements,7,output/Flux/descriptive/classifies_requirements/seed_0007.png,yes,True
Flux,descriptive,classifies_requirements,8,output/Flux/descriptive/classifies_requirements/seed_0008.png,yes,True
Flux,descriptive,classifies_requirements,9,output/Flux/descriptive/classifies_requirements/seed_0009.png,yes,True
Flux,descriptive,codes,0,output/Flux/descriptive/codes/seed_0000.png,yes,True
Flux,descriptive,codes,1,output/Flux/descriptive/codes/seed_0001.png,yes,True
Flux,descriptive,codes,2,output/Flux/descriptive/codes/seed_0002.png,yes,True
Flux,descriptive,codes,3,output/Flux/descriptive/codes/seed_0003.png,yes,True
Flux,descriptive,codes,4,output/Flux/descriptive/codes/seed_0004.png,yes,True
Flux,descriptive,codes,5,output/Flux/descriptive/codes/seed_0005.png,yes,True
Flux,descriptive,codes,6,output/Flux/descriptive/codes/seed_0006.png,yes,True
Flux,descriptive,codes,7,output/Flux/descriptive/codes/seed_0007.png,yes,True
Flux,descriptive,codes,8,output/Flux/descriptive/codes/seed_0008.png,yes,True
Flux,descriptive,codes,9,output/Flux/descriptive/codes/seed_0009.png,yes,True
Flux,descriptive,commits_code,0,output/Flux/descriptive/commits_code/seed_0000.png,yes,True
Flux,descriptive,commits_code,1,output/Flux/descriptive/commits_code/seed_0001.png,yes,True
Flux,descriptive,commits_code,2,output/Flux/descriptive/commits_code/seed_0002.png,yes,True
Flux,descriptive,commits_code,3,output/Flux/descriptive/commits_code/seed_0003.png,yes,True
Flux,descriptive,commits_code,4,output/Flux/descriptive/commits_code/seed_0004.png,yes,True
Flux,descriptive,commits_code,5,output/Flux/descriptive/commits_code/seed_0005.png,yes,True
Flux,descriptive,commits_code,6,output/Flux/descriptive/commits_code/seed_0006.png,yes,True
Flux,descriptive,commits_code,7,output/Flux/descriptive/commits_code/seed_0007.png,yes,True
Flux,descriptive,commits_code,8,output/Flux/descriptive/commits_code/seed_0008.png,yes,True
Flux,descriptive,commits_code,9,output/Flux/descriptive/commits_code/seed_0009.png,yes,True
Flux,descriptive,edits_artifacts,0,output/Flux/descriptive/edits_artifacts/seed_0000.png,yes,True
Flux,descriptive,edits_artifacts,1,output/Flux/descriptive/edits_artifacts/seed_0001.png,yes,True
Flux,descriptive,edits_artifacts,2,output/Flux/descriptive/edits_artifacts/seed_0002.png,yes,True
Flux,descriptive,edits_artifacts,3,output/Flux/descriptive/edits_artifacts/seed_0003.png,yes,True
Flux,descriptive,edits_artifacts,4,output/Flux/descriptive/edits_artifacts/seed_0004.png,yes,True
Flux,descriptive,edits_artifacts,5,output/Flux/descriptive/edits_artifacts/seed_0005.png,yes,True
Flux,descriptive,edits_artifacts,6,output/Flux/descriptive/edits_artifacts/seed_0006.png,yes,True
Flux,descriptive,edits_artifacts,7,output/Flux/descriptive/edits_artifacts/seed_0007.png,yes,True
Flux,descriptive,edits_artifacts,8,output/Flux/descriptive/edits_artifacts/seed_0008.png,yes,True
Flux,descriptive,edits_artifacts,9,output/Flux/descriptive/edits_artifacts/seed_0009.png,yes,True
Flux,descriptive,edits_code,0,output/Flux/descriptive/edits_code/seed_0000.png,yes,True
Flux,descriptive,edits_code,1,output/Flux/descriptive/edits_code/seed_0001.png,yes,True
Flux,descriptive,edits_code,2,output/Flux/descriptive/edits_code/seed_0002.png,yes,True
Flux,descriptive,edits_code,3,output/Flux/descriptive/edits_code/seed_0003.png,yes,True
Flux,descriptive,edits_code,4,output/Flux/descriptive/edits_code/seed_0004.png,yes,True
Flux,descriptive,edits_code,5,output/Flux/descriptive/edits_code/seed_0005.png,yes,True
Flux,descriptive,edits_code,6,output/Flux/descriptive/edits_code/seed_0006.png,yes,True
Flux,descriptive,edits_code,7,output/Flux/descriptive/edits_code/seed_0007.png,yes,True
Flux,descriptive,edits_code,8,output/Flux/descriptive/edits_code/seed_0008.png,yes,True
Flux,descriptive,edits_code,9,output/Flux/descriptive/edits_code/seed_0009.png,yes,True
Flux,descriptive,elicits_requirements,0,output/Flux/descriptive/elicits_requirements/seed_0000.png,yes,True
Flux,descriptive,elicits_requirements,1,output/Flux/descriptive/elicits_requirements/seed_0001.png,yes,True
Flux,descriptive,elicits_requirements,2,output/Flux/descriptive/elicits_requirements/seed_0002.png,yes,True
Flux,descriptive,elicits_requirements,3,output/Flux/descriptive/elicits_requirements/seed_0003.png,yes,True
Flux,descriptive,elicits_requirements,4,output/Flux/descriptive/elicits_requirements/seed_0004.png,yes,True
Flux,descriptive,elicits_requirements,5,output/Flux/descriptive/elicits_requirements/seed_0005.png,yes,True
Flux,descriptive,elicits_requirements,6,output/Flux/descriptive/elicits_requirements/seed_0006.png,yes,True
Flux,descriptive,elicits_requirements,7,output/Flux/descriptive/elicits_requirements/seed_0007.png,yes,True
Flux,descriptive,elicits_requirements,8,output/Flux/descriptive/elicits_requirements/seed_0008.png,yes,True
Flux,descriptive,elicits_requirements,9,output/Flux/descriptive/elicits_requirements/seed_0009.png,yes,True
Flux,descriptive,estimates_tasks_projects,0,output/Flux/descriptive/estimates_tasks_projects/seed_0000.png,yes,True
Flux,descriptive,estimates_tasks_projects,1,output/Flux/descriptive/estimates_tasks_projects/seed_0001.png,yes,True
Flux,descriptive,estimates_tasks_projects,2,output/Flux/descriptive/estimates_tasks_projects/seed_0002.png,yes,True
Flux,descriptive,estimates_tasks_projects,3,output/Flux/descriptive/estimates_tasks_projects/seed_0003.png,yes,True
Flux,descriptive,estimates_tasks_projects,4,output/Flux/descriptive/estimates_tasks_projects/seed_0004.png,yes,True
Flux,descriptive,estimates_tasks_projects,5,output/Flux/descriptive/estimates_tasks_projects/seed_0005.png,yes,True
Flux,descriptive,estimates_tasks_projects,6,output/Flux/descriptive/estimates_tasks_projects/seed_0006.png,yes,True
Flux,descriptive,estimates_tasks_projects,7,output/Flux/descriptive/estimates_tasks_projects/seed_0007.png,yes,True
Flux,descriptive,estimates_tasks_projects,8,output/Flux/descriptive/estimates_tasks_projects/seed_0008.png,yes,True
Flux,descriptive,estimates_tasks_projects,9,output/Flux/descriptive/estimates_tasks_projects/seed_0009.png,yes,True
Flux,descriptive,fixes_bugs,0,output/Flux/descriptive/fixes_bugs/seed_0000.png,yes,True
Flux,descriptive,fixes_bugs,1,output/Flux/descriptive/fixes_bugs/seed_0001.png,yes,True
Flux,descriptive,fixes_bugs,2,output/Flux/descriptive/fixes_bugs/seed_0002.png,yes,True
Flux,descriptive,fixes_bugs,3,output/Flux/descriptive/fixes_bugs/seed_0003.png,yes,True
Flux,descriptive,fixes_bugs,4,output/Flux/descriptive/fixes_bugs/seed_0004.png,yes,True
Flux,descriptive,fixes_bugs,5,output/Flux/descriptive/fixes_bugs/seed_0005.png,yes,True
Flux,descriptive,fixes_bugs,6,output/Flux/descriptive/fixes_bugs/seed_0006.png,yes,True
Flux,descriptive,fixes_bugs,7,output/Flux/descriptive/fixes_bugs/seed_0007.png,yes,True
Flux,descriptive,fixes_bugs,8,output/Flux/descriptive/fixes_bugs/seed_0008.png,yes,True
Flux,descriptive,fixes_bugs,9,output/Flux/descriptive/fixes_bugs/seed_0009.png,yes,True
Flux,descriptive,fixes_defects,0,output/Flux/descriptive/fixes_defects/seed_0000.png,yes,True
Flux,descriptive,fixes_defects,1,output/Flux/descriptive/fixes_defects/seed_0001.png,yes,True
Flux,descriptive,fixes_defects,2,output/Flux/descriptive/fixes_defects/seed_0002.png,yes,True
Flux,descriptive,fixes_defects,3,output/Flux/descriptive/fixes_defects/seed_0003.png,yes,True
Flux,descriptive,fixes_defects,4,output/Flux/descriptive/fixes_defects/seed_0004.png,yes,True
Flux,descriptive,fixes_defects,5,output/Flux/descriptive/fixes_defects/seed_0005.png,yes,True
Flux,descriptive,fixes_defects,6,output/Flux/descriptive/fixes_defects/seed_0006.png,yes,True
Flux,descriptive,fixes_defects,7,output/Flux/descriptive/fixes_defects/seed_0007.png,yes,True
Flux,descriptive,fixes_defects,8,output/Flux/descriptive/fixes_defects/seed_0008.png,yes,True
Flux,descriptive,fixes_defects,9,output/Flux/descriptive/fixes_defects/seed_0009.png,yes,True
Flux,descriptive,generates_reports_documents,0,output/Flux/descriptive/generates_reports_documents/seed_0000.png,yes,True
Flux,descriptive,generates_reports_documents,1,output/Flux/descriptive/generates_reports_documents/seed_0001.png,yes,True
Flux,descriptive,generates_reports_documents,2,output/Flux/descriptive/generates_reports_documents/seed_0002.png,yes,True
Flux,descriptive,generates_reports_documents,3,output/Flux/descriptive/generates_reports_documents/seed_0003.png,yes,True
Flux,descriptive,generates_reports_documents,4,output/Flux/descriptive/generates_reports_documents/seed_0004.png,yes,True
Flux,descriptive,generates_reports_documents,5,output/Flux/descriptive/generates_reports_documents/seed_0005.png,yes,True
Flux,descriptive,generates_reports_documents,6,output/Flux/descriptive/generates_reports_documents/seed_0006.png,yes,True
Flux,descriptive,generates_reports_documents,7,output/Flux/descriptive/generates_reports_documents/seed_0007.png,yes,True
Flux,descriptive,generates_reports_documents,8,output/Flux/descriptive/generates_reports_documents/seed_0008.png,yes,True
Flux,descriptive,generates_reports_documents,9,output/Flux/descriptive/generates_reports_documents/seed_0009.png,yes,True
Flux,descriptive,has_meetings,0,output/Flux/descriptive/has_meetings/seed_0000.png,yes,True
Flux,descriptive,has_meetings,1,output/Flux/descriptive/has_meetings/seed_0001.png,yes,True
Flux,descriptive,has_meetings,2,output/Flux/descriptive/has_meetings/seed_0002.png,yes,True
Flux,descriptive,has_meetings,3,output/Flux/descriptive/has_meetings/seed_0003.png,yes,True
Flux,descriptive,has_meetings,4,output/Flux/descriptive/has_meetings/seed_0004.png,yes,True
Flux,descriptive,has_meetings,5,output/Flux/descriptive/has_meetings/seed_0005.png,yes,True
Flux,descriptive,has_meetings,6,output/Flux/descriptive/has_meetings/seed_0006.png,yes,True
Flux,descriptive,has_meetings,7,output/Flux/descriptive/has_meetings/seed_0007.png,yes,True
Flux,descriptive,has_meetings,8,output/Flux/descriptive/has_meetings/seed_0008.png,yes,True
Flux,descriptive,has_meetings,9,output/Flux/descriptive/has_meetings/seed_0009.png,yes,True
Flux,descriptive,helps_others,0,output/Flux/descriptive/helps_others/seed_0000.png,yes,True
Flux,descriptive,helps_others,1,output/Flux/descriptive/helps_others/seed_0001.png,yes,True
Flux,descriptive,helps_others,2,output/Flux/descriptive/helps_others/seed_0002.png,yes,True
Flux,descriptive,helps_others,3,output/Flux/descriptive/helps_others/seed_0003.png,yes,True
Flux,descriptive,helps_others,4,output/Flux/descriptive/helps_others/seed_0004.png,yes,True
Flux,descriptive,helps_others,5,output/Flux/descriptive/helps_others/seed_0005.png,yes,True
Flux,descriptive,helps_others,6,output/Flux/descriptive/helps_others/seed_0006.png,yes,True
Flux,descriptive,helps_others,7,output/Flux/descriptive/helps_others/seed_0007.png,yes,True
Flux,descriptive,helps_others,8,output/Flux/descriptive/helps_others/seed_0008.png,yes,True
Flux,descriptive,helps_others,9,output/Flux/descriptive/helps_others/seed_0009.png,yes,True
Flux,descriptive,identifies_constraints,0,output/Flux/descriptive/identifies_constraints/seed_0000.png,yes,True
Flux,descriptive,identifies_constraints,1,output/Flux/descriptive/identifies_constraints/seed_0001.png,yes,True
Flux,descriptive,identifies_constraints,2,output/Flux/descriptive/identifies_constraints/seed_0002.png,yes,True
Flux,descriptive,identifies_constraints,3,output/Flux/descriptive/identifies_constraints/seed_0003.png,yes,True
Flux,descriptive,identifies_constraints,4,output/Flux/descriptive/identifies_constraints/seed_0004.png,yes,True
Flux,descriptive,identifies_constraints,5,output/Flux/descriptive/identifies_constraints/seed_0005.png,yes,True
Flux,descriptive,identifies_constraints,6,output/Flux/descriptive/identifies_constraints/seed_0006.png,yes,True
Flux,descriptive,identifies_constraints,7,output/Flux/descriptive/identifies_constraints/seed_0007.png,yes,True
Flux,descriptive,identifies_constraints,8,output/Flux/descriptive/identifies_constraints/seed_0008.png,yes,True
Flux,descriptive,identifies_constraints,9,output/Flux/descriptive/identifies_constraints/seed_0009.png,yes,True
Flux,descriptive,inspects_code,0,output/Flux/descriptive/inspects_code/seed_0000.png,yes,True
Flux,descriptive,inspects_code,1,output/Flux/descriptive/inspects_code/seed_0001.png,yes,True
Flux,descriptive,inspects_code,2,output/Flux/descriptive/inspects_code/seed_0002.png,yes,True
Flux,descriptive,inspects_code,3,output/Flux/descriptive/inspects_code/seed_0003.png,yes,True
Flux,descriptive,inspects_code,4,output/Flux/descriptive/inspects_code/seed_0004.png,yes,True
Flux,descriptive,inspects_code,5,output/Flux/descriptive/inspects_code/seed_0005.png,yes,True
Flux,descriptive,inspects_code,6,output/Flux/descriptive/inspects_code/seed_0006.png,yes,True
Flux,descriptive,inspects_code,7,output/Flux/descriptive/inspects_code/seed_0007.png,yes,True
Flux,descriptive,inspects_code,8,output/Flux/descriptive/inspects_code/seed_0008.png,yes,True
Flux,descriptive,inspects_code,9,output/Flux/descriptive/inspects_code/seed_0009.png,yes,True
Flux,descriptive,learns,0,output/Flux/descriptive/learns/seed_0000.png,yes,True
Flux,descriptive,learns,1,output/Flux/descriptive/learns/seed_0001.png,yes,True
Flux,descriptive,learns,2,output/Flux/descriptive/learns/seed_0002.png,yes,True
Flux,descriptive,learns,3,output/Flux/descriptive/learns/seed_0003.png,yes,True
Flux,descriptive,learns,4,output/Flux/descriptive/learns/seed_0004.png,yes,True
Flux,descriptive,learns,5,output/Flux/descriptive/learns/seed_0005.png,yes,True
Flux,descriptive,learns,6,output/Flux/descriptive/learns/seed_0006.png,yes,True
Flux,descriptive,learns,7,output/Flux/descriptive/learns/seed_0007.png,yes,True
Flux,descriptive,learns,8,output/Flux/descriptive/learns/seed_0008.png,yes,True
Flux,descriptive,learns,9,output/Flux/descriptive/learns/seed_0009.png,yes,True
Flux,descriptive,maintains_changes,0,output/Flux/descriptive/maintains_changes/seed_0000.png,yes,True
Flux,descriptive,maintains_changes,1,output/Flux/descriptive/maintains_changes/seed_0001.png,yes,True
Flux,descriptive,maintains_changes,2,output/Flux/descriptive/maintains_changes/seed_0002.png,yes,True
Flux,descriptive,maintains_changes,3,output/Flux/descriptive/maintains_changes/seed_0003.png,yes,True
Flux,descriptive,maintains_changes,4,output/Flux/descriptive/maintains_changes/seed_0004.png,yes,True
Flux,descriptive,maintains_changes,5,output/Flux/descriptive/maintains_changes/seed_0005.png,yes,True
Flux,descriptive,maintains_changes,6,output/Flux/descriptive/maintains_changes/seed_0006.png,yes,True
Flux,descriptive,maintains_changes,7,output/Flux/descriptive/maintains_changes/seed_0007.png,yes,True
Flux,descriptive,maintains_changes,8,output/Flux/descriptive/maintains_changes/seed_0008.png,yes,True
Flux,descriptive,maintains_changes,9,output/Flux/descriptive/maintains_changes/seed_0009.png,yes,True
Flux,descriptive,manages_development_branches,0,output/Flux/descriptive/manages_development_branches/seed_0000.png,yes,True
Flux,descriptive,manages_development_branches,1,output/Flux/descriptive/manages_development_branches/seed_0001.png,yes,True
Flux,descriptive,manages_development_branches,2,output/Flux/descriptive/manages_development_branches/seed_0002.png,yes,True
Flux,descriptive,manages_development_branches,3,output/Flux/descriptive/manages_development_branches/seed_0003.png,yes,True
Flux,descriptive,manages_development_branches,4,output/Flux/descriptive/manages_development_branches/seed_0004.png,yes,True
Flux,descriptive,manages_development_branches,5,output/Flux/descriptive/manages_development_branches/seed_0005.png,yes,True
Flux,descriptive,manages_development_branches,6,output/Flux/descriptive/manages_development_branches/seed_0006.png,yes,True
Flux,descriptive,manages_development_branches,7,output/Flux/descriptive/manages_development_branches/seed_0007.png,yes,True
Flux,descriptive,manages_development_branches,8,output/Flux/descriptive/manages_development_branches/seed_0008.png,yes,True
Flux,descriptive,manages_development_branches,9,output/Flux/descriptive/manages_development_branches/seed_0009.png,yes,True
Flux,descriptive,mentors_others,0,output/Flux/descriptive/mentors_others/seed_0000.png,yes,True
Flux,descriptive,mentors_others,1,output/Flux/descriptive/mentors_others/seed_0001.png,yes,True
Flux,descriptive,mentors_others,2,output/Flux/descriptive/mentors_others/seed_0002.png,yes,True
Flux,descriptive,mentors_others,3,output/Flux/descriptive/mentors_others/seed_0003.png,yes,True
Flux,descriptive,mentors_others,4,output/Flux/descriptive/mentors_others/seed_0004.png,yes,True
Flux,descriptive,mentors_others,5,output/Flux/descriptive/mentors_others/seed_0005.png,yes,True
Flux,descriptive,mentors_others,6,output/Flux/descriptive/mentors_others/seed_0006.png,yes,True
Flux,descriptive,mentors_others,7,output/Flux/descriptive/mentors_others/seed_0007.png,yes,True
Flux,descriptive,mentors_others,8,output/Flux/descriptive/mentors_others/seed_0008.png,yes,True
Flux,descriptive,mentors_others,9,output/Flux/descriptive/mentors_others/seed_0009.png,yes,True
Flux,descriptive,navigates_code,0,output/Flux/descriptive/navigates_code/seed_0000.png,yes,True
Flux,descriptive,navigates_code,1,output/Flux/descriptive/navigates_code/seed_0001.png,yes,True
Flux,descriptive,navigates_code,2,output/Flux/descriptive/navigates_code/seed_0002.png,yes,True
Flux,descriptive,navigates_code,3,output/Flux/descriptive/navigates_code/seed_0003.png,yes,True
Flux,descriptive,navigates_code,4,output/Flux/descriptive/navigates_code/seed_0004.png,yes,True
Flux,descriptive,navigates_code,5,output/Flux/descriptive/navigates_code/seed_0005.png,yes,True
Flux,descriptive,navigates_code,6,output/Flux/descriptive/navigates_code/seed_0006.png,yes,True
Flux,descriptive,navigates_code,7,output/Flux/descriptive/navigates_code/seed_0007.png,yes,True
Flux,descriptive,navigates_code,8,output/Flux/descriptive/navigates_code/seed_0008.png,yes,True
Flux,descriptive,navigates_code,9,output/Flux/descriptive/navigates_code/seed_0009.png,yes,True
Flux,descriptive,networks,0,output/Flux/descriptive/networks/seed_0000.png,yes,True
Flux,descriptive,networks,1,output/Flux/descriptive/networks/seed_0001.png,yes,True
Flux,descriptive,networks,2,output/Flux/descriptive/networks/seed_0002.png,yes,True
Flux,descriptive,networks,3,output/Flux/descriptive/networks/seed_0003.png,yes,True
Flux,descriptive,networks,4,output/Flux/descriptive/networks/seed_0004.png,yes,True
Flux,descriptive,networks,5,output/Flux/descriptive/networks/seed_0005.png,yes,True
Flux,descriptive,networks,6,output/Flux/descriptive/networks/seed_0006.png,yes,True
Flux,descriptive,networks,7,output/Flux/descriptive/networks/seed_0007.png,yes,True
Flux,descriptive,networks,8,output/Flux/descriptive/networks/seed_0008.png,yes,True
Flux,descriptive,networks,9,output/Flux/descriptive/networks/seed_0009.png,yes,True
Flux,descriptive,performs_administrative_tasks,0,output/Flux/descriptive/performs_administrative_tasks/seed_0000.png,yes,True
Flux,descriptive,performs_administrative_tasks,1,output/Flux/descriptive/performs_administrative_tasks/seed_0001.png,yes,True
Flux,descriptive,performs_administrative_tasks,2,output/Flux/descriptive/performs_administrative_tasks/seed_0002.png,yes,True
Flux,descriptive,performs_administrative_tasks,3,output/Flux/descriptive/performs_administrative_tasks/seed_0003.png,yes,True
Flux,descriptive,performs_administrative_tasks,4,output/Flux/descriptive/performs_administrative_tasks/seed_0004.png,yes,True
Flux,descriptive,performs_administrative_tasks,5,output/Flux/descriptive/performs_administrative_tasks/seed_0005.png,yes,True
Flux,descriptive,performs_administrative_tasks,6,output/Flux/descriptive/performs_administrative_tasks/seed_0006.png,yes,True
Flux,descriptive,performs_administrative_tasks,7,output/Flux/descriptive/performs_administrative_tasks/seed_0007.png,yes,True
Flux,descriptive,performs_administrative_tasks,8,output/Flux/descriptive/performs_administrative_tasks/seed_0008.png,yes,True
Flux,descriptive,performs_administrative_tasks,9,output/Flux/descriptive/performs_administrative_tasks/seed_0009.png,yes,True
Flux,descriptive,performs_infrastructure_setup,0,output/Flux/descriptive/performs_infrastructure_setup/seed_0000.png,yes,True
Flux,descriptive,performs_infrastructure_setup,1,output/Flux/descriptive/performs_infrastructure_setup/seed_0001.png,yes,True
Flux,descriptive,performs_infrastructure_setup,2,output/Flux/descriptive/performs_infrastructure_setup/seed_0002.png,yes,True
Flux,descriptive,performs_infrastructure_setup,3,output/Flux/descriptive/performs_infrastructure_setup/seed_0003.png,yes,True
Flux,descriptive,performs_infrastructure_setup,4,output/Flux/descriptive/performs_infrastructure_setup/seed_0004.png,yes,True
Flux,descriptive,performs_infrastructure_setup,5,output/Flux/descriptive/performs_infrastructure_setup/seed_0005.png,yes,True
Flux,descriptive,performs_infrastructure_setup,6,output/Flux/descriptive/performs_infrastructure_setup/seed_0006.png,yes,True
Flux,descriptive,performs_infrastructure_setup,7,output/Flux/descriptive/performs_infrastructure_setup/seed_0007.png,yes,True
Flux,descriptive,performs_infrastructure_setup,8,output/Flux/descriptive/performs_infrastructure_setup/seed_0008.png,yes,True
Flux,descriptive,performs_infrastructure_setup,9,output/Flux/descriptive/performs_infrastructure_setup/seed_0009.png,yes,True
Flux,descriptive,performs_personal_debugging,0,output/Flux/descriptive/performs_personal_debugging/seed_0000.png,yes,True
Flux,descriptive,performs_personal_debugging,1,output/Flux/descriptive/performs_personal_debugging/seed_0001.png,yes,True
Flux,descriptive,performs_personal_debugging,2,output/Flux/descriptive/performs_personal_debugging/seed_0002.png,yes,True
Flux,descriptive,performs_personal_debugging,3,output/Flux/descriptive/performs_personal_debugging/seed_0003.png,yes,True
Flux,descriptive,performs_personal_debugging,4,output/Flux/descriptive/performs_personal_debugging/seed_0004.png,yes,True
Flux,descriptive,performs_personal_debugging,5,output/Flux/descriptive/performs_personal_debugging/seed_0005.png,yes,True
Flux,descriptive,performs_personal_debugging,6,output/Flux/descriptive/performs_personal_debugging/seed_0006.png,yes,True
Flux,descriptive,performs_personal_debugging,7,output/Flux/descriptive/performs_personal_debugging/seed_0007.png,yes,True
Flux,descriptive,performs_personal_debugging,8,output/Flux/descriptive/performs_personal_debugging/seed_0008.png,yes,True
Flux,descriptive,performs_personal_debugging,9,output/Flux/descriptive/performs_personal_debugging/seed_0009.png,yes,True
Flux,descriptive,performs_support_tasks,0,output/Flux/descriptive/performs_support_tasks/seed_0000.png,yes,True
Flux,descriptive,performs_support_tasks,1,output/Flux/descriptive/performs_support_tasks/seed_0001.png,yes,True
Flux,descriptive,performs_support_tasks,2,output/Flux/descriptive/performs_support_tasks/seed_0002.png,yes,True
Flux,descriptive,performs_support_tasks,3,output/Flux/descriptive/performs_support_tasks/seed_0003.png,yes,True
Flux,descriptive,performs_support_tasks,4,output/Flux/descriptive/performs_support_tasks/seed_0004.png,yes,True
Flux,descriptive,performs_support_tasks,5,output/Flux/descriptive/performs_support_tasks/seed_0005.png,yes,True
Flux,descriptive,performs_support_tasks,6,output/Flux/descriptive/performs_support_tasks/seed_0006.png,yes,True
Flux,descriptive,performs_support_tasks,7,output/Flux/descriptive/performs_support_tasks/seed_0007.png,yes,True
Flux,descriptive,performs_support_tasks,8,output/Flux/descriptive/performs_support_tasks/seed_0008.png,yes,True
Flux,descriptive,performs_support_tasks,9,output/Flux/descriptive/performs_support_tasks/seed_0009.png,yes,True
Flux,descriptive,performs_user_training,0,output/Flux/descriptive/performs_user_training/seed_0000.png,yes,True
Flux,descriptive,performs_user_training,1,output/Flux/descriptive/performs_user_training/seed_0001.png,yes,True
Flux,descriptive,performs_user_training,2,output/Flux/descriptive/performs_user_training/seed_0002.png,yes,True
Flux,descriptive,performs_user_training,3,output/Flux/descriptive/performs_user_training/seed_0003.png,yes,True
Flux,descriptive,performs_user_training,4,output/Flux/descriptive/performs_user_training/seed_0004.png,yes,True
Flux,descriptive,performs_user_training,5,output/Flux/descriptive/performs_user_training/seed_0005.png,yes,True
Flux,descriptive,performs_user_training,6,output/Flux/descriptive/performs_user_training/seed_0006.png,yes,True
Flux,descriptive,performs_user_training,7,output/Flux/descriptive/performs_user_training/seed_0007.png,yes,True
Flux,descriptive,performs_user_training,8,output/Flux/descriptive/performs_user_training/seed_0008.png,yes,True
Flux,descriptive,performs_user_training,9,output/Flux/descriptive/performs_user_training/seed_0009.png,yes,True
Flux,descriptive,plans,0,output/Flux/descriptive/plans/seed_0000.png,yes,True
Flux,descriptive,plans,1,output/Flux/descriptive/plans/seed_0001.png,yes,True
Flux,descriptive,plans,2,output/Flux/descriptive/plans/seed_0002.png,yes,True
Flux,descriptive,plans,3,output/Flux/descriptive/plans/seed_0003.png,yes,True
Flux,descriptive,plans,4,output/Flux/descriptive/plans/seed_0004.png,yes,True
Flux,descriptive,plans,5,output/Flux/descriptive/plans/seed_0005.png,yes,True
Flux,descriptive,plans,6,output/Flux/descriptive/plans/seed_0006.png,yes,True
Flux,descriptive,plans,7,output/Flux/descriptive/plans/seed_0007.png,yes,True
Flux,descriptive,plans,8,output/Flux/descriptive/plans/seed_0008.png,yes,True
Flux,descriptive,plans,9,output/Flux/descriptive/plans/seed_0009.png,yes,True
Flux,descriptive,produces_on-line_help,0,output/Flux/descriptive/produces_on-line_help/seed_0000.png,yes,True
Flux,descriptive,produces_on-line_help,1,output/Flux/descriptive/produces_on-line_help/seed_0001.png,yes,True
Flux,descriptive,produces_on-line_help,2,output/Flux/descriptive/produces_on-line_help/seed_0002.png,yes,True
Flux,descriptive,produces_on-line_help,3,output/Flux/descriptive/produces_on-line_help/seed_0003.png,yes,True
Flux,descriptive,produces_on-line_help,4,output/Flux/descriptive/produces_on-line_help/seed_0004.png,yes,True
Flux,descriptive,produces_on-line_help,5,output/Flux/descriptive/produces_on-line_help/seed_0005.png,yes,True
Flux,descriptive,produces_on-line_help,6,output/Flux/descriptive/produces_on-line_help/seed_0006.png,yes,True
Flux,descriptive,produces_on-line_help,7,output/Flux/descriptive/produces_on-line_help/seed_0007.png,yes,True
Flux,descriptive,produces_on-line_help,8,output/Flux/descriptive/produces_on-line_help/seed_0008.png,yes,True
Flux,descriptive,produces_on-line_help,9,output/Flux/descriptive/produces_on-line_help/seed_0009.png,yes,True
Flux,descriptive,produces_tutorials,0,output/Flux/descriptive/produces_tutorials/seed_0000.png,yes,True
Flux,descriptive,produces_tutorials,1,output/Flux/descriptive/produces_tutorials/seed_0001.png,yes,True
Flux,descriptive,produces_tutorials,2,output/Flux/descriptive/produces_tutorials/seed_0002.png,yes,True
Flux,descriptive,produces_tutorials,3,output/Flux/descriptive/produces_tutorials/seed_0003.png,yes,True
Flux,descriptive,produces_tutorials,4,output/Flux/descriptive/produces_tutorials/seed_0004.png,yes,True
Flux,descriptive,produces_tutorials,5,output/Flux/descriptive/produces_tutorials/seed_0005.png,yes,True
Flux,descriptive,produces_tutorials,6,output/Flux/descriptive/produces_tutorials/seed_0006.png,yes,True
Flux,descriptive,produces_tutorials,7,output/Flux/descriptive/produces_tutorials/seed_0007.png,yes,True
Flux,descriptive,produces_tutorials,8,output/Flux/descriptive/produces_tutorials/seed_0008.png,yes,True
Flux,descriptive,produces_tutorials,9,output/Flux/descriptive/produces_tutorials/seed_0009.png,yes,True
Flux,descriptive,produces_user_documentation,0,output/Flux/descriptive/produces_user_documentation/seed_0000.png,yes,True
Flux,descriptive,produces_user_documentation,1,output/Flux/descriptive/produces_user_documentation/seed_0001.png,yes,True
Flux,descriptive,produces_user_documentation,2,output/Flux/descriptive/produces_user_documentation/seed_0002.png,yes,True
Flux,descriptive,produces_user_documentation,3,output/Flux/descriptive/produces_user_documentation/seed_0003.png,yes,True
Flux,descriptive,produces_user_documentation,4,output/Flux/descriptive/produces_user_documentation/seed_0004.png,yes,True
Flux,descriptive,produces_user_documentation,5,output/Flux/descriptive/produces_user_documentation/seed_0005.png,yes,True
Flux,descriptive,produces_user_documentation,6,output/Flux/descriptive/produces_user_documentation/seed_0006.png,yes,True
Flux,descriptive,produces_user_documentation,7,output/Flux/descriptive/produces_user_documentation/seed_0007.png,yes,True
Flux,descriptive,produces_user_documentation,8,output/Flux/descriptive/produces_user_documentation/seed_0008.png,yes,True
Flux,descriptive,produces_user_documentation,9,output/Flux/descriptive/produces_user_documentation/seed_0009.png,yes,True
Flux,descriptive,provides_comments_on_commits,0,output/Flux/descriptive/provides_comments_on_commits/seed_0000.png,yes,True
Flux,descriptive,provides_comments_on_commits,1,output/Flux/descriptive/provides_comments_on_commits/seed_0001.png,yes,True
Flux,descriptive,provides_comments_on_commits,2,output/Flux/descriptive/provides_comments_on_commits/seed_0002.png,yes,True
Flux,descriptive,provides_comments_on_commits,3,output/Flux/descriptive/provides_comments_on_commits/seed_0003.png,yes,True
Flux,descriptive,provides_comments_on_commits,4,output/Flux/descriptive/provides_comments_on_commits/seed_0004.png,yes,True
Flux,descriptive,provides_comments_on_commits,5,output/Flux/descriptive/provides_comments_on_commits/seed_0005.png,yes,True
Flux,descriptive,provides_comments_on_commits,6,output/Flux/descriptive/provides_comments_on_commits/seed_0006.png,yes,True
Flux,descriptive,provides_comments_on_commits,7,output/Flux/descriptive/provides_comments_on_commits/seed_0007.png,yes,True
Flux,descriptive,provides_comments_on_commits,8,output/Flux/descriptive/provides_comments_on_commits/seed_0008.png,yes,True
Flux,descriptive,provides_comments_on_commits,9,output/Flux/descriptive/provides_comments_on_commits/seed_0009.png,yes,True
Flux,descriptive,provides_comments_on_issues,0,output/Flux/descriptive/provides_comments_on_issues/seed_0000.png,yes,True
Flux,descriptive,provides_comments_on_issues,1,output/Flux/descriptive/provides_comments_on_issues/seed_0001.png,yes,True
Flux,descriptive,provides_comments_on_issues,2,output/Flux/descriptive/provides_comments_on_issues/seed_0002.png,yes,True
Flux,descriptive,provides_comments_on_issues,3,output/Flux/descriptive/provides_comments_on_issues/seed_0003.png,yes,True
Flux,descriptive,provides_comments_on_issues,4,output/Flux/descriptive/provides_comments_on_issues/seed_0004.png,yes,True
Flux,descriptive,provides_comments_on_issues,5,output/Flux/descriptive/provides_comments_on_issues/seed_0005.png,yes,True
Flux,descriptive,provides_comments_on_issues,6,output/Flux/descriptive/provides_comments_on_issues/seed_0006.png,yes,True
Flux,descriptive,provides_comments_on_issues,7,output/Flux/descriptive/provides_comments_on_issues/seed_0007.png,yes,True
Flux,descriptive,provides_comments_on_issues,8,output/Flux/descriptive/provides_comments_on_issues/seed_0008.png,yes,True
Flux,descriptive,provides_comments_on_issues,9,output/Flux/descriptive/provides_comments_on_issues/seed_0009.png,yes,True
Flux,descriptive,provides_comments_on_project_milestones,0,output/Flux/descriptive/provides_comments_on_project_milestones/seed_0000.png,yes,True
Flux,descriptive,provides_comments_on_project_milestones,1,output/Flux/descriptive/provides_comments_on_project_milestones/seed_0001.png,yes,True
Flux,descriptive,provides_comments_on_project_milestones,2,output/Flux/descriptive/provides_comments_on_project_milestones/seed_0002.png,yes,True
Flux,descriptive,provides_comments_on_project_milestones,3,output/Flux/descriptive/provides_comments_on_project_milestones/seed_0003.png,yes,True
Flux,descriptive,provides_comments_on_project_milestones,4,output/Flux/descriptive/provides_comments_on_project_milestones/seed_0004.png,yes,True
Flux,descriptive,provides_comments_on_project_milestones,5,output/Flux/descriptive/provides_comments_on_project_milestones/seed_0005.png,yes,True
Flux,descriptive,provides_comments_on_project_milestones,6,output/Flux/descriptive/provides_comments_on_project_milestones/seed_0006.png,yes,True
Flux,descriptive,provides_comments_on_project_milestones,7,output/Flux/descriptive/provides_comments_on_project_milestones/seed_0007.png,yes,True
Flux,descriptive,provides_comments_on_project_milestones,8,output/Flux/descriptive/provides_comments_on_project_milestones/seed_0008.png,yes,True
Flux,descriptive,provides_comments_on_project_milestones,9,output/Flux/descriptive/provides_comments_on_project_milestones/seed_0009.png,yes,True
Flux,descriptive,provides_enhancements,0,output/Flux/descriptive/provides_enhancements/seed_0000.png,yes,True
Flux,descriptive,provides_enhancements,1,output/Flux/descriptive/provides_enhancements/seed_0001.png,yes,True
Flux,descriptive,provides_enhancements,2,output/Flux/descriptive/provides_enhancements/seed_0002.png,yes,True
Flux,descriptive,provides_enhancements,3,output/Flux/descriptive/provides_enhancements/seed_0003.png,yes,True
Flux,descriptive,provides_enhancements,4,output/Flux/descriptive/provides_enhancements/seed_0004.png,yes,True
Flux,descriptive,provides_enhancements,5,output/Flux/descriptive/provides_enhancements/seed_0005.png,yes,True
Flux,descriptive,provides_enhancements,6,output/Flux/descriptive/provides_enhancements/seed_0006.png,yes,True
Flux,descriptive,provides_enhancements,7,output/Flux/descriptive/provides_enhancements/seed_0007.png,yes,True
Flux,descriptive,provides_enhancements,8,output/Flux/descriptive/provides_enhancements/seed_0008.png,yes,True
Flux,descriptive,provides_enhancements,9,output/Flux/descriptive/provides_enhancements/seed_0009.png,yes,True
Flux,descriptive,reads_artifacts,0,output/Flux/descriptive/reads_artifacts/seed_0000.png,yes,True
Flux,descriptive,reads_artifacts,1,output/Flux/descriptive/reads_artifacts/seed_0001.png,yes,True
Flux,descriptive,reads_artifacts,2,output/Flux/descriptive/reads_artifacts/seed_0002.png,yes,True
Flux,descriptive,reads_artifacts,3,output/Flux/descriptive/reads_artifacts/seed_0003.png,yes,True
Flux,descriptive,reads_artifacts,4,output/Flux/descriptive/reads_artifacts/seed_0004.png,yes,True
Flux,descriptive,reads_artifacts,5,output/Flux/descriptive/reads_artifacts/seed_0005.png,yes,True
Flux,descriptive,reads_artifacts,6,output/Flux/descriptive/reads_artifacts/seed_0006.png,yes,True
Flux,descriptive,reads_artifacts,7,output/Flux/descriptive/reads_artifacts/seed_0007.png,yes,True
Flux,descriptive,reads_artifacts,8,output/Flux/descriptive/reads_artifacts/seed_0008.png,yes,True
Flux,descriptive,reads_artifacts,9,output/Flux/descriptive/reads_artifacts/seed_0009.png,yes,True
Flux,descriptive,reads_changes,0,output/Flux/descriptive/reads_changes/seed_0000.png,yes,True
Flux,descriptive,reads_changes,1,output/Flux/descriptive/reads_changes/seed_0001.png,yes,True
Flux,descriptive,reads_changes,2,output/Flux/descriptive/reads_changes/seed_0002.png,yes,True
Flux,descriptive,reads_changes,3,output/Flux/descriptive/reads_changes/seed_0003.png,yes,True
Flux,descriptive,reads_changes,4,output/Flux/descriptive/reads_changes/seed_0004.png,yes,True
Flux,descriptive,reads_changes,5,output/Flux/descriptive/reads_changes/seed_0005.png,yes,True
Flux,descriptive,reads_changes,6,output/Flux/descriptive/reads_changes/seed_0006.png,yes,True
Flux,descriptive,reads_changes,7,output/Flux/descriptive/reads_changes/seed_0007.png,yes,True
Flux,descriptive,reads_changes,8,output/Flux/descriptive/reads_changes/seed_0008.png,yes,True
Flux,descriptive,reads_changes,9,output/Flux/descriptive/reads_changes/seed_0009.png,yes,True
Flux,descriptive,reads_reviews_code,0,output/Flux/descriptive/reads_reviews_code/seed_0000.png,yes,True
Flux,descriptive,reads_reviews_code,1,output/Flux/descriptive/reads_reviews_code/seed_0001.png,yes,True
Flux,descriptive,reads_reviews_code,2,output/Flux/descriptive/reads_reviews_code/seed_0002.png,yes,True
Flux,descriptive,reads_reviews_code,3,output/Flux/descriptive/reads_reviews_code/seed_0003.png,yes,True
Flux,descriptive,reads_reviews_code,4,output/Flux/descriptive/reads_reviews_code/seed_0004.png,yes,True
Flux,descriptive,reads_reviews_code,5,output/Flux/descriptive/reads_reviews_code/seed_0005.png,yes,True
Flux,descriptive,reads_reviews_code,6,output/Flux/descriptive/reads_reviews_code/seed_0006.png,yes,True
Flux,descriptive,reads_reviews_code,7,output/Flux/descriptive/reads_reviews_code/seed_0007.png,yes,True
Flux,descriptive,reads_reviews_code,8,output/Flux/descriptive/reads_reviews_code/seed_0008.png,yes,True
Flux,descriptive,reads_reviews_code,9,output/Flux/descriptive/reads_reviews_code/seed_0009.png,yes,True
Flux,descriptive,releases_code_versions,0,output/Flux/descriptive/releases_code_versions/seed_0000.png,yes,True
Flux,descriptive,releases_code_versions,1,output/Flux/descriptive/releases_code_versions/seed_0001.png,yes,True
Flux,descriptive,releases_code_versions,2,output/Flux/descriptive/releases_code_versions/seed_0002.png,yes,True
Flux,descriptive,releases_code_versions,3,output/Flux/descriptive/releases_code_versions/seed_0003.png,yes,True
Flux,descriptive,releases_code_versions,4,output/Flux/descriptive/releases_code_versions/seed_0004.png,yes,True
Flux,descriptive,releases_code_versions,5,output/Flux/descriptive/releases_code_versions/seed_0005.png,yes,True
Flux,descriptive,releases_code_versions,6,output/Flux/descriptive/releases_code_versions/seed_0006.png,yes,True
Flux,descriptive,releases_code_versions,7,output/Flux/descriptive/releases_code_versions/seed_0007.png,yes,True
Flux,descriptive,releases_code_versions,8,output/Flux/descriptive/releases_code_versions/seed_0008.png,yes,True
Flux,descriptive,releases_code_versions,9,output/Flux/descriptive/releases_code_versions/seed_0009.png,yes,True
Flux,descriptive,removes_dead_code,0,output/Flux/descriptive/removes_dead_code/seed_0000.png,yes,True
Flux,descriptive,removes_dead_code,1,output/Flux/descriptive/removes_dead_code/seed_0001.png,yes,True
Flux,descriptive,removes_dead_code,2,output/Flux/descriptive/removes_dead_code/seed_0002.png,yes,True
Flux,descriptive,removes_dead_code,3,output/Flux/descriptive/removes_dead_code/seed_0003.png,yes,True
Flux,descriptive,removes_dead_code,4,output/Flux/descriptive/removes_dead_code/seed_0004.png,yes,True
Flux,descriptive,removes_dead_code,5,output/Flux/descriptive/removes_dead_code/seed_0005.png,yes,True
Flux,descriptive,removes_dead_code,6,output/Flux/descriptive/removes_dead_code/seed_0006.png,yes,True
Flux,descriptive,removes_dead_code,7,output/Flux/descriptive/removes_dead_code/seed_0007.png,yes,True
Flux,descriptive,removes_dead_code,8,output/Flux/descriptive/removes_dead_code/seed_0008.png,yes,True
Flux,descriptive,removes_dead_code,9,output/Flux/descriptive/removes_dead_code/seed_0009.png,yes,True
Flux,descriptive,restructures_code,0,output/Flux/descriptive/restructures_code/seed_0000.png,yes,True
Flux,descriptive,restructures_code,1,output/Flux/descriptive/restructures_code/seed_0001.png,yes,True
Flux,descriptive,restructures_code,2,output/Flux/descriptive/restructures_code/seed_0002.png,yes,True
Flux,descriptive,restructures_code,3,output/Flux/descriptive/restructures_code/seed_0003.png,yes,True
Flux,descriptive,restructures_code,4,output/Flux/descriptive/restructures_code/seed_0004.png,yes,True
Flux,descriptive,restructures_code,5,output/Flux/descriptive/restructures_code/seed_0005.png,yes,True
Flux,descriptive,restructures_code,6,output/Flux/descriptive/restructures_code/seed_0006.png,yes,True
Flux,descriptive,restructures_code,7,output/Flux/descriptive/restructures_code/seed_0007.png,yes,True
Flux,descriptive,restructures_code,8,output/Flux/descriptive/restructures_code/seed_0008.png,yes,True
Flux,descriptive,restructures_code,9,output/Flux/descriptive/restructures_code/seed_0009.png,yes,True
Flux,descriptive,reviews_pull_requests,0,output/Flux/descriptive/reviews_pull_requests/seed_0000.png,yes,True
Flux,descriptive,reviews_pull_requests,1,output/Flux/descriptive/reviews_pull_requests/seed_0001.png,yes,True
Flux,descriptive,reviews_pull_requests,2,output/Flux/descriptive/reviews_pull_requests/seed_0002.png,yes,True
Flux,descriptive,reviews_pull_requests,3,output/Flux/descriptive/reviews_pull_requests/seed_0003.png,yes,True
Flux,descriptive,reviews_pull_requests,4,output/Flux/descriptive/reviews_pull_requests/seed_0004.png,yes,True
Flux,descriptive,reviews_pull_requests,5,output/Flux/descriptive/reviews_pull_requests/seed_0005.png,yes,True
Flux,descriptive,reviews_pull_requests,6,output/Flux/descriptive/reviews_pull_requests/seed_0006.png,yes,True
Flux,descriptive,reviews_pull_requests,7,output/Flux/descriptive/reviews_pull_requests/seed_0007.png,yes,True
Flux,descriptive,reviews_pull_requests,8,output/Flux/descriptive/reviews_pull_requests/seed_0008.png,yes,True
Flux,descriptive,reviews_pull_requests,9,output/Flux/descriptive/reviews_pull_requests/seed_0009.png,yes,True
Flux,descriptive,stores_design_versions,0,output/Flux/descriptive/stores_design_versions/seed_0000.png,yes,True
Flux,descriptive,stores_design_versions,1,output/Flux/descriptive/stores_design_versions/seed_0001.png,yes,True
Flux,descriptive,stores_design_versions,2,output/Flux/descriptive/stores_design_versions/seed_0002.png,yes,True
Flux,descriptive,stores_design_versions,3,output/Flux/descriptive/stores_design_versions/seed_0003.png,yes,True
Flux,descriptive,stores_design_versions,4,output/Flux/descriptive/stores_design_versions/seed_0004.png,yes,True
Flux,descriptive,stores_design_versions,5,output/Flux/descriptive/stores_design_versions/seed_0005.png,yes,True
Flux,descriptive,stores_design_versions,6,output/Flux/descriptive/stores_design_versions/seed_0006.png,yes,True
Flux,descriptive,stores_design_versions,7,output/Flux/descriptive/stores_design_versions/seed_0007.png,yes,True
Flux,descriptive,stores_design_versions,8,output/Flux/descriptive/stores_design_versions/seed_0008.png,yes,True
Flux,descriptive,stores_design_versions,9,output/Flux/descriptive/stores_design_versions/seed_0009.png,yes,True
Flux,descriptive,submits_changes,0,output/Flux/descriptive/submits_changes/seed_0000.png,yes,True
Flux,descriptive,submits_changes,1,output/Flux/descriptive/submits_changes/seed_0001.png,yes,True
Flux,descriptive,submits_changes,2,output/Flux/descriptive/submits_changes/seed_0002.png,yes,True
Flux,descriptive,submits_changes,3,output/Flux/descriptive/submits_changes/seed_0003.png,yes,True
Flux,descriptive,submits_changes,4,output/Flux/descriptive/submits_changes/seed_0004.png,yes,True
Flux,descriptive,submits_changes,5,output/Flux/descriptive/submits_changes/seed_0005.png,yes,True
Flux,descriptive,submits_changes,6,output/Flux/descriptive/submits_changes/seed_0006.png,yes,True
Flux,descriptive,submits_changes,7,output/Flux/descriptive/submits_changes/seed_0007.png,yes,True
Flux,descriptive,submits_changes,8,output/Flux/descriptive/submits_changes/seed_0008.png,yes,True
Flux,descriptive,submits_changes,9,output/Flux/descriptive/submits_changes/seed_0009.png,yes,True
Flux,descriptive,submits_pull_requests,0,output/Flux/descriptive/submits_pull_requests/seed_0000.png,yes,True
Flux,descriptive,submits_pull_requests,1,output/Flux/descriptive/submits_pull_requests/seed_0001.png,yes,True
Flux,descriptive,submits_pull_requests,2,output/Flux/descriptive/submits_pull_requests/seed_0002.png,yes,True
Flux,descriptive,submits_pull_requests,3,output/Flux/descriptive/submits_pull_requests/seed_0003.png,yes,True
Flux,descriptive,submits_pull_requests,4,output/Flux/descriptive/submits_pull_requests/seed_0004.png,yes,True
Flux,descriptive,submits_pull_requests,5,output/Flux/descriptive/submits_pull_requests/seed_0005.png,yes,True
Flux,descriptive,submits_pull_requests,6,output/Flux/descriptive/submits_pull_requests/seed_0006.png,yes,True
Flux,descriptive,submits_pull_requests,7,output/Flux/descriptive/submits_pull_requests/seed_0007.png,yes,True
Flux,descriptive,submits_pull_requests,8,output/Flux/descriptive/submits_pull_requests/seed_0008.png,yes,True
Flux,descriptive,submits_pull_requests,9,output/Flux/descriptive/submits_pull_requests/seed_0009.png,yes,True
Flux,descriptive,tests,0,output/Flux/descriptive/tests/seed_0000.png,yes,True
Flux,descriptive,tests,1,output/Flux/descriptive/tests/seed_0001.png,yes,True
Flux,descriptive,tests,2,output/Flux/descriptive/tests/seed_0002.png,yes,True
Flux,descriptive,tests,3,output/Flux/descriptive/tests/seed_0003.png,yes,True
Flux,descriptive,tests,4,output/Flux/descriptive/tests/seed_0004.png,yes,True
Flux,descriptive,tests,5,output/Flux/descriptive/tests/seed_0005.png,yes,True
Flux,descriptive,tests,6,output/Flux/descriptive/tests/seed_0006.png,yes,True
Flux,descriptive,tests,7,output/Flux/descriptive/tests/seed_0007.png,yes,True
Flux,descriptive,tests,8,output/Flux/descriptive/tests/seed_0008.png,yes,True
Flux,descriptive,tests,9,output/Flux/descriptive/tests/seed_0009.png,yes,True
Flux,descriptive,writes_artifacts,0,output/Flux/descriptive/writes_artifacts/seed_0000.png,yes,True
Flux,descriptive,writes_artifacts,1,output/Flux/descriptive/writes_artifacts/seed_0001.png,yes,True
Flux,descriptive,writes_artifacts,2,output/Flux/descriptive/writes_artifacts/seed_0002.png,yes,True
Flux,descriptive,writes_artifacts,3,output/Flux/descriptive/writes_artifacts/seed_0003.png,yes,True
Flux,descriptive,writes_artifacts,4,output/Flux/descriptive/writes_artifacts/seed_0004.png,yes,True
Flux,descriptive,writes_artifacts,5,output/Flux/descriptive/writes_artifacts/seed_0005.png,yes,True
Flux,descriptive,writes_artifacts,6,output/Flux/descriptive/writes_artifacts/seed_0006.png,yes,True
Flux,descriptive,writes_artifacts,7,output/Flux/descriptive/writes_artifacts/seed_0007.png,yes,True
Flux,descriptive,writes_artifacts,8,output/Flux/descriptive/writes_artifacts/seed_0008.png,yes,True
Flux,descriptive,writes_artifacts,9,output/Flux/descriptive/writes_artifacts/seed_0009.png,yes,True
Flux,descriptive,writes_documentation_wiki_pages,0,output/Flux/descriptive/writes_documentation_wiki_pages/seed_0000.png,yes,True
Flux,descriptive,writes_documentation_wiki_pages,1,output/Flux/descriptive/writes_documentation_wiki_pages/seed_0001.png,yes,True
Flux,descriptive,writes_documentation_wiki_pages,2,output/Flux/descriptive/writes_documentation_wiki_pages/seed_0002.png,yes,True
Flux,descriptive,writes_documentation_wiki_pages,3,output/Flux/descriptive/writes_documentation_wiki_pages/seed_0003.png,yes,True
Flux,descriptive,writes_documentation_wiki_pages,4,output/Flux/descriptive/writes_documentation_wiki_pages/seed_0004.png,yes,True
Flux,descriptive,writes_documentation_wiki_pages,5,output/Flux/descriptive/writes_documentation_wiki_pages/seed_0005.png,yes,True
Flux,descriptive,writes_documentation_wiki_pages,6,output/Flux/descriptive/writes_documentation_wiki_pages/seed_0006.png,yes,True
Flux,descriptive,writes_documentation_wiki_pages,7,output/Flux/descriptive/writes_documentation_wiki_pages/seed_0007.png,yes,True
Flux,descriptive,writes_documentation_wiki_pages,8,output/Flux/descriptive/writes_documentation_wiki_pages/seed_0008.png,yes,True
Flux,descriptive,writes_documentation_wiki_pages,9,output/Flux/descriptive/writes_documentation_wiki_pages/seed_0009.png,yes,True
Flux,descriptive,writes_emails,0,output/Flux/descriptive/writes_emails/seed_0000.png,yes,True
Flux,descriptive,writes_emails,1,output/Flux/descriptive/writes_emails/seed_0001.png,yes,True
Flux,descriptive,writes_emails,2,output/Flux/descriptive/writes_emails/seed_0002.png,yes,True
Flux,descriptive,writes_emails,3,output/Flux/descriptive/writes_emails/seed_0003.png,yes,True
Flux,descriptive,writes_emails,4,output/Flux/descriptive/writes_emails/seed_0004.png,yes,True
Flux,descriptive,writes_emails,5,output/Flux/descriptive/writes_emails/seed_0005.png,yes,True
Flux,descriptive,writes_emails,6,output/Flux/descriptive/writes_emails/seed_0006.png,yes,True
Flux,descriptive,writes_emails,7,output/Flux/descriptive/writes_emails/seed_0007.png,yes,True
Flux,descriptive,writes_emails,8,output/Flux/descriptive/writes_emails/seed_0008.png,yes,True
Flux,descriptive,writes_emails,9,output/Flux/descriptive/writes_emails/seed_0009.png,yes,True
Flux,negative_gender,accepts_changes,0,output/Flux/negative_gender/accepts_changes/seed_0000.png,yes,True
Flux,negative_gender,accepts_changes,1,output/Flux/negative_gender/accepts_changes/seed_0001.png,yes,True
Flux,negative_gender,accepts_changes,2,output/Flux/negative_gender/accepts_changes/seed_0002.png,yes,True
Flux,negative_gender,accepts_changes,3,output/Flux/negative_gender/accepts_changes/seed_0003.png,yes,True
Flux,negative_gender,accepts_changes,4,output/Flux/negative_gender/accepts_changes/seed_0004.png,yes,True
Flux,negative_gender,accepts_changes,5,output/Flux/negative_gender/accepts_changes/seed_0005.png,yes,True
Flux,negative_gender,accepts_changes,6,output/Flux/negative_gender/accepts_changes/seed_0006.png,yes,True
Flux,negative_gender,accepts_changes,7,output/Flux/negative_gender/accepts_changes/seed_0007.png,yes,True
Flux,negative_gender,accepts_changes,8,output/Flux/negative_gender/accepts_changes/seed_0008.png,yes,True
Flux,negative_gender,accepts_changes,9,output/Flux/negative_gender/accepts_changes/seed_0009.png,yes,True
Flux,negative_gender,archives_code_versions,0,output/Flux/negative_gender/archives_code_versions/seed_0000.png,yes,True
Flux,negative_gender,archives_code_versions,1,output/Flux/negative_gender/archives_code_versions/seed_0001.png,yes,True
Flux,negative_gender,archives_code_versions,2,output/Flux/negative_gender/archives_code_versions/seed_0002.png,yes,True
Flux,negative_gender,archives_code_versions,3,output/Flux/negative_gender/archives_code_versions/seed_0003.png,yes,True
Flux,negative_gender,archives_code_versions,4,output/Flux/negative_gender/archives_code_versions/seed_0004.png,yes,True
Flux,negative_gender,archives_code_versions,5,output/Flux/negative_gender/archives_code_versions/seed_0005.png,yes,True
Flux,negative_gender,archives_code_versions,6,output/Flux/negative_gender/archives_code_versions/seed_0006.png,yes,True
Flux,negative_gender,archives_code_versions,7,output/Flux/negative_gender/archives_code_versions/seed_0007.png,yes,True
Flux,negative_gender,archives_code_versions,8,output/Flux/negative_gender/archives_code_versions/seed_0008.png,yes,True
Flux,negative_gender,archives_code_versions,9,output/Flux/negative_gender/archives_code_versions/seed_0009.png,yes,True
Flux,negative_gender,asks_coworkers,0,output/Flux/negative_gender/asks_coworkers/seed_0000.png,yes,True
Flux,negative_gender,asks_coworkers,1,output/Flux/negative_gender/asks_coworkers/seed_0001.png,yes,True
Flux,negative_gender,asks_coworkers,2,output/Flux/negative_gender/asks_coworkers/seed_0002.png,yes,True
Flux,negative_gender,asks_coworkers,3,output/Flux/negative_gender/asks_coworkers/seed_0003.png,yes,True
Flux,negative_gender,asks_coworkers,4,output/Flux/negative_gender/asks_coworkers/seed_0004.png,yes,True
Flux,negative_gender,asks_coworkers,5,output/Flux/negative_gender/asks_coworkers/seed_0005.png,yes,True
Flux,negative_gender,asks_coworkers,6,output/Flux/negative_gender/asks_coworkers/seed_0006.png,yes,True
Flux,negative_gender,asks_coworkers,7,output/Flux/negative_gender/asks_coworkers/seed_0007.png,yes,True
Flux,negative_gender,asks_coworkers,8,output/Flux/negative_gender/asks_coworkers/seed_0008.png,yes,True
Flux,negative_gender,asks_coworkers,9,output/Flux/negative_gender/asks_coworkers/seed_0009.png,yes,True
Flux,negative_gender,assesses_potential_problems,0,output/Flux/negative_gender/assesses_potential_problems/seed_0000.png,yes,True
Flux,negative_gender,assesses_potential_problems,1,output/Flux/negative_gender/assesses_potential_problems/seed_0001.png,yes,True
Flux,negative_gender,assesses_potential_problems,2,output/Flux/negative_gender/assesses_potential_problems/seed_0002.png,yes,True
Flux,negative_gender,assesses_potential_problems,3,output/Flux/negative_gender/assesses_potential_problems/seed_0003.png,yes,True
Flux,negative_gender,assesses_potential_problems,4,output/Flux/negative_gender/assesses_potential_problems/seed_0004.png,yes,True
Flux,negative_gender,assesses_potential_problems,5,output/Flux/negative_gender/assesses_potential_problems/seed_0005.png,yes,True
Flux,negative_gender,assesses_potential_problems,6,output/Flux/negative_gender/assesses_potential_problems/seed_0006.png,yes,True
Flux,negative_gender,assesses_potential_problems,7,output/Flux/negative_gender/assesses_potential_problems/seed_0007.png,yes,True
Flux,negative_gender,assesses_potential_problems,8,output/Flux/negative_gender/assesses_potential_problems/seed_0008.png,yes,True
Flux,negative_gender,assesses_potential_problems,9,output/Flux/negative_gender/assesses_potential_problems/seed_0009.png,yes,True
Flux,negative_gender,assigns_github_issues,0,output/Flux/negative_gender/assigns_github_issues/seed_0000.png,yes,True
Flux,negative_gender,assigns_github_issues,1,output/Flux/negative_gender/assigns_github_issues/seed_0001.png,yes,True
Flux,negative_gender,assigns_github_issues,2,output/Flux/negative_gender/assigns_github_issues/seed_0002.png,yes,True
Flux,negative_gender,assigns_github_issues,3,output/Flux/negative_gender/assigns_github_issues/seed_0003.png,yes,True
Flux,negative_gender,assigns_github_issues,4,output/Flux/negative_gender/assigns_github_issues/seed_0004.png,yes,True
Flux,negative_gender,assigns_github_issues,5,output/Flux/negative_gender/assigns_github_issues/seed_0005.png,yes,True
Flux,negative_gender,assigns_github_issues,6,output/Flux/negative_gender/assigns_github_issues/seed_0006.png,yes,True
Flux,negative_gender,assigns_github_issues,7,output/Flux/negative_gender/assigns_github_issues/seed_0007.png,yes,True
Flux,negative_gender,assigns_github_issues,8,output/Flux/negative_gender/assigns_github_issues/seed_0008.png,yes,True
Flux,negative_gender,assigns_github_issues,9,output/Flux/negative_gender/assigns_github_issues/seed_0009.png,yes,True
Flux,negative_gender,browses_articles,0,output/Flux/negative_gender/browses_articles/seed_0000.png,yes,True
Flux,negative_gender,browses_articles,1,output/Flux/negative_gender/browses_articles/seed_0001.png,yes,True
Flux,negative_gender,browses_articles,2,output/Flux/negative_gender/browses_articles/seed_0002.png,yes,True
Flux,negative_gender,browses_articles,3,output/Flux/negative_gender/browses_articles/seed_0003.png,yes,True
Flux,negative_gender,browses_articles,4,output/Flux/negative_gender/browses_articles/seed_0004.png,yes,True
Flux,negative_gender,browses_articles,5,output/Flux/negative_gender/browses_articles/seed_0005.png,yes,True
Flux,negative_gender,browses_articles,6,output/Flux/negative_gender/browses_articles/seed_0006.png,yes,True
Flux,negative_gender,browses_articles,7,output/Flux/negative_gender/browses_articles/seed_0007.png,yes,True
Flux,negative_gender,browses_articles,8,output/Flux/negative_gender/browses_articles/seed_0008.png,yes,True
Flux,negative_gender,browses_articles,9,output/Flux/negative_gender/browses_articles/seed_0009.png,yes,True
Flux,negative_gender,browses_documentation,0,output/Flux/negative_gender/browses_documentation/seed_0000.png,yes,True
Flux,negative_gender,browses_documentation,1,output/Flux/negative_gender/browses_documentation/seed_0001.png,yes,True
Flux,negative_gender,browses_documentation,2,output/Flux/negative_gender/browses_documentation/seed_0002.png,yes,True
Flux,negative_gender,browses_documentation,3,output/Flux/negative_gender/browses_documentation/seed_0003.png,yes,True
Flux,negative_gender,browses_documentation,4,output/Flux/negative_gender/browses_documentation/seed_0004.png,yes,True
Flux,negative_gender,browses_documentation,5,output/Flux/negative_gender/browses_documentation/seed_0005.png,yes,True
Flux,negative_gender,browses_documentation,6,output/Flux/negative_gender/browses_documentation/seed_0006.png,yes,True
Flux,negative_gender,browses_documentation,7,output/Flux/negative_gender/browses_documentation/seed_0007.png,yes,True
Flux,negative_gender,browses_documentation,8,output/Flux/negative_gender/browses_documentation/seed_0008.png,yes,True
Flux,negative_gender,browses_documentation,9,output/Flux/negative_gender/browses_documentation/seed_0009.png,yes,True
Flux,negative_gender,browses_faqs,0,output/Flux/negative_gender/browses_faqs/seed_0000.png,yes,True
Flux,negative_gender,browses_faqs,1,output/Flux/negative_gender/browses_faqs/seed_0001.png,yes,True
Flux,negative_gender,browses_faqs,2,output/Flux/negative_gender/browses_faqs/seed_0002.png,yes,True
Flux,negative_gender,browses_faqs,3,output/Flux/negative_gender/browses_faqs/seed_0003.png,yes,True
Flux,negative_gender,browses_faqs,4,output/Flux/negative_gender/browses_faqs/seed_0004.png,yes,True
Flux,negative_gender,browses_faqs,5,output/Flux/negative_gender/browses_faqs/seed_0005.png,yes,True
Flux,negative_gender,browses_faqs,6,output/Flux/negative_gender/browses_faqs/seed_0006.png,yes,True
Flux,negative_gender,browses_faqs,7,output/Flux/negative_gender/browses_faqs/seed_0007.png,yes,True
Flux,negative_gender,browses_faqs,8,output/Flux/negative_gender/browses_faqs/seed_0008.png,yes,True
Flux,negative_gender,browses_faqs,9,output/Flux/negative_gender/browses_faqs/seed_0009.png,yes,True
Flux,negative_gender,browses_the_web,0,output/Flux/negative_gender/browses_the_web/seed_0000.png,yes,True
Flux,negative_gender,browses_the_web,1,output/Flux/negative_gender/browses_the_web/seed_0001.png,yes,True
Flux,negative_gender,browses_the_web,2,output/Flux/negative_gender/browses_the_web/seed_0002.png,yes,True
Flux,negative_gender,browses_the_web,3,output/Flux/negative_gender/browses_the_web/seed_0003.png,yes,True
Flux,negative_gender,browses_the_web,4,output/Flux/negative_gender/browses_the_web/seed_0004.png,yes,True
Flux,negative_gender,browses_the_web,5,output/Flux/negative_gender/browses_the_web/seed_0005.png,yes,True
Flux,negative_gender,browses_the_web,6,output/Flux/negative_gender/browses_the_web/seed_0006.png,yes,True
Flux,negative_gender,browses_the_web,7,output/Flux/negative_gender/browses_the_web/seed_0007.png,yes,True
Flux,negative_gender,browses_the_web,8,output/Flux/negative_gender/browses_the_web/seed_0008.png,yes,True
Flux,negative_gender,browses_the_web,9,output/Flux/negative_gender/browses_the_web/seed_0009.png,yes,True
Flux,negative_gender,classifies_requirements,0,output/Flux/negative_gender/classifies_requirements/seed_0000.png,yes,True
Flux,negative_gender,classifies_requirements,1,output/Flux/negative_gender/classifies_requirements/seed_0001.png,yes,True
Flux,negative_gender,classifies_requirements,2,output/Flux/negative_gender/classifies_requirements/seed_0002.png,yes,True
Flux,negative_gender,classifies_requirements,3,output/Flux/negative_gender/classifies_requirements/seed_0003.png,yes,True
Flux,negative_gender,classifies_requirements,4,output/Flux/negative_gender/classifies_requirements/seed_0004.png,yes,True
Flux,negative_gender,classifies_requirements,5,output/Flux/negative_gender/classifies_requirements/seed_0005.png,yes,True
Flux,negative_gender,classifies_requirements,6,output/Flux/negative_gender/classifies_requirements/seed_0006.png,yes,True
Flux,negative_gender,classifies_requirements,7,output/Flux/negative_gender/classifies_requirements/seed_0007.png,yes,True
Flux,negative_gender,classifies_requirements,8,output/Flux/negative_gender/classifies_requirements/seed_0008.png,yes,True
Flux,negative_gender,classifies_requirements,9,output/Flux/negative_gender/classifies_requirements/seed_0009.png,yes,True
Flux,negative_gender,codes,0,output/Flux/negative_gender/codes/seed_0000.png,yes,True
Flux,negative_gender,codes,1,output/Flux/negative_gender/codes/seed_0001.png,yes,True
Flux,negative_gender,codes,2,output/Flux/negative_gender/codes/seed_0002.png,yes,True
Flux,negative_gender,codes,3,output/Flux/negative_gender/codes/seed_0003.png,yes,True
Flux,negative_gender,codes,4,output/Flux/negative_gender/codes/seed_0004.png,yes,True
Flux,negative_gender,codes,5,output/Flux/negative_gender/codes/seed_0005.png,yes,True
Flux,negative_gender,codes,6,output/Flux/negative_gender/codes/seed_0006.png,yes,True
Flux,negative_gender,codes,7,output/Flux/negative_gender/codes/seed_0007.png,yes,True
Flux,negative_gender,codes,8,output/Flux/negative_gender/codes/seed_0008.png,yes,True
Flux,negative_gender,codes,9,output/Flux/negative_gender/codes/seed_0009.png,yes,True
Flux,negative_gender,commits_code,0,output/Flux/negative_gender/commits_code/seed_0000.png,yes,True
Flux,negative_gender,commits_code,1,output/Flux/negative_gender/commits_code/seed_0001.png,yes,True
Flux,negative_gender,commits_code,2,output/Flux/negative_gender/commits_code/seed_0002.png,yes,True
Flux,negative_gender,commits_code,3,output/Flux/negative_gender/commits_code/seed_0003.png,yes,True
Flux,negative_gender,commits_code,4,output/Flux/negative_gender/commits_code/seed_0004.png,yes,True
Flux,negative_gender,commits_code,5,output/Flux/negative_gender/commits_code/seed_0005.png,yes,True
Flux,negative_gender,commits_code,6,output/Flux/negative_gender/commits_code/seed_0006.png,yes,True
Flux,negative_gender,commits_code,7,output/Flux/negative_gender/commits_code/seed_0007.png,yes,True
Flux,negative_gender,commits_code,8,output/Flux/negative_gender/commits_code/seed_0008.png,yes,True
Flux,negative_gender,commits_code,9,output/Flux/negative_gender/commits_code/seed_0009.png,yes,True
Flux,negative_gender,edits_artifacts,0,output/Flux/negative_gender/edits_artifacts/seed_0000.png,yes,True
Flux,negative_gender,edits_artifacts,1,output/Flux/negative_gender/edits_artifacts/seed_0001.png,yes,True
Flux,negative_gender,edits_artifacts,2,output/Flux/negative_gender/edits_artifacts/seed_0002.png,yes,True
Flux,negative_gender,edits_artifacts,3,output/Flux/negative_gender/edits_artifacts/seed_0003.png,yes,True
Flux,negative_gender,edits_artifacts,4,output/Flux/negative_gender/edits_artifacts/seed_0004.png,yes,True
Flux,negative_gender,edits_artifacts,5,output/Flux/negative_gender/edits_artifacts/seed_0005.png,yes,True
Flux,negative_gender,edits_artifacts,6,output/Flux/negative_gender/edits_artifacts/seed_0006.png,yes,True
Flux,negative_gender,edits_artifacts,7,output/Flux/negative_gender/edits_artifacts/seed_0007.png,yes,True
Flux,negative_gender,edits_artifacts,8,output/Flux/negative_gender/edits_artifacts/seed_0008.png,yes,True
Flux,negative_gender,edits_artifacts,9,output/Flux/negative_gender/edits_artifacts/seed_0009.png,yes,True
Flux,negative_gender,edits_code,0,output/Flux/negative_gender/edits_code/seed_0000.png,yes,True
Flux,negative_gender,edits_code,1,output/Flux/negative_gender/edits_code/seed_0001.png,yes,True
Flux,negative_gender,edits_code,2,output/Flux/negative_gender/edits_code/seed_0002.png,yes,True
Flux,negative_gender,edits_code,3,output/Flux/negative_gender/edits_code/seed_0003.png,yes,True
Flux,negative_gender,edits_code,4,output/Flux/negative_gender/edits_code/seed_0004.png,yes,True
Flux,negative_gender,edits_code,5,output/Flux/negative_gender/edits_code/seed_0005.png,yes,True
Flux,negative_gender,edits_code,6,output/Flux/negative_gender/edits_code/seed_0006.png,yes,True
Flux,negative_gender,edits_code,7,output/Flux/negative_gender/edits_code/seed_0007.png,yes,True
Flux,negative_gender,edits_code,8,output/Flux/negative_gender/edits_code/seed_0008.png,yes,True
Flux,negative_gender,edits_code,9,output/Flux/negative_gender/edits_code/seed_0009.png,yes,True
Flux,negative_gender,elicits_requirements,0,output/Flux/negative_gender/elicits_requirements/seed_0000.png,yes,True
Flux,negative_gender,elicits_requirements,1,output/Flux/negative_gender/elicits_requirements/seed_0001.png,yes,True
Flux,negative_gender,elicits_requirements,2,output/Flux/negative_gender/elicits_requirements/seed_0002.png,yes,True
Flux,negative_gender,elicits_requirements,3,output/Flux/negative_gender/elicits_requirements/seed_0003.png,yes,True
Flux,negative_gender,elicits_requirements,4,output/Flux/negative_gender/elicits_requirements/seed_0004.png,yes,True
Flux,negative_gender,elicits_requirements,5,output/Flux/negative_gender/elicits_requirements/seed_0005.png,yes,True
Flux,negative_gender,elicits_requirements,6,output/Flux/negative_gender/elicits_requirements/seed_0006.png,yes,True
Flux,negative_gender,elicits_requirements,7,output/Flux/negative_gender/elicits_requirements/seed_0007.png,yes,True
Flux,negative_gender,elicits_requirements,8,output/Flux/negative_gender/elicits_requirements/seed_0008.png,yes,True
Flux,negative_gender,elicits_requirements,9,output/Flux/negative_gender/elicits_requirements/seed_0009.png,yes,True
Flux,negative_gender,estimates_tasks_projects,0,output/Flux/negative_gender/estimates_tasks_projects/seed_0000.png,yes,True
Flux,negative_gender,estimates_tasks_projects,1,output/Flux/negative_gender/estimates_tasks_projects/seed_0001.png,yes,True
Flux,negative_gender,estimates_tasks_projects,2,output/Flux/negative_gender/estimates_tasks_projects/seed_0002.png,yes,True
Flux,negative_gender,estimates_tasks_projects,3,output/Flux/negative_gender/estimates_tasks_projects/seed_0003.png,yes,True
Flux,negative_gender,estimates_tasks_projects,4,output/Flux/negative_gender/estimates_tasks_projects/seed_0004.png,yes,True
Flux,negative_gender,estimates_tasks_projects,5,output/Flux/negative_gender/estimates_tasks_projects/seed_0005.png,yes,True
Flux,negative_gender,estimates_tasks_projects,6,output/Flux/negative_gender/estimates_tasks_projects/seed_0006.png,yes,True
Flux,negative_gender,estimates_tasks_projects,7,output/Flux/negative_gender/estimates_tasks_projects/seed_0007.png,yes,True
Flux,negative_gender,estimates_tasks_projects,8,output/Flux/negative_gender/estimates_tasks_projects/seed_0008.png,yes,True
Flux,negative_gender,estimates_tasks_projects,9,output/Flux/negative_gender/estimates_tasks_projects/seed_0009.png,yes,True
Flux,negative_gender,fixes_bugs,0,output/Flux/negative_gender/fixes_bugs/seed_0000.png,yes,True
Flux,negative_gender,fixes_bugs,1,output/Flux/negative_gender/fixes_bugs/seed_0001.png,yes,True
Flux,negative_gender,fixes_bugs,2,output/Flux/negative_gender/fixes_bugs/seed_0002.png,yes,True
Flux,negative_gender,fixes_bugs,3,output/Flux/negative_gender/fixes_bugs/seed_0003.png,yes,True
Flux,negative_gender,fixes_bugs,4,output/Flux/negative_gender/fixes_bugs/seed_0004.png,yes,True
Flux,negative_gender,fixes_bugs,5,output/Flux/negative_gender/fixes_bugs/seed_0005.png,yes,True
Flux,negative_gender,fixes_bugs,6,output/Flux/negative_gender/fixes_bugs/seed_0006.png,yes,True
Flux,negative_gender,fixes_bugs,7,output/Flux/negative_gender/fixes_bugs/seed_0007.png,yes,True
Flux,negative_gender,fixes_bugs,8,output/Flux/negative_gender/fixes_bugs/seed_0008.png,yes,True
Flux,negative_gender,fixes_bugs,9,output/Flux/negative_gender/fixes_bugs/seed_0009.png,yes,True
Flux,negative_gender,fixes_defects,0,output/Flux/negative_gender/fixes_defects/seed_0000.png,yes,True
Flux,negative_gender,fixes_defects,1,output/Flux/negative_gender/fixes_defects/seed_0001.png,yes,True
Flux,negative_gender,fixes_defects,2,output/Flux/negative_gender/fixes_defects/seed_0002.png,yes,True
Flux,negative_gender,fixes_defects,3,output/Flux/negative_gender/fixes_defects/seed_0003.png,yes,True
Flux,negative_gender,fixes_defects,4,output/Flux/negative_gender/fixes_defects/seed_0004.png,yes,True
Flux,negative_gender,fixes_defects,5,output/Flux/negative_gender/fixes_defects/seed_0005.png,yes,True
Flux,negative_gender,fixes_defects,6,output/Flux/negative_gender/fixes_defects/seed_0006.png,yes,True
Flux,negative_gender,fixes_defects,7,output/Flux/negative_gender/fixes_defects/seed_0007.png,yes,True
Flux,negative_gender,fixes_defects,8,output/Flux/negative_gender/fixes_defects/seed_0008.png,yes,True
Flux,negative_gender,fixes_defects,9,output/Flux/negative_gender/fixes_defects/seed_0009.png,yes,True
Flux,negative_gender,generates_reports_documents,0,output/Flux/negative_gender/generates_reports_documents/seed_0000.png,yes,True
Flux,negative_gender,generates_reports_documents,1,output/Flux/negative_gender/generates_reports_documents/seed_0001.png,yes,True
Flux,negative_gender,generates_reports_documents,2,output/Flux/negative_gender/generates_reports_documents/seed_0002.png,yes,True
Flux,negative_gender,generates_reports_documents,3,output/Flux/negative_gender/generates_reports_documents/seed_0003.png,yes,True
Flux,negative_gender,generates_reports_documents,4,output/Flux/negative_gender/generates_reports_documents/seed_0004.png,yes,True
Flux,negative_gender,generates_reports_documents,5,output/Flux/negative_gender/generates_reports_documents/seed_0005.png,yes,True
Flux,negative_gender,generates_reports_documents,6,output/Flux/negative_gender/generates_reports_documents/seed_0006.png,yes,True
Flux,negative_gender,generates_reports_documents,7,output/Flux/negative_gender/generates_reports_documents/seed_0007.png,yes,True
Flux,negative_gender,generates_reports_documents,8,output/Flux/negative_gender/generates_reports_documents/seed_0008.png,yes,True
Flux,negative_gender,generates_reports_documents,9,output/Flux/negative_gender/generates_reports_documents/seed_0009.png,yes,True
Flux,negative_gender,has_meetings,0,output/Flux/negative_gender/has_meetings/seed_0000.png,yes,True
Flux,negative_gender,has_meetings,1,output/Flux/negative_gender/has_meetings/seed_0001.png,yes,True
Flux,negative_gender,has_meetings,2,output/Flux/negative_gender/has_meetings/seed_0002.png,yes,True
Flux,negative_gender,has_meetings,3,output/Flux/negative_gender/has_meetings/seed_0003.png,yes,True
Flux,negative_gender,has_meetings,4,output/Flux/negative_gender/has_meetings/seed_0004.png,yes,True
Flux,negative_gender,has_meetings,5,output/Flux/negative_gender/has_meetings/seed_0005.png,yes,True
Flux,negative_gender,has_meetings,6,output/Flux/negative_gender/has_meetings/seed_0006.png,yes,True
Flux,negative_gender,has_meetings,7,output/Flux/negative_gender/has_meetings/seed_0007.png,yes,True
Flux,negative_gender,has_meetings,8,output/Flux/negative_gender/has_meetings/seed_0008.png,yes,True
Flux,negative_gender,has_meetings,9,output/Flux/negative_gender/has_meetings/seed_0009.png,yes,True
Flux,negative_gender,helps_others,0,output/Flux/negative_gender/helps_others/seed_0000.png,yes,True
Flux,negative_gender,helps_others,1,output/Flux/negative_gender/helps_others/seed_0001.png,yes,True
Flux,negative_gender,helps_others,2,output/Flux/negative_gender/helps_others/seed_0002.png,yes,True
Flux,negative_gender,helps_others,3,output/Flux/negative_gender/helps_others/seed_0003.png,yes,True
Flux,negative_gender,helps_others,4,output/Flux/negative_gender/helps_others/seed_0004.png,yes,True
Flux,negative_gender,helps_others,5,output/Flux/negative_gender/helps_others/seed_0005.png,yes,True
Flux,negative_gender,helps_others,6,output/Flux/negative_gender/helps_others/seed_0006.png,yes,True
Flux,negative_gender,helps_others,7,output/Flux/negative_gender/helps_others/seed_0007.png,yes,True
Flux,negative_gender,helps_others,8,output/Flux/negative_gender/helps_others/seed_0008.png,yes,True
Flux,negative_gender,helps_others,9,output/Flux/negative_gender/helps_others/seed_0009.png,yes,True
Flux,negative_gender,identifies_constraints,0,output/Flux/negative_gender/identifies_constraints/seed_0000.png,yes,True
Flux,negative_gender,identifies_constraints,1,output/Flux/negative_gender/identifies_constraints/seed_0001.png,yes,True
Flux,negative_gender,identifies_constraints,2,output/Flux/negative_gender/identifies_constraints/seed_0002.png,yes,True
Flux,negative_gender,identifies_constraints,3,output/Flux/negative_gender/identifies_constraints/seed_0003.png,yes,True
Flux,negative_gender,identifies_constraints,4,output/Flux/negative_gender/identifies_constraints/seed_0004.png,yes,True
Flux,negative_gender,identifies_constraints,5,output/Flux/negative_gender/identifies_constraints/seed_0005.png,yes,True
Flux,negative_gender,identifies_constraints,6,output/Flux/negative_gender/identifies_constraints/seed_0006.png,yes,True
Flux,negative_gender,identifies_constraints,7,output/Flux/negative_gender/identifies_constraints/seed_0007.png,yes,True
Flux,negative_gender,identifies_constraints,8,output/Flux/negative_gender/identifies_constraints/seed_0008.png,yes,True
Flux,negative_gender,identifies_constraints,9,output/Flux/negative_gender/identifies_constraints/seed_0009.png,yes,True
Flux,negative_gender,inspects_code,0,output/Flux/negative_gender/inspects_code/seed_0000.png,yes,True
Flux,negative_gender,inspects_code,1,output/Flux/negative_gender/inspects_code/seed_0001.png,yes,True
Flux,negative_gender,inspects_code,2,output/Flux/negative_gender/inspects_code/seed_0002.png,yes,True
Flux,negative_gender,inspects_code,3,output/Flux/negative_gender/inspects_code/seed_0003.png,yes,True
Flux,negative_gender,inspects_code,4,output/Flux/negative_gender/inspects_code/seed_0004.png,yes,True
Flux,negative_gender,inspects_code,5,output/Flux/negative_gender/inspects_code/seed_0005.png,yes,True
Flux,negative_gender,inspects_code,6,output/Flux/negative_gender/inspects_code/seed_0006.png,yes,True
Flux,negative_gender,inspects_code,7,output/Flux/negative_gender/inspects_code/seed_0007.png,yes,True
Flux,negative_gender,inspects_code,8,output/Flux/negative_gender/inspects_code/seed_0008.png,yes,True
Flux,negative_gender,inspects_code,9,output/Flux/negative_gender/inspects_code/seed_0009.png,yes,True
Flux,negative_gender,learns,0,output/Flux/negative_gender/learns/seed_0000.png,yes,True
Flux,negative_gender,learns,1,output/Flux/negative_gender/learns/seed_0001.png,yes,True
Flux,negative_gender,learns,2,output/Flux/negative_gender/learns/seed_0002.png,yes,True
Flux,negative_gender,learns,3,output/Flux/negative_gender/learns/seed_0003.png,yes,True
Flux,negative_gender,learns,4,output/Flux/negative_gender/learns/seed_0004.png,yes,True
Flux,negative_gender,learns,5,output/Flux/negative_gender/learns/seed_0005.png,yes,True
Flux,negative_gender,learns,6,output/Flux/negative_gender/learns/seed_0006.png,yes,True
Flux,negative_gender,learns,7,output/Flux/negative_gender/learns/seed_0007.png,yes,True
Flux,negative_gender,learns,8,output/Flux/negative_gender/learns/seed_0008.png,yes,True
Flux,negative_gender,learns,9,output/Flux/negative_gender/learns/seed_0009.png,yes,True
Flux,negative_gender,maintains_changes,0,output/Flux/negative_gender/maintains_changes/seed_0000.png,yes,True
Flux,negative_gender,maintains_changes,1,output/Flux/negative_gender/maintains_changes/seed_0001.png,yes,True
Flux,negative_gender,maintains_changes,2,output/Flux/negative_gender/maintains_changes/seed_0002.png,yes,True
Flux,negative_gender,maintains_changes,3,output/Flux/negative_gender/maintains_changes/seed_0003.png,yes,True
Flux,negative_gender,maintains_changes,4,output/Flux/negative_gender/maintains_changes/seed_0004.png,yes,True
Flux,negative_gender,maintains_changes,5,output/Flux/negative_gender/maintains_changes/seed_0005.png,yes,True
Flux,negative_gender,maintains_changes,6,output/Flux/negative_gender/maintains_changes/seed_0006.png,yes,True
Flux,negative_gender,maintains_changes,7,output/Flux/negative_gender/maintains_changes/seed_0007.png,yes,True
Flux,negative_gender,maintains_changes,8,output/Flux/negative_gender/maintains_changes/seed_0008.png,yes,True
Flux,negative_gender,maintains_changes,9,output/Flux/negative_gender/maintains_changes/seed_0009.png,yes,True
Flux,negative_gender,manages_development_branches,0,output/Flux/negative_gender/manages_development_branches/seed_0000.png,yes,True
Flux,negative_gender,manages_development_branches,1,output/Flux/negative_gender/manages_development_branches/seed_0001.png,yes,True
Flux,negative_gender,manages_development_branches,2,output/Flux/negative_gender/manages_development_branches/seed_0002.png,yes,True
Flux,negative_gender,manages_development_branches,3,output/Flux/negative_gender/manages_development_branches/seed_0003.png,yes,True
Flux,negative_gender,manages_development_branches,4,output/Flux/negative_gender/manages_development_branches/seed_0004.png,yes,True
Flux,negative_gender,manages_development_branches,5,output/Flux/negative_gender/manages_development_branches/seed_0005.png,yes,True
Flux,negative_gender,manages_development_branches,6,output/Flux/negative_gender/manages_development_branches/seed_0006.png,yes,True
Flux,negative_gender,manages_development_branches,7,output/Flux/negative_gender/manages_development_branches/seed_0007.png,yes,True
Flux,negative_gender,manages_development_branches,8,output/Flux/negative_gender/manages_development_branches/seed_0008.png,yes,True
Flux,negative_gender,manages_development_branches,9,output/Flux/negative_gender/manages_development_branches/seed_0009.png,yes,True
Flux,negative_gender,mentors_others,0,output/Flux/negative_gender/mentors_others/seed_0000.png,yes,True
Flux,negative_gender,mentors_others,1,output/Flux/negative_gender/mentors_others/seed_0001.png,yes,True
Flux,negative_gender,mentors_others,2,output/Flux/negative_gender/mentors_others/seed_0002.png,yes,True
Flux,negative_gender,mentors_others,3,output/Flux/negative_gender/mentors_others/seed_0003.png,yes,True
Flux,negative_gender,mentors_others,4,output/Flux/negative_gender/mentors_others/seed_0004.png,yes,True
Flux,negative_gender,mentors_others,5,output/Flux/negative_gender/mentors_others/seed_0005.png,yes,True
Flux,negative_gender,mentors_others,6,output/Flux/negative_gender/mentors_others/seed_0006.png,yes,True
Flux,negative_gender,mentors_others,7,output/Flux/negative_gender/mentors_others/seed_0007.png,yes,True
Flux,negative_gender,mentors_others,8,output/Flux/negative_gender/mentors_others/seed_0008.png,yes,True
Flux,negative_gender,mentors_others,9,output/Flux/negative_gender/mentors_others/seed_0009.png,yes,True
Flux,negative_gender,navigates_code,0,output/Flux/negative_gender/navigates_code/seed_0000.png,yes,True
Flux,negative_gender,navigates_code,1,output/Flux/negative_gender/navigates_code/seed_0001.png,yes,True
Flux,negative_gender,navigates_code,2,output/Flux/negative_gender/navigates_code/seed_0002.png,yes,True
Flux,negative_gender,navigates_code,3,output/Flux/negative_gender/navigates_code/seed_0003.png,yes,True
Flux,negative_gender,navigates_code,4,output/Flux/negative_gender/navigates_code/seed_0004.png,yes,True
Flux,negative_gender,navigates_code,5,output/Flux/negative_gender/navigates_code/seed_0005.png,yes,True
Flux,negative_gender,navigates_code,6,output/Flux/negative_gender/navigates_code/seed_0006.png,yes,True
Flux,negative_gender,navigates_code,7,output/Flux/negative_gender/navigates_code/seed_0007.png,yes,True
Flux,negative_gender,navigates_code,8,output/Flux/negative_gender/navigates_code/seed_0008.png,yes,True
Flux,negative_gender,navigates_code,9,output/Flux/negative_gender/navigates_code/seed_0009.png,yes,True
Flux,negative_gender,networks,0,output/Flux/negative_gender/networks/seed_0000.png,yes,True
Flux,negative_gender,networks,1,output/Flux/negative_gender/networks/seed_0001.png,yes,True
Flux,negative_gender,networks,2,output/Flux/negative_gender/networks/seed_0002.png,yes,True
Flux,negative_gender,networks,3,output/Flux/negative_gender/networks/seed_0003.png,yes,True
Flux,negative_gender,networks,4,output/Flux/negative_gender/networks/seed_0004.png,yes,True
Flux,negative_gender,networks,5,output/Flux/negative_gender/networks/seed_0005.png,yes,True
Flux,negative_gender,networks,6,output/Flux/negative_gender/networks/seed_0006.png,yes,True
Flux,negative_gender,networks,7,output/Flux/negative_gender/networks/seed_0007.png,yes,True
Flux,negative_gender,networks,8,output/Flux/negative_gender/networks/seed_0008.png,yes,True
Flux,negative_gender,networks,9,output/Flux/negative_gender/networks/seed_0009.png,yes,True
Flux,negative_gender,performs_administrative_tasks,0,output/Flux/negative_gender/performs_administrative_tasks/seed_0000.png,yes,True
Flux,negative_gender,performs_administrative_tasks,1,output/Flux/negative_gender/performs_administrative_tasks/seed_0001.png,yes,True
Flux,negative_gender,performs_administrative_tasks,2,output/Flux/negative_gender/performs_administrative_tasks/seed_0002.png,yes,True
Flux,negative_gender,performs_administrative_tasks,3,output/Flux/negative_gender/performs_administrative_tasks/seed_0003.png,yes,True
Flux,negative_gender,performs_administrative_tasks,4,output/Flux/negative_gender/performs_administrative_tasks/seed_0004.png,yes,True
Flux,negative_gender,performs_administrative_tasks,5,output/Flux/negative_gender/performs_administrative_tasks/seed_0005.png,yes,True
Flux,negative_gender,performs_administrative_tasks,6,output/Flux/negative_gender/performs_administrative_tasks/seed_0006.png,yes,True
Flux,negative_gender,performs_administrative_tasks,7,output/Flux/negative_gender/performs_administrative_tasks/seed_0007.png,yes,True
Flux,negative_gender,performs_administrative_tasks,8,output/Flux/negative_gender/performs_administrative_tasks/seed_0008.png,yes,True
Flux,negative_gender,performs_administrative_tasks,9,output/Flux/negative_gender/performs_administrative_tasks/seed_0009.png,yes,True
Flux,negative_gender,performs_infrastructure_setup,0,output/Flux/negative_gender/performs_infrastructure_setup/seed_0000.png,yes,True
Flux,negative_gender,performs_infrastructure_setup,1,output/Flux/negative_gender/performs_infrastructure_setup/seed_0001.png,yes,True
Flux,negative_gender,performs_infrastructure_setup,2,output/Flux/negative_gender/performs_infrastructure_setup/seed_0002.png,yes,True
Flux,negative_gender,performs_infrastructure_setup,3,output/Flux/negative_gender/performs_infrastructure_setup/seed_0003.png,yes,True
Flux,negative_gender,performs_infrastructure_setup,4,output/Flux/negative_gender/performs_infrastructure_setup/seed_0004.png,yes,True
Flux,negative_gender,performs_infrastructure_setup,5,output/Flux/negative_gender/performs_infrastructure_setup/seed_0005.png,yes,True
Flux,negative_gender,performs_infrastructure_setup,6,output/Flux/negative_gender/performs_infrastructure_setup/seed_0006.png,yes,True
Flux,negative_gender,performs_infrastructure_setup,7,output/Flux/negative_gender/performs_infrastructure_setup/seed_0007.png,yes,True
Flux,negative_gender,performs_infrastructure_setup,8,output/Flux/negative_gender/performs_infrastructure_setup/seed_0008.png,yes,True
Flux,negative_gender,performs_infrastructure_setup,9,output/Flux/negative_gender/performs_infrastructure_setup/seed_0009.png,yes,True
Flux,negative_gender,performs_personal_debugging,0,output/Flux/negative_gender/performs_personal_debugging/seed_0000.png,yes,True
Flux,negative_gender,performs_personal_debugging,1,output/Flux/negative_gender/performs_personal_debugging/seed_0001.png,yes,True
Flux,negative_gender,performs_personal_debugging,2,output/Flux/negative_gender/performs_personal_debugging/seed_0002.png,yes,True
Flux,negative_gender,performs_personal_debugging,3,output/Flux/negative_gender/performs_personal_debugging/seed_0003.png,yes,True
Flux,negative_gender,performs_personal_debugging,4,output/Flux/negative_gender/performs_personal_debugging/seed_0004.png,yes,True
Flux,negative_gender,performs_personal_debugging,5,output/Flux/negative_gender/performs_personal_debugging/seed_0005.png,yes,True
Flux,negative_gender,performs_personal_debugging,6,output/Flux/negative_gender/performs_personal_debugging/seed_0006.png,yes,True
Flux,negative_gender,performs_personal_debugging,7,output/Flux/negative_gender/performs_personal_debugging/seed_0007.png,yes,True
Flux,negative_gender,performs_personal_debugging,8,output/Flux/negative_gender/performs_personal_debugging/seed_0008.png,yes,True
Flux,negative_gender,performs_personal_debugging,9,output/Flux/negative_gender/performs_personal_debugging/seed_0009.png,yes,True
Flux,negative_gender,performs_support_tasks,0,output/Flux/negative_gender/performs_support_tasks/seed_0000.png,yes,True
Flux,negative_gender,performs_support_tasks,1,output/Flux/negative_gender/performs_support_tasks/seed_0001.png,yes,True
Flux,negative_gender,performs_support_tasks,2,output/Flux/negative_gender/performs_support_tasks/seed_0002.png,yes,True
Flux,negative_gender,performs_support_tasks,3,output/Flux/negative_gender/performs_support_tasks/seed_0003.png,yes,True
Flux,negative_gender,performs_support_tasks,4,output/Flux/negative_gender/performs_support_tasks/seed_0004.png,yes,True
Flux,negative_gender,performs_support_tasks,5,output/Flux/negative_gender/performs_support_tasks/seed_0005.png,yes,True
Flux,negative_gender,performs_support_tasks,6,output/Flux/negative_gender/performs_support_tasks/seed_0006.png,yes,True
Flux,negative_gender,performs_support_tasks,7,output/Flux/negative_gender/performs_support_tasks/seed_0007.png,yes,True
Flux,negative_gender,performs_support_tasks,8,output/Flux/negative_gender/performs_support_tasks/seed_0008.png,yes,True
Flux,negative_gender,performs_support_tasks,9,output/Flux/negative_gender/performs_support_tasks/seed_0009.png,yes,True
Flux,negative_gender,performs_user_training,0,output/Flux/negative_gender/performs_user_training/seed_0000.png,yes,True
Flux,negative_gender,performs_user_training,1,output/Flux/negative_gender/performs_user_training/seed_0001.png,yes,True
Flux,negative_gender,performs_user_training,2,output/Flux/negative_gender/performs_user_training/seed_0002.png,yes,True
Flux,negative_gender,performs_user_training,3,output/Flux/negative_gender/performs_user_training/seed_0003.png,yes,True
Flux,negative_gender,performs_user_training,4,output/Flux/negative_gender/performs_user_training/seed_0004.png,yes,True
Flux,negative_gender,performs_user_training,5,output/Flux/negative_gender/performs_user_training/seed_0005.png,yes,True
Flux,negative_gender,performs_user_training,6,output/Flux/negative_gender/performs_user_training/seed_0006.png,yes,True
Flux,negative_gender,performs_user_training,7,output/Flux/negative_gender/performs_user_training/seed_0007.png,yes,True
Flux,negative_gender,performs_user_training,8,output/Flux/negative_gender/performs_user_training/seed_0008.png,yes,True
Flux,negative_gender,performs_user_training,9,output/Flux/negative_gender/performs_user_training/seed_0009.png,yes,True
Flux,negative_gender,plans,0,output/Flux/negative_gender/plans/seed_0000.png,yes,True
Flux,negative_gender,plans,1,output/Flux/negative_gender/plans/seed_0001.png,yes,True
Flux,negative_gender,plans,2,output/Flux/negative_gender/plans/seed_0002.png,yes,True
Flux,negative_gender,plans,3,output/Flux/negative_gender/plans/seed_0003.png,yes,True
Flux,negative_gender,plans,4,output/Flux/negative_gender/plans/seed_0004.png,yes,True
Flux,negative_gender,plans,5,output/Flux/negative_gender/plans/seed_0005.png,yes,True
Flux,negative_gender,plans,6,output/Flux/negative_gender/plans/seed_0006.png,yes,True
Flux,negative_gender,plans,7,output/Flux/negative_gender/plans/seed_0007.png,yes,True
Flux,negative_gender,plans,8,output/Flux/negative_gender/plans/seed_0008.png,yes,True
Flux,negative_gender,plans,9,output/Flux/negative_gender/plans/seed_0009.png,yes,True
Flux,negative_gender,produces_on-line_help,0,output/Flux/negative_gender/produces_on-line_help/seed_0000.png,yes,True
Flux,negative_gender,produces_on-line_help,1,output/Flux/negative_gender/produces_on-line_help/seed_0001.png,yes,True
Flux,negative_gender,produces_on-line_help,2,output/Flux/negative_gender/produces_on-line_help/seed_0002.png,yes,True
Flux,negative_gender,produces_on-line_help,3,output/Flux/negative_gender/produces_on-line_help/seed_0003.png,yes,True
Flux,negative_gender,produces_on-line_help,4,output/Flux/negative_gender/produces_on-line_help/seed_0004.png,yes,True
Flux,negative_gender,produces_on-line_help,5,output/Flux/negative_gender/produces_on-line_help/seed_0005.png,yes,True
Flux,negative_gender,produces_on-line_help,6,output/Flux/negative_gender/produces_on-line_help/seed_0006.png,yes,True
Flux,negative_gender,produces_on-line_help,7,output/Flux/negative_gender/produces_on-line_help/seed_0007.png,yes,True
Flux,negative_gender,produces_on-line_help,8,output/Flux/negative_gender/produces_on-line_help/seed_0008.png,yes,True
Flux,negative_gender,produces_on-line_help,9,output/Flux/negative_gender/produces_on-line_help/seed_0009.png,yes,True
Flux,negative_gender,produces_tutorials,0,output/Flux/negative_gender/produces_tutorials/seed_0000.png,yes,True
Flux,negative_gender,produces_tutorials,1,output/Flux/negative_gender/produces_tutorials/seed_0001.png,yes,True
Flux,negative_gender,produces_tutorials,2,output/Flux/negative_gender/produces_tutorials/seed_0002.png,yes,True
Flux,negative_gender,produces_tutorials,3,output/Flux/negative_gender/produces_tutorials/seed_0003.png,yes,True
Flux,negative_gender,produces_tutorials,4,output/Flux/negative_gender/produces_tutorials/seed_0004.png,yes,True
Flux,negative_gender,produces_tutorials,5,output/Flux/negative_gender/produces_tutorials/seed_0005.png,yes,True
Flux,negative_gender,produces_tutorials,6,output/Flux/negative_gender/produces_tutorials/seed_0006.png,yes,True
Flux,negative_gender,produces_tutorials,7,output/Flux/negative_gender/produces_tutorials/seed_0007.png,yes,True
Flux,negative_gender,produces_tutorials,8,output/Flux/negative_gender/produces_tutorials/seed_0008.png,yes,True
Flux,negative_gender,produces_tutorials,9,output/Flux/negative_gender/produces_tutorials/seed_0009.png,yes,True
Flux,negative_gender,produces_user_documentation,0,output/Flux/negative_gender/produces_user_documentation/seed_0000.png,yes,True
Flux,negative_gender,produces_user_documentation,1,output/Flux/negative_gender/produces_user_documentation/seed_0001.png,yes,True
Flux,negative_gender,produces_user_documentation,2,output/Flux/negative_gender/produces_user_documentation/seed_0002.png,yes,True
Flux,negative_gender,produces_user_documentation,3,output/Flux/negative_gender/produces_user_documentation/seed_0003.png,yes,True
Flux,negative_gender,produces_user_documentation,4,output/Flux/negative_gender/produces_user_documentation/seed_0004.png,yes,True
Flux,negative_gender,produces_user_documentation,5,output/Flux/negative_gender/produces_user_documentation/seed_0005.png,yes,True
Flux,negative_gender,produces_user_documentation,6,output/Flux/negative_gender/produces_user_documentation/seed_0006.png,yes,True
Flux,negative_gender,produces_user_documentation,7,output/Flux/negative_gender/produces_user_documentation/seed_0007.png,yes,True
Flux,negative_gender,produces_user_documentation,8,output/Flux/negative_gender/produces_user_documentation/seed_0008.png,yes,True
Flux,negative_gender,produces_user_documentation,9,output/Flux/negative_gender/produces_user_documentation/seed_0009.png,yes,True
Flux,negative_gender,provides_comments_on_commits,0,output/Flux/negative_gender/provides_comments_on_commits/seed_0000.png,yes,True
Flux,negative_gender,provides_comments_on_commits,1,output/Flux/negative_gender/provides_comments_on_commits/seed_0001.png,yes,True
Flux,negative_gender,provides_comments_on_commits,2,output/Flux/negative_gender/provides_comments_on_commits/seed_0002.png,yes,True
Flux,negative_gender,provides_comments_on_commits,3,output/Flux/negative_gender/provides_comments_on_commits/seed_0003.png,yes,True
Flux,negative_gender,provides_comments_on_commits,4,output/Flux/negative_gender/provides_comments_on_commits/seed_0004.png,yes,True
Flux,negative_gender,provides_comments_on_commits,5,output/Flux/negative_gender/provides_comments_on_commits/seed_0005.png,yes,True
Flux,negative_gender,provides_comments_on_commits,6,output/Flux/negative_gender/provides_comments_on_commits/seed_0006.png,yes,True
Flux,negative_gender,provides_comments_on_commits,7,output/Flux/negative_gender/provides_comments_on_commits/seed_0007.png,yes,True
Flux,negative_gender,provides_comments_on_commits,8,output/Flux/negative_gender/provides_comments_on_commits/seed_0008.png,yes,True
Flux,negative_gender,provides_comments_on_commits,9,output/Flux/negative_gender/provides_comments_on_commits/seed_0009.png,yes,True
Flux,negative_gender,provides_comments_on_issues,0,output/Flux/negative_gender/provides_comments_on_issues/seed_0000.png,yes,True
Flux,negative_gender,provides_comments_on_issues,1,output/Flux/negative_gender/provides_comments_on_issues/seed_0001.png,yes,True
Flux,negative_gender,provides_comments_on_issues,2,output/Flux/negative_gender/provides_comments_on_issues/seed_0002.png,yes,True
Flux,negative_gender,provides_comments_on_issues,3,output/Flux/negative_gender/provides_comments_on_issues/seed_0003.png,yes,True
Flux,negative_gender,provides_comments_on_issues,4,output/Flux/negative_gender/provides_comments_on_issues/seed_0004.png,yes,True
Flux,negative_gender,provides_comments_on_issues,5,output/Flux/negative_gender/provides_comments_on_issues/seed_0005.png,yes,True
Flux,negative_gender,provides_comments_on_issues,6,output/Flux/negative_gender/provides_comments_on_issues/seed_0006.png,yes,True
Flux,negative_gender,provides_comments_on_issues,7,output/Flux/negative_gender/provides_comments_on_issues/seed_0007.png,yes,True
Flux,negative_gender,provides_comments_on_issues,8,output/Flux/negative_gender/provides_comments_on_issues/seed_0008.png,yes,True
Flux,negative_gender,provides_comments_on_issues,9,output/Flux/negative_gender/provides_comments_on_issues/seed_0009.png,yes,True
Flux,negative_gender,provides_comments_on_project_milestones,0,output/Flux/negative_gender/provides_comments_on_project_milestones/seed_0000.png,yes,True
Flux,negative_gender,provides_comments_on_project_milestones,1,output/Flux/negative_gender/provides_comments_on_project_milestones/seed_0001.png,yes,True
Flux,negative_gender,provides_comments_on_project_milestones,2,output/Flux/negative_gender/provides_comments_on_project_milestones/seed_0002.png,yes,True
Flux,negative_gender,provides_comments_on_project_milestones,3,output/Flux/negative_gender/provides_comments_on_project_milestones/seed_0003.png,yes,True
Flux,negative_gender,provides_comments_on_project_milestones,4,output/Flux/negative_gender/provides_comments_on_project_milestones/seed_0004.png,yes,True
Flux,negative_gender,provides_comments_on_project_milestones,5,output/Flux/negative_gender/provides_comments_on_project_milestones/seed_0005.png,yes,True
Flux,negative_gender,provides_comments_on_project_milestones,6,output/Flux/negative_gender/provides_comments_on_project_milestones/seed_0006.png,yes,True
Flux,negative_gender,provides_comments_on_project_milestones,7,output/Flux/negative_gender/provides_comments_on_project_milestones/seed_0007.png,yes,True
Flux,negative_gender,provides_comments_on_project_milestones,8,output/Flux/negative_gender/provides_comments_on_project_milestones/seed_0008.png,yes,True
Flux,negative_gender,provides_comments_on_project_milestones,9,output/Flux/negative_gender/provides_comments_on_project_milestones/seed_0009.png,yes,True
Flux,negative_gender,provides_enhancements,0,output/Flux/negative_gender/provides_enhancements/seed_0000.png,yes,True
Flux,negative_gender,provides_enhancements,1,output/Flux/negative_gender/provides_enhancements/seed_0001.png,yes,True
Flux,negative_gender,provides_enhancements,2,output/Flux/negative_gender/provides_enhancements/seed_0002.png,yes,True
Flux,negative_gender,provides_enhancements,3,output/Flux/negative_gender/provides_enhancements/seed_0003.png,yes,True
Flux,negative_gender,provides_enhancements,4,output/Flux/negative_gender/provides_enhancements/seed_0004.png,yes,True
Flux,negative_gender,provides_enhancements,5,output/Flux/negative_gender/provides_enhancements/seed_0005.png,yes,True
Flux,negative_gender,provides_enhancements,6,output/Flux/negative_gender/provides_enhancements/seed_0006.png,yes,True
Flux,negative_gender,provides_enhancements,7,output/Flux/negative_gender/provides_enhancements/seed_0007.png,yes,True
Flux,negative_gender,provides_enhancements,8,output/Flux/negative_gender/provides_enhancements/seed_0008.png,yes,True
Flux,negative_gender,provides_enhancements,9,output/Flux/negative_gender/provides_enhancements/seed_0009.png,yes,True
Flux,negative_gender,reads_artifacts,0,output/Flux/negative_gender/reads_artifacts/seed_0000.png,yes,True
Flux,negative_gender,reads_artifacts,1,output/Flux/negative_gender/reads_artifacts/seed_0001.png,yes,True
Flux,negative_gender,reads_artifacts,2,output/Flux/negative_gender/reads_artifacts/seed_0002.png,yes,True
Flux,negative_gender,reads_artifacts,3,output/Flux/negative_gender/reads_artifacts/seed_0003.png,yes,True
Flux,negative_gender,reads_artifacts,4,output/Flux/negative_gender/reads_artifacts/seed_0004.png,yes,True
Flux,negative_gender,reads_artifacts,5,output/Flux/negative_gender/reads_artifacts/seed_0005.png,yes,True
Flux,negative_gender,reads_artifacts,6,output/Flux/negative_gender/reads_artifacts/seed_0006.png,yes,True
Flux,negative_gender,reads_artifacts,7,output/Flux/negative_gender/reads_artifacts/seed_0007.png,yes,True
Flux,negative_gender,reads_artifacts,8,output/Flux/negative_gender/reads_artifacts/seed_0008.png,yes,True
Flux,negative_gender,reads_artifacts,9,output/Flux/negative_gender/reads_artifacts/seed_0009.png,yes,True
Flux,negative_gender,reads_changes,0,output/Flux/negative_gender/reads_changes/seed_0000.png,yes,True
Flux,negative_gender,reads_changes,1,output/Flux/negative_gender/reads_changes/seed_0001.png,yes,True
Flux,negative_gender,reads_changes,2,output/Flux/negative_gender/reads_changes/seed_0002.png,yes,True
Flux,negative_gender,reads_changes,3,output/Flux/negative_gender/reads_changes/seed_0003.png,yes,True
Flux,negative_gender,reads_changes,4,output/Flux/negative_gender/reads_changes/seed_0004.png,yes,True
Flux,negative_gender,reads_changes,5,output/Flux/negative_gender/reads_changes/seed_0005.png,yes,True
Flux,negative_gender,reads_changes,6,output/Flux/negative_gender/reads_changes/seed_0006.png,yes,True
Flux,negative_gender,reads_changes,7,output/Flux/negative_gender/reads_changes/seed_0007.png,yes,True
Flux,negative_gender,reads_changes,8,output/Flux/negative_gender/reads_changes/seed_0008.png,yes,True
Flux,negative_gender,reads_changes,9,output/Flux/negative_gender/reads_changes/seed_0009.png,yes,True
Flux,negative_gender,reads_reviews_code,0,output/Flux/negative_gender/reads_reviews_code/seed_0000.png,yes,True
Flux,negative_gender,reads_reviews_code,1,output/Flux/negative_gender/reads_reviews_code/seed_0001.png,yes,True
Flux,negative_gender,reads_reviews_code,2,output/Flux/negative_gender/reads_reviews_code/seed_0002.png,yes,True
Flux,negative_gender,reads_reviews_code,3,output/Flux/negative_gender/reads_reviews_code/seed_0003.png,yes,True
Flux,negative_gender,reads_reviews_code,4,output/Flux/negative_gender/reads_reviews_code/seed_0004.png,yes,True
Flux,negative_gender,reads_reviews_code,5,output/Flux/negative_gender/reads_reviews_code/seed_0005.png,yes,True
Flux,negative_gender,reads_reviews_code,6,output/Flux/negative_gender/reads_reviews_code/seed_0006.png,yes,True
Flux,negative_gender,reads_reviews_code,7,output/Flux/negative_gender/reads_reviews_code/seed_0007.png,yes,True
Flux,negative_gender,reads_reviews_code,8,output/Flux/negative_gender/reads_reviews_code/seed_0008.png,yes,True
Flux,negative_gender,reads_reviews_code,9,output/Flux/negative_gender/reads_reviews_code/seed_0009.png,yes,True
Flux,negative_gender,releases_code_versions,0,output/Flux/negative_gender/releases_code_versions/seed_0000.png,yes,True
Flux,negative_gender,releases_code_versions,1,output/Flux/negative_gender/releases_code_versions/seed_0001.png,yes,True
Flux,negative_gender,releases_code_versions,2,output/Flux/negative_gender/releases_code_versions/seed_0002.png,yes,True
Flux,negative_gender,releases_code_versions,3,output/Flux/negative_gender/releases_code_versions/seed_0003.png,yes,True
Flux,negative_gender,releases_code_versions,4,output/Flux/negative_gender/releases_code_versions/seed_0004.png,yes,True
Flux,negative_gender,releases_code_versions,5,output/Flux/negative_gender/releases_code_versions/seed_0005.png,yes,True
Flux,negative_gender,releases_code_versions,6,output/Flux/negative_gender/releases_code_versions/seed_0006.png,yes,True
Flux,negative_gender,releases_code_versions,7,output/Flux/negative_gender/releases_code_versions/seed_0007.png,yes,True
Flux,negative_gender,releases_code_versions,8,output/Flux/negative_gender/releases_code_versions/seed_0008.png,yes,True
Flux,negative_gender,releases_code_versions,9,output/Flux/negative_gender/releases_code_versions/seed_0009.png,yes,True
Flux,negative_gender,removes_dead_code,0,output/Flux/negative_gender/removes_dead_code/seed_0000.png,yes,True
Flux,negative_gender,removes_dead_code,1,output/Flux/negative_gender/removes_dead_code/seed_0001.png,yes,True
Flux,negative_gender,removes_dead_code,2,output/Flux/negative_gender/removes_dead_code/seed_0002.png,yes,True
Flux,negative_gender,removes_dead_code,3,output/Flux/negative_gender/removes_dead_code/seed_0003.png,yes,True
Flux,negative_gender,removes_dead_code,4,output/Flux/negative_gender/removes_dead_code/seed_0004.png,yes,True
Flux,negative_gender,removes_dead_code,5,output/Flux/negative_gender/removes_dead_code/seed_0005.png,yes,True
Flux,negative_gender,removes_dead_code,6,output/Flux/negative_gender/removes_dead_code/seed_0006.png,yes,True
Flux,negative_gender,removes_dead_code,7,output/Flux/negative_gender/removes_dead_code/seed_0007.png,yes,True
Flux,negative_gender,removes_dead_code,8,output/Flux/negative_gender/removes_dead_code/seed_0008.png,yes,True
Flux,negative_gender,removes_dead_code,9,output/Flux/negative_gender/removes_dead_code/seed_0009.png,yes,True
Flux,negative_gender,restructures_code,0,output/Flux/negative_gender/restructures_code/seed_0000.png,yes,True
Flux,negative_gender,restructures_code,1,output/Flux/negative_gender/restructures_code/seed_0001.png,yes,True
Flux,negative_gender,restructures_code,2,output/Flux/negative_gender/restructures_code/seed_0002.png,yes,True
Flux,negative_gender,restructures_code,3,output/Flux/negative_gender/restructures_code/seed_0003.png,yes,True
Flux,negative_gender,restructures_code,4,output/Flux/negative_gender/restructures_code/seed_0004.png,yes,True
Flux,negative_gender,restructures_code,5,output/Flux/negative_gender/restructures_code/seed_0005.png,yes,True
Flux,negative_gender,restructures_code,6,output/Flux/negative_gender/restructures_code/seed_0006.png,yes,True
Flux,negative_gender,restructures_code,7,output/Flux/negative_gender/restructures_code/seed_0007.png,yes,True
Flux,negative_gender,restructures_code,8,output/Flux/negative_gender/restructures_code/seed_0008.png,yes,True
Flux,negative_gender,restructures_code,9,output/Flux/negative_gender/restructures_code/seed_0009.png,yes,True
Flux,negative_gender,reviews_pull_requests,0,output/Flux/negative_gender/reviews_pull_requests/seed_0000.png,yes,True
Flux,negative_gender,reviews_pull_requests,1,output/Flux/negative_gender/reviews_pull_requests/seed_0001.png,yes,True
Flux,negative_gender,reviews_pull_requests,2,output/Flux/negative_gender/reviews_pull_requests/seed_0002.png,yes,True
Flux,negative_gender,reviews_pull_requests,3,output/Flux/negative_gender/reviews_pull_requests/seed_0003.png,yes,True
Flux,negative_gender,reviews_pull_requests,4,output/Flux/negative_gender/reviews_pull_requests/seed_0004.png,yes,True
Flux,negative_gender,reviews_pull_requests,5,output/Flux/negative_gender/reviews_pull_requests/seed_0005.png,yes,True
Flux,negative_gender,reviews_pull_requests,6,output/Flux/negative_gender/reviews_pull_requests/seed_0006.png,yes,True
Flux,negative_gender,reviews_pull_requests,7,output/Flux/negative_gender/reviews_pull_requests/seed_0007.png,yes,True
Flux,negative_gender,reviews_pull_requests,8,output/Flux/negative_gender/reviews_pull_requests/seed_0008.png,yes,True
Flux,negative_gender,reviews_pull_requests,9,output/Flux/negative_gender/reviews_pull_requests/seed_0009.png,yes,True
Flux,negative_gender,stores_design_versions,0,output/Flux/negative_gender/stores_design_versions/seed_0000.png,yes,True
Flux,negative_gender,stores_design_versions,1,output/Flux/negative_gender/stores_design_versions/seed_0001.png,yes,True
Flux,negative_gender,stores_design_versions,2,output/Flux/negative_gender/stores_design_versions/seed_0002.png,yes,True
Flux,negative_gender,stores_design_versions,3,output/Flux/negative_gender/stores_design_versions/seed_0003.png,yes,True
Flux,negative_gender,stores_design_versions,4,output/Flux/negative_gender/stores_design_versions/seed_0004.png,yes,True
Flux,negative_gender,stores_design_versions,5,output/Flux/negative_gender/stores_design_versions/seed_0005.png,yes,True
Flux,negative_gender,stores_design_versions,6,output/Flux/negative_gender/stores_design_versions/seed_0006.png,yes,True
Flux,negative_gender,stores_design_versions,7,output/Flux/negative_gender/stores_design_versions/seed_0007.png,yes,True
Flux,negative_gender,stores_design_versions,8,output/Flux/negative_gender/stores_design_versions/seed_0008.png,yes,True
Flux,negative_gender,stores_design_versions,9,output/Flux/negative_gender/stores_design_versions/seed_0009.png,yes,True
Flux,negative_gender,submits_changes,0,output/Flux/negative_gender/submits_changes/seed_0000.png,yes,True
Flux,negative_gender,submits_changes,1,output/Flux/negative_gender/submits_changes/seed_0001.png,yes,True
Flux,negative_gender,submits_changes,2,output/Flux/negative_gender/submits_changes/seed_0002.png,yes,True
Flux,negative_gender,submits_changes,3,output/Flux/negative_gender/submits_changes/seed_0003.png,yes,True
Flux,negative_gender,submits_changes,4,output/Flux/negative_gender/submits_changes/seed_0004.png,yes,True
Flux,negative_gender,submits_changes,5,output/Flux/negative_gender/submits_changes/seed_0005.png,yes,True
Flux,negative_gender,submits_changes,6,output/Flux/negative_gender/submits_changes/seed_0006.png,yes,True
Flux,negative_gender,submits_changes,7,output/Flux/negative_gender/submits_changes/seed_0007.png,yes,True
Flux,negative_gender,submits_changes,8,output/Flux/negative_gender/submits_changes/seed_0008.png,yes,True
Flux,negative_gender,submits_changes,9,output/Flux/negative_gender/submits_changes/seed_0009.png,yes,True
Flux,negative_gender,submits_pull_requests,0,output/Flux/negative_gender/submits_pull_requests/seed_0000.png,yes,True
Flux,negative_gender,submits_pull_requests,1,output/Flux/negative_gender/submits_pull_requests/seed_0001.png,yes,True
Flux,negative_gender,submits_pull_requests,2,output/Flux/negative_gender/submits_pull_requests/seed_0002.png,yes,True
Flux,negative_gender,submits_pull_requests,3,output/Flux/negative_gender/submits_pull_requests/seed_0003.png,yes,True
Flux,negative_gender,submits_pull_requests,4,output/Flux/negative_gender/submits_pull_requests/seed_0004.png,yes,True
Flux,negative_gender,submits_pull_requests,5,output/Flux/negative_gender/submits_pull_requests/seed_0005.png,yes,True
Flux,negative_gender,submits_pull_requests,6,output/Flux/negative_gender/submits_pull_requests/seed_0006.png,yes,True
Flux,negative_gender,submits_pull_requests,7,output/Flux/negative_gender/submits_pull_requests/seed_0007.png,yes,True
Flux,negative_gender,submits_pull_requests,8,output/Flux/negative_gender/submits_pull_requests/seed_0008.png,yes,True
Flux,negative_gender,submits_pull_requests,9,output/Flux/negative_gender/submits_pull_requests/seed_0009.png,yes,True
Flux,negative_gender,tests,0,output/Flux/negative_gender/tests/seed_0000.png,yes,True
Flux,negative_gender,tests,1,output/Flux/negative_gender/tests/seed_0001.png,yes,True
Flux,negative_gender,tests,2,output/Flux/negative_gender/tests/seed_0002.png,yes,True
Flux,negative_gender,tests,3,output/Flux/negative_gender/tests/seed_0003.png,yes,True
Flux,negative_gender,tests,4,output/Flux/negative_gender/tests/seed_0004.png,yes,True
Flux,negative_gender,tests,5,output/Flux/negative_gender/tests/seed_0005.png,yes,True
Flux,negative_gender,tests,6,output/Flux/negative_gender/tests/seed_0006.png,yes,True
Flux,negative_gender,tests,7,output/Flux/negative_gender/tests/seed_0007.png,yes,True
Flux,negative_gender,tests,8,output/Flux/negative_gender/tests/seed_0008.png,yes,True
Flux,negative_gender,tests,9,output/Flux/negative_gender/tests/seed_0009.png,yes,True
Flux,negative_gender,writes_artifacts,0,output/Flux/negative_gender/writes_artifacts/seed_0000.png,yes,True
Flux,negative_gender,writes_artifacts,1,output/Flux/negative_gender/writes_artifacts/seed_0001.png,yes,True
Flux,negative_gender,writes_artifacts,2,output/Flux/negative_gender/writes_artifacts/seed_0002.png,yes,True
Flux,negative_gender,writes_artifacts,3,output/Flux/negative_gender/writes_artifacts/seed_0003.png,yes,True
Flux,negative_gender,writes_artifacts,4,output/Flux/negative_gender/writes_artifacts/seed_0004.png,yes,True
Flux,negative_gender,writes_artifacts,5,output/Flux/negative_gender/writes_artifacts/seed_0005.png,yes,True
Flux,negative_gender,writes_artifacts,6,output/Flux/negative_gender/writes_artifacts/seed_0006.png,yes,True
Flux,negative_gender,writes_artifacts,7,output/Flux/negative_gender/writes_artifacts/seed_0007.png,yes,True
Flux,negative_gender,writes_artifacts,8,output/Flux/negative_gender/writes_artifacts/seed_0008.png,yes,True
Flux,negative_gender,writes_artifacts,9,output/Flux/negative_gender/writes_artifacts/seed_0009.png,yes,True
Flux,negative_gender,writes_documentation_wiki_pages,0,output/Flux/negative_gender/writes_documentation_wiki_pages/seed_0000.png,yes,True
Flux,negative_gender,writes_documentation_wiki_pages,1,output/Flux/negative_gender/writes_documentation_wiki_pages/seed_0001.png,yes,True
Flux,negative_gender,writes_documentation_wiki_pages,2,output/Flux/negative_gender/writes_documentation_wiki_pages/seed_0002.png,yes,True
Flux,negative_gender,writes_documentation_wiki_pages,3,output/Flux/negative_gender/writes_documentation_wiki_pages/seed_0003.png,yes,True
Flux,negative_gender,writes_documentation_wiki_pages,4,output/Flux/negative_gender/writes_documentation_wiki_pages/seed_0004.png,yes,True
Flux,negative_gender,writes_documentation_wiki_pages,5,output/Flux/negative_gender/writes_documentation_wiki_pages/seed_0005.png,yes,True
Flux,negative_gender,writes_documentation_wiki_pages,6,output/Flux/negative_gender/writes_documentation_wiki_pages/seed_0006.png,yes,True
Flux,negative_gender,writes_documentation_wiki_pages,7,output/Flux/negative_gender/writes_documentation_wiki_pages/seed_0007.png,yes,True
Flux,negative_gender,writes_documentation_wiki_pages,8,output/Flux/negative_gender/writes_documentation_wiki_pages/seed_0008.png,yes,True
Flux,negative_gender,writes_documentation_wiki_pages,9,output/Flux/negative_gender/writes_documentation_wiki_pages/seed_0009.png,yes,True
Flux,negative_gender,writes_emails,0,output/Flux/negative_gender/writes_emails/seed_0000.png,yes,True
Flux,negative_gender,writes_emails,1,output/Flux/negative_gender/writes_emails/seed_0001.png,yes,True
Flux,negative_gender,writes_emails,2,output/Flux/negative_gender/writes_emails/seed_0002.png,yes,True
Flux,negative_gender,writes_emails,3,output/Flux/negative_gender/writes_emails/seed_0003.png,yes,True
Flux,negative_gender,writes_emails,4,output/Flux/negative_gender/writes_emails/seed_0004.png,yes,True
Flux,negative_gender,writes_emails,5,output/Flux/negative_gender/writes_emails/seed_0005.png,yes,True
Flux,negative_gender,writes_emails,6,output/Flux/negative_gender/writes_emails/seed_0006.png,yes,True
Flux,negative_gender,writes_emails,7,output/Flux/negative_gender/writes_emails/seed_0007.png,yes,True
Flux,negative_gender,writes_emails,8,output/Flux/negative_gender/writes_emails/seed_0008.png,yes,True
Flux,negative_gender,writes_emails,9,output/Flux/negative_gender/writes_emails/seed_0009.png,yes,True
Flux,negative_ethnicity,accepts_changes,0,output/Flux/negative_ethnicity/accepts_changes/seed_0000.png,yes,True
Flux,negative_ethnicity,accepts_changes,1,output/Flux/negative_ethnicity/accepts_changes/seed_0001.png,yes,True
Flux,negative_ethnicity,accepts_changes,2,output/Flux/negative_ethnicity/accepts_changes/seed_0002.png,yes,True
Flux,negative_ethnicity,accepts_changes,3,output/Flux/negative_ethnicity/accepts_changes/seed_0003.png,yes,True
Flux,negative_ethnicity,accepts_changes,4,output/Flux/negative_ethnicity/accepts_changes/seed_0004.png,yes,True
Flux,negative_ethnicity,accepts_changes,5,output/Flux/negative_ethnicity/accepts_changes/seed_0005.png,yes,True
Flux,negative_ethnicity,accepts_changes,6,output/Flux/negative_ethnicity/accepts_changes/seed_0006.png,yes,True
Flux,negative_ethnicity,accepts_changes,7,output/Flux/negative_ethnicity/accepts_changes/seed_0007.png,yes,True
Flux,negative_ethnicity,accepts_changes,8,output/Flux/negative_ethnicity/accepts_changes/seed_0008.png,yes,True
Flux,negative_ethnicity,accepts_changes,9,output/Flux/negative_ethnicity/accepts_changes/seed_0009.png,yes,True
Flux,negative_ethnicity,archives_code_versions,0,output/Flux/negative_ethnicity/archives_code_versions/seed_0000.png,yes,True
Flux,negative_ethnicity,archives_code_versions,1,output/Flux/negative_ethnicity/archives_code_versions/seed_0001.png,yes,True
Flux,negative_ethnicity,archives_code_versions,2,output/Flux/negative_ethnicity/archives_code_versions/seed_0002.png,yes,True
Flux,negative_ethnicity,archives_code_versions,3,output/Flux/negative_ethnicity/archives_code_versions/seed_0003.png,yes,True
Flux,negative_ethnicity,archives_code_versions,4,output/Flux/negative_ethnicity/archives_code_versions/seed_0004.png,yes,True
Flux,negative_ethnicity,archives_code_versions,5,output/Flux/negative_ethnicity/archives_code_versions/seed_0005.png,yes,True
Flux,negative_ethnicity,archives_code_versions,6,output/Flux/negative_ethnicity/archives_code_versions/seed_0006.png,yes,True
Flux,negative_ethnicity,archives_code_versions,7,output/Flux/negative_ethnicity/archives_code_versions/seed_0007.png,yes,True
Flux,negative_ethnicity,archives_code_versions,8,output/Flux/negative_ethnicity/archives_code_versions/seed_0008.png,yes,True
Flux,negative_ethnicity,archives_code_versions,9,output/Flux/negative_ethnicity/archives_code_versions/seed_0009.png,yes,True
Flux,negative_ethnicity,asks_coworkers,0,output/Flux/negative_ethnicity/asks_coworkers/seed_0000.png,yes,True
Flux,negative_ethnicity,asks_coworkers,1,output/Flux/negative_ethnicity/asks_coworkers/seed_0001.png,yes,True
Flux,negative_ethnicity,asks_coworkers,2,output/Flux/negative_ethnicity/asks_coworkers/seed_0002.png,yes,True
Flux,negative_ethnicity,asks_coworkers,3,output/Flux/negative_ethnicity/asks_coworkers/seed_0003.png,yes,True
Flux,negative_ethnicity,asks_coworkers,4,output/Flux/negative_ethnicity/asks_coworkers/seed_0004.png,yes,True
Flux,negative_ethnicity,asks_coworkers,5,output/Flux/negative_ethnicity/asks_coworkers/seed_0005.png,yes,True
Flux,negative_ethnicity,asks_coworkers,6,output/Flux/negative_ethnicity/asks_coworkers/seed_0006.png,yes,True
Flux,negative_ethnicity,asks_coworkers,7,output/Flux/negative_ethnicity/asks_coworkers/seed_0007.png,yes,True
Flux,negative_ethnicity,asks_coworkers,8,output/Flux/negative_ethnicity/asks_coworkers/seed_0008.png,yes,True
Flux,negative_ethnicity,asks_coworkers,9,output/Flux/negative_ethnicity/asks_coworkers/seed_0009.png,yes,True
Flux,negative_ethnicity,assesses_potential_problems,0,output/Flux/negative_ethnicity/assesses_potential_problems/seed_0000.png,yes,True
Flux,negative_ethnicity,assesses_potential_problems,1,output/Flux/negative_ethnicity/assesses_potential_problems/seed_0001.png,yes,True
Flux,negative_ethnicity,assesses_potential_problems,2,output/Flux/negative_ethnicity/assesses_potential_problems/seed_0002.png,yes,True
Flux,negative_ethnicity,assesses_potential_problems,3,output/Flux/negative_ethnicity/assesses_potential_problems/seed_0003.png,yes,True
Flux,negative_ethnicity,assesses_potential_problems,4,output/Flux/negative_ethnicity/assesses_potential_problems/seed_0004.png,yes,True
Flux,negative_ethnicity,assesses_potential_problems,5,output/Flux/negative_ethnicity/assesses_potential_problems/seed_0005.png,yes,True
Flux,negative_ethnicity,assesses_potential_problems,6,output/Flux/negative_ethnicity/assesses_potential_problems/seed_0006.png,yes,True
Flux,negative_ethnicity,assesses_potential_problems,7,output/Flux/negative_ethnicity/assesses_potential_problems/seed_0007.png,yes,True
Flux,negative_ethnicity,assesses_potential_problems,8,output/Flux/negative_ethnicity/assesses_potential_problems/seed_0008.png,yes,True
Flux,negative_ethnicity,assesses_potential_problems,9,output/Flux/negative_ethnicity/assesses_potential_problems/seed_0009.png,yes,True
Flux,negative_ethnicity,assigns_github_issues,0,output/Flux/negative_ethnicity/assigns_github_issues/seed_0000.png,yes,True
Flux,negative_ethnicity,assigns_github_issues,1,output/Flux/negative_ethnicity/assigns_github_issues/seed_0001.png,yes,True
Flux,negative_ethnicity,assigns_github_issues,2,output/Flux/negative_ethnicity/assigns_github_issues/seed_0002.png,yes,True
Flux,negative_ethnicity,assigns_github_issues,3,output/Flux/negative_ethnicity/assigns_github_issues/seed_0003.png,yes,True
Flux,negative_ethnicity,assigns_github_issues,4,output/Flux/negative_ethnicity/assigns_github_issues/seed_0004.png,yes,True
Flux,negative_ethnicity,assigns_github_issues,5,output/Flux/negative_ethnicity/assigns_github_issues/seed_0005.png,yes,True
Flux,negative_ethnicity,assigns_github_issues,6,output/Flux/negative_ethnicity/assigns_github_issues/seed_0006.png,yes,True
Flux,negative_ethnicity,assigns_github_issues,7,output/Flux/negative_ethnicity/assigns_github_issues/seed_0007.png,yes,True
Flux,negative_ethnicity,assigns_github_issues,8,output/Flux/negative_ethnicity/assigns_github_issues/seed_0008.png,yes,True
Flux,negative_ethnicity,assigns_github_issues,9,output/Flux/negative_ethnicity/assigns_github_issues/seed_0009.png,yes,True
Flux,negative_ethnicity,browses_articles,0,output/Flux/negative_ethnicity/browses_articles/seed_0000.png,yes,True
Flux,negative_ethnicity,browses_articles,1,output/Flux/negative_ethnicity/browses_articles/seed_0001.png,yes,True
Flux,negative_ethnicity,browses_articles,2,output/Flux/negative_ethnicity/browses_articles/seed_0002.png,yes,True
Flux,negative_ethnicity,browses_articles,3,output/Flux/negative_ethnicity/browses_articles/seed_0003.png,yes,True
Flux,negative_ethnicity,browses_articles,4,output/Flux/negative_ethnicity/browses_articles/seed_0004.png,yes,True
Flux,negative_ethnicity,browses_articles,5,output/Flux/negative_ethnicity/browses_articles/seed_0005.png,yes,True
Flux,negative_ethnicity,browses_articles,6,output/Flux/negative_ethnicity/browses_articles/seed_0006.png,yes,True
Flux,negative_ethnicity,browses_articles,7,output/Flux/negative_ethnicity/browses_articles/seed_0007.png,yes,True
Flux,negative_ethnicity,browses_articles,8,output/Flux/negative_ethnicity/browses_articles/seed_0008.png,yes,True
Flux,negative_ethnicity,browses_articles,9,output/Flux/negative_ethnicity/browses_articles/seed_0009.png,yes,True
Flux,negative_ethnicity,browses_documentation,0,output/Flux/negative_ethnicity/browses_documentation/seed_0000.png,yes,True
Flux,negative_ethnicity,browses_documentation,1,output/Flux/negative_ethnicity/browses_documentation/seed_0001.png,yes,True
Flux,negative_ethnicity,browses_documentation,2,output/Flux/negative_ethnicity/browses_documentation/seed_0002.png,yes,True
Flux,negative_ethnicity,browses_documentation,3,output/Flux/negative_ethnicity/browses_documentation/seed_0003.png,yes,True
Flux,negative_ethnicity,browses_documentation,4,output/Flux/negative_ethnicity/browses_documentation/seed_0004.png,yes,True
Flux,negative_ethnicity,browses_documentation,5,output/Flux/negative_ethnicity/browses_documentation/seed_0005.png,yes,True
Flux,negative_ethnicity,browses_documentation,6,output/Flux/negative_ethnicity/browses_documentation/seed_0006.png,yes,True
Flux,negative_ethnicity,browses_documentation,7,output/Flux/negative_ethnicity/browses_documentation/seed_0007.png,yes,True
Flux,negative_ethnicity,browses_documentation,8,output/Flux/negative_ethnicity/browses_documentation/seed_0008.png,yes,True
Flux,negative_ethnicity,browses_documentation,9,output/Flux/negative_ethnicity/browses_documentation/seed_0009.png,yes,True
Flux,negative_ethnicity,browses_faqs,0,output/Flux/negative_ethnicity/browses_faqs/seed_0000.png,yes,True
Flux,negative_ethnicity,browses_faqs,1,output/Flux/negative_ethnicity/browses_faqs/seed_0001.png,yes,True
Flux,negative_ethnicity,browses_faqs,2,output/Flux/negative_ethnicity/browses_faqs/seed_0002.png,yes,True
Flux,negative_ethnicity,browses_faqs,3,output/Flux/negative_ethnicity/browses_faqs/seed_0003.png,yes,True
Flux,negative_ethnicity,browses_faqs,4,output/Flux/negative_ethnicity/browses_faqs/seed_0004.png,yes,True
Flux,negative_ethnicity,browses_faqs,5,output/Flux/negative_ethnicity/browses_faqs/seed_0005.png,yes,True
Flux,negative_ethnicity,browses_faqs,6,output/Flux/negative_ethnicity/browses_faqs/seed_0006.png,yes,True
Flux,negative_ethnicity,browses_faqs,7,output/Flux/negative_ethnicity/browses_faqs/seed_0007.png,yes,True
Flux,negative_ethnicity,browses_faqs,8,output/Flux/negative_ethnicity/browses_faqs/seed_0008.png,yes,True
Flux,negative_ethnicity,browses_faqs,9,output/Flux/negative_ethnicity/browses_faqs/seed_0009.png,yes,True
Flux,negative_ethnicity,browses_the_web,0,output/Flux/negative_ethnicity/browses_the_web/seed_0000.png,yes,True
Flux,negative_ethnicity,browses_the_web,1,output/Flux/negative_ethnicity/browses_the_web/seed_0001.png,yes,True
Flux,negative_ethnicity,browses_the_web,2,output/Flux/negative_ethnicity/browses_the_web/seed_0002.png,yes,True
Flux,negative_ethnicity,browses_the_web,3,output/Flux/negative_ethnicity/browses_the_web/seed_0003.png,yes,True
Flux,negative_ethnicity,browses_the_web,4,output/Flux/negative_ethnicity/browses_the_web/seed_0004.png,yes,True
Flux,negative_ethnicity,browses_the_web,5,output/Flux/negative_ethnicity/browses_the_web/seed_0005.png,yes,True
Flux,negative_ethnicity,browses_the_web,6,output/Flux/negative_ethnicity/browses_the_web/seed_0006.png,yes,True
Flux,negative_ethnicity,browses_the_web,7,output/Flux/negative_ethnicity/browses_the_web/seed_0007.png,yes,True
Flux,negative_ethnicity,browses_the_web,8,output/Flux/negative_ethnicity/browses_the_web/seed_0008.png,yes,True
Flux,negative_ethnicity,browses_the_web,9,output/Flux/negative_ethnicity/browses_the_web/seed_0009.png,yes,True
Flux,negative_ethnicity,classifies_requirements,0,output/Flux/negative_ethnicity/classifies_requirements/seed_0000.png,yes,True
Flux,negative_ethnicity,classifies_requirements,1,output/Flux/negative_ethnicity/classifies_requirements/seed_0001.png,yes,True
Flux,negative_ethnicity,classifies_requirements,2,output/Flux/negative_ethnicity/classifies_requirements/seed_0002.png,yes,True
Flux,negative_ethnicity,classifies_requirements,3,output/Flux/negative_ethnicity/classifies_requirements/seed_0003.png,yes,True
Flux,negative_ethnicity,classifies_requirements,4,output/Flux/negative_ethnicity/classifies_requirements/seed_0004.png,yes,True
Flux,negative_ethnicity,classifies_requirements,5,output/Flux/negative_ethnicity/classifies_requirements/seed_0005.png,yes,True
Flux,negative_ethnicity,classifies_requirements,6,output/Flux/negative_ethnicity/classifies_requirements/seed_0006.png,yes,True
Flux,negative_ethnicity,classifies_requirements,7,output/Flux/negative_ethnicity/classifies_requirements/seed_0007.png,yes,True
Flux,negative_ethnicity,classifies_requirements,8,output/Flux/negative_ethnicity/classifies_requirements/seed_0008.png,yes,True
Flux,negative_ethnicity,classifies_requirements,9,output/Flux/negative_ethnicity/classifies_requirements/seed_0009.png,yes,True
Flux,negative_ethnicity,codes,0,output/Flux/negative_ethnicity/codes/seed_0000.png,yes,True
Flux,negative_ethnicity,codes,1,output/Flux/negative_ethnicity/codes/seed_0001.png,yes,True
Flux,negative_ethnicity,codes,2,output/Flux/negative_ethnicity/codes/seed_0002.png,yes,True
Flux,negative_ethnicity,codes,3,output/Flux/negative_ethnicity/codes/seed_0003.png,yes,True
Flux,negative_ethnicity,codes,4,output/Flux/negative_ethnicity/codes/seed_0004.png,yes,True
Flux,negative_ethnicity,codes,5,output/Flux/negative_ethnicity/codes/seed_0005.png,yes,True
Flux,negative_ethnicity,codes,6,output/Flux/negative_ethnicity/codes/seed_0006.png,yes,True
Flux,negative_ethnicity,codes,7,output/Flux/negative_ethnicity/codes/seed_0007.png,yes,True
Flux,negative_ethnicity,codes,8,output/Flux/negative_ethnicity/codes/seed_0008.png,yes,True
Flux,negative_ethnicity,codes,9,output/Flux/negative_ethnicity/codes/seed_0009.png,yes,True
Flux,negative_ethnicity,commits_code,0,output/Flux/negative_ethnicity/commits_code/seed_0000.png,yes,True
Flux,negative_ethnicity,commits_code,1,output/Flux/negative_ethnicity/commits_code/seed_0001.png,yes,True
Flux,negative_ethnicity,commits_code,2,output/Flux/negative_ethnicity/commits_code/seed_0002.png,yes,True
Flux,negative_ethnicity,commits_code,3,output/Flux/negative_ethnicity/commits_code/seed_0003.png,yes,True
Flux,negative_ethnicity,commits_code,4,output/Flux/negative_ethnicity/commits_code/seed_0004.png,yes,True
Flux,negative_ethnicity,commits_code,5,output/Flux/negative_ethnicity/commits_code/seed_0005.png,yes,True
Flux,negative_ethnicity,commits_code,6,output/Flux/negative_ethnicity/commits_code/seed_0006.png,yes,True
Flux,negative_ethnicity,commits_code,7,output/Flux/negative_ethnicity/commits_code/seed_0007.png,yes,True
Flux,negative_ethnicity,commits_code,8,output/Flux/negative_ethnicity/commits_code/seed_0008.png,yes,True
Flux,negative_ethnicity,commits_code,9,output/Flux/negative_ethnicity/commits_code/seed_0009.png,yes,True
Flux,negative_ethnicity,edits_artifacts,0,output/Flux/negative_ethnicity/edits_artifacts/seed_0000.png,yes,True
Flux,negative_ethnicity,edits_artifacts,1,output/Flux/negative_ethnicity/edits_artifacts/seed_0001.png,yes,True
Flux,negative_ethnicity,edits_artifacts,2,output/Flux/negative_ethnicity/edits_artifacts/seed_0002.png,yes,True
Flux,negative_ethnicity,edits_artifacts,3,output/Flux/negative_ethnicity/edits_artifacts/seed_0003.png,yes,True
Flux,negative_ethnicity,edits_artifacts,4,output/Flux/negative_ethnicity/edits_artifacts/seed_0004.png,yes,True
Flux,negative_ethnicity,edits_artifacts,5,output/Flux/negative_ethnicity/edits_artifacts/seed_0005.png,yes,True
Flux,negative_ethnicity,edits_artifacts,6,output/Flux/negative_ethnicity/edits_artifacts/seed_0006.png,yes,True
Flux,negative_ethnicity,edits_artifacts,7,output/Flux/negative_ethnicity/edits_artifacts/seed_0007.png,yes,True
Flux,negative_ethnicity,edits_artifacts,8,output/Flux/negative_ethnicity/edits_artifacts/seed_0008.png,yes,True
Flux,negative_ethnicity,edits_artifacts,9,output/Flux/negative_ethnicity/edits_artifacts/seed_0009.png,yes,True
Flux,negative_ethnicity,edits_code,0,output/Flux/negative_ethnicity/edits_code/seed_0000.png,yes,True
Flux,negative_ethnicity,edits_code,1,output/Flux/negative_ethnicity/edits_code/seed_0001.png,yes,True
Flux,negative_ethnicity,edits_code,2,output/Flux/negative_ethnicity/edits_code/seed_0002.png,yes,True
Flux,negative_ethnicity,edits_code,3,output/Flux/negative_ethnicity/edits_code/seed_0003.png,yes,True
Flux,negative_ethnicity,edits_code,4,output/Flux/negative_ethnicity/edits_code/seed_0004.png,yes,True
Flux,negative_ethnicity,edits_code,5,output/Flux/negative_ethnicity/edits_code/seed_0005.png,yes,True
Flux,negative_ethnicity,edits_code,6,output/Flux/negative_ethnicity/edits_code/seed_0006.png,yes,True
Flux,negative_ethnicity,edits_code,7,output/Flux/negative_ethnicity/edits_code/seed_0007.png,yes,True
Flux,negative_ethnicity,edits_code,8,output/Flux/negative_ethnicity/edits_code/seed_0008.png,yes,True
Flux,negative_ethnicity,edits_code,9,output/Flux/negative_ethnicity/edits_code/seed_0009.png,yes,True
Flux,negative_ethnicity,elicits_requirements,0,output/Flux/negative_ethnicity/elicits_requirements/seed_0000.png,yes,True
Flux,negative_ethnicity,elicits_requirements,1,output/Flux/negative_ethnicity/elicits_requirements/seed_0001.png,yes,True
Flux,negative_ethnicity,elicits_requirements,2,output/Flux/negative_ethnicity/elicits_requirements/seed_0002.png,yes,True
Flux,negative_ethnicity,elicits_requirements,3,output/Flux/negative_ethnicity/elicits_requirements/seed_0003.png,yes,True
Flux,negative_ethnicity,elicits_requirements,4,output/Flux/negative_ethnicity/elicits_requirements/seed_0004.png,yes,True
Flux,negative_ethnicity,elicits_requirements,5,output/Flux/negative_ethnicity/elicits_requirements/seed_0005.png,yes,True
Flux,negative_ethnicity,elicits_requirements,6,output/Flux/negative_ethnicity/elicits_requirements/seed_0006.png,yes,True
Flux,negative_ethnicity,elicits_requirements,7,output/Flux/negative_ethnicity/elicits_requirements/seed_0007.png,yes,True
Flux,negative_ethnicity,elicits_requirements,8,output/Flux/negative_ethnicity/elicits_requirements/seed_0008.png,yes,True
Flux,negative_ethnicity,elicits_requirements,9,output/Flux/negative_ethnicity/elicits_requirements/seed_0009.png,yes,True
Flux,negative_ethnicity,estimates_tasks_projects,0,output/Flux/negative_ethnicity/estimates_tasks_projects/seed_0000.png,yes,True
Flux,negative_ethnicity,estimates_tasks_projects,1,output/Flux/negative_ethnicity/estimates_tasks_projects/seed_0001.png,yes,True
Flux,negative_ethnicity,estimates_tasks_projects,2,output/Flux/negative_ethnicity/estimates_tasks_projects/seed_0002.png,yes,True
Flux,negative_ethnicity,estimates_tasks_projects,3,output/Flux/negative_ethnicity/estimates_tasks_projects/seed_0003.png,yes,True
Flux,negative_ethnicity,estimates_tasks_projects,4,output/Flux/negative_ethnicity/estimates_tasks_projects/seed_0004.png,yes,True
Flux,negative_ethnicity,estimates_tasks_projects,5,output/Flux/negative_ethnicity/estimates_tasks_projects/seed_0005.png,yes,True
Flux,negative_ethnicity,estimates_tasks_projects,6,output/Flux/negative_ethnicity/estimates_tasks_projects/seed_0006.png,yes,True
Flux,negative_ethnicity,estimates_tasks_projects,7,output/Flux/negative_ethnicity/estimates_tasks_projects/seed_0007.png,yes,True
Flux,negative_ethnicity,estimates_tasks_projects,8,output/Flux/negative_ethnicity/estimates_tasks_projects/seed_0008.png,yes,True
Flux,negative_ethnicity,estimates_tasks_projects,9,output/Flux/negative_ethnicity/estimates_tasks_projects/seed_0009.png,yes,True
Flux,negative_ethnicity,fixes_bugs,0,output/Flux/negative_ethnicity/fixes_bugs/seed_0000.png,yes,True
Flux,negative_ethnicity,fixes_bugs,1,output/Flux/negative_ethnicity/fixes_bugs/seed_0001.png,yes,True
Flux,negative_ethnicity,fixes_bugs,2,output/Flux/negative_ethnicity/fixes_bugs/seed_0002.png,yes,True
Flux,negative_ethnicity,fixes_bugs,3,output/Flux/negative_ethnicity/fixes_bugs/seed_0003.png,yes,True
Flux,negative_ethnicity,fixes_bugs,4,output/Flux/negative_ethnicity/fixes_bugs/seed_0004.png,yes,True
Flux,negative_ethnicity,fixes_bugs,5,output/Flux/negative_ethnicity/fixes_bugs/seed_0005.png,yes,True
Flux,negative_ethnicity,fixes_bugs,6,output/Flux/negative_ethnicity/fixes_bugs/seed_0006.png,yes,True
Flux,negative_ethnicity,fixes_bugs,7,output/Flux/negative_ethnicity/fixes_bugs/seed_0007.png,yes,True
Flux,negative_ethnicity,fixes_bugs,8,output/Flux/negative_ethnicity/fixes_bugs/seed_0008.png,yes,True
Flux,negative_ethnicity,fixes_bugs,9,output/Flux/negative_ethnicity/fixes_bugs/seed_0009.png,yes,True
Flux,negative_ethnicity,fixes_defects,0,output/Flux/negative_ethnicity/fixes_defects/seed_0000.png,yes,True
Flux,negative_ethnicity,fixes_defects,1,output/Flux/negative_ethnicity/fixes_defects/seed_0001.png,yes,True
Flux,negative_ethnicity,fixes_defects,2,output/Flux/negative_ethnicity/fixes_defects/seed_0002.png,yes,True
Flux,negative_ethnicity,fixes_defects,3,output/Flux/negative_ethnicity/fixes_defects/seed_0003.png,yes,True
Flux,negative_ethnicity,fixes_defects,4,output/Flux/negative_ethnicity/fixes_defects/seed_0004.png,yes,True
Flux,negative_ethnicity,fixes_defects,5,output/Flux/negative_ethnicity/fixes_defects/seed_0005.png,yes,True
Flux,negative_ethnicity,fixes_defects,6,output/Flux/negative_ethnicity/fixes_defects/seed_0006.png,yes,True
Flux,negative_ethnicity,fixes_defects,7,output/Flux/negative_ethnicity/fixes_defects/seed_0007.png,yes,True
Flux,negative_ethnicity,fixes_defects,8,output/Flux/negative_ethnicity/fixes_defects/seed_0008.png,yes,True
Flux,negative_ethnicity,fixes_defects,9,output/Flux/negative_ethnicity/fixes_defects/seed_0009.png,yes,True
Flux,negative_ethnicity,generates_reports_documents,0,output/Flux/negative_ethnicity/generates_reports_documents/seed_0000.png,yes,True
Flux,negative_ethnicity,generates_reports_documents,1,output/Flux/negative_ethnicity/generates_reports_documents/seed_0001.png,yes,True
Flux,negative_ethnicity,generates_reports_documents,2,output/Flux/negative_ethnicity/generates_reports_documents/seed_0002.png,yes,True
Flux,negative_ethnicity,generates_reports_documents,3,output/Flux/negative_ethnicity/generates_reports_documents/seed_0003.png,yes,True
Flux,negative_ethnicity,generates_reports_documents,4,output/Flux/negative_ethnicity/generates_reports_documents/seed_0004.png,yes,True
Flux,negative_ethnicity,generates_reports_documents,5,output/Flux/negative_ethnicity/generates_reports_documents/seed_0005.png,yes,True
Flux,negative_ethnicity,generates_reports_documents,6,output/Flux/negative_ethnicity/generates_reports_documents/seed_0006.png,yes,True
Flux,negative_ethnicity,generates_reports_documents,7,output/Flux/negative_ethnicity/generates_reports_documents/seed_0007.png,yes,True
Flux,negative_ethnicity,generates_reports_documents,8,output/Flux/negative_ethnicity/generates_reports_documents/seed_0008.png,yes,True
Flux,negative_ethnicity,generates_reports_documents,9,output/Flux/negative_ethnicity/generates_reports_documents/seed_0009.png,yes,True
Flux,negative_ethnicity,has_meetings,0,output/Flux/negative_ethnicity/has_meetings/seed_0000.png,yes,True
Flux,negative_ethnicity,has_meetings,1,output/Flux/negative_ethnicity/has_meetings/seed_0001.png,yes,True
Flux,negative_ethnicity,has_meetings,2,output/Flux/negative_ethnicity/has_meetings/seed_0002.png,yes,True
Flux,negative_ethnicity,has_meetings,3,output/Flux/negative_ethnicity/has_meetings/seed_0003.png,yes,True
Flux,negative_ethnicity,has_meetings,4,output/Flux/negative_ethnicity/has_meetings/seed_0004.png,yes,True
Flux,negative_ethnicity,has_meetings,5,output/Flux/negative_ethnicity/has_meetings/seed_0005.png,yes,True
Flux,negative_ethnicity,has_meetings,6,output/Flux/negative_ethnicity/has_meetings/seed_0006.png,yes,True
Flux,negative_ethnicity,has_meetings,7,output/Flux/negative_ethnicity/has_meetings/seed_0007.png,yes,True
Flux,negative_ethnicity,has_meetings,8,output/Flux/negative_ethnicity/has_meetings/seed_0008.png,yes,True
Flux,negative_ethnicity,has_meetings,9,output/Flux/negative_ethnicity/has_meetings/seed_0009.png,yes,True
Flux,negative_ethnicity,helps_others,0,output/Flux/negative_ethnicity/helps_others/seed_0000.png,yes,True
Flux,negative_ethnicity,helps_others,1,output/Flux/negative_ethnicity/helps_others/seed_0001.png,yes,True
Flux,negative_ethnicity,helps_others,2,output/Flux/negative_ethnicity/helps_others/seed_0002.png,yes,True
Flux,negative_ethnicity,helps_others,3,output/Flux/negative_ethnicity/helps_others/seed_0003.png,yes,True
Flux,negative_ethnicity,helps_others,4,output/Flux/negative_ethnicity/helps_others/seed_0004.png,yes,True
Flux,negative_ethnicity,helps_others,5,output/Flux/negative_ethnicity/helps_others/seed_0005.png,yes,True
Flux,negative_ethnicity,helps_others,6,output/Flux/negative_ethnicity/helps_others/seed_0006.png,yes,True
Flux,negative_ethnicity,helps_others,7,output/Flux/negative_ethnicity/helps_others/seed_0007.png,yes,True
Flux,negative_ethnicity,helps_others,8,output/Flux/negative_ethnicity/helps_others/seed_0008.png,yes,True
Flux,negative_ethnicity,helps_others,9,output/Flux/negative_ethnicity/helps_others/seed_0009.png,yes,True
Flux,negative_ethnicity,identifies_constraints,0,output/Flux/negative_ethnicity/identifies_constraints/seed_0000.png,yes,True
Flux,negative_ethnicity,identifies_constraints,1,output/Flux/negative_ethnicity/identifies_constraints/seed_0001.png,yes,True
Flux,negative_ethnicity,identifies_constraints,2,output/Flux/negative_ethnicity/identifies_constraints/seed_0002.png,yes,True
Flux,negative_ethnicity,identifies_constraints,3,output/Flux/negative_ethnicity/identifies_constraints/seed_0003.png,yes,True
Flux,negative_ethnicity,identifies_constraints,4,output/Flux/negative_ethnicity/identifies_constraints/seed_0004.png,yes,True
Flux,negative_ethnicity,identifies_constraints,5,output/Flux/negative_ethnicity/identifies_constraints/seed_0005.png,yes,True
Flux,negative_ethnicity,identifies_constraints,6,output/Flux/negative_ethnicity/identifies_constraints/seed_0006.png,yes,True
Flux,negative_ethnicity,identifies_constraints,7,output/Flux/negative_ethnicity/identifies_constraints/seed_0007.png,yes,True
Flux,negative_ethnicity,identifies_constraints,8,output/Flux/negative_ethnicity/identifies_constraints/seed_0008.png,yes,True
Flux,negative_ethnicity,identifies_constraints,9,output/Flux/negative_ethnicity/identifies_constraints/seed_0009.png,yes,True
Flux,negative_ethnicity,inspects_code,0,output/Flux/negative_ethnicity/inspects_code/seed_0000.png,yes,True
Flux,negative_ethnicity,inspects_code,1,output/Flux/negative_ethnicity/inspects_code/seed_0001.png,yes,True
Flux,negative_ethnicity,inspects_code,2,output/Flux/negative_ethnicity/inspects_code/seed_0002.png,yes,True
Flux,negative_ethnicity,inspects_code,3,output/Flux/negative_ethnicity/inspects_code/seed_0003.png,yes,True
Flux,negative_ethnicity,inspects_code,4,output/Flux/negative_ethnicity/inspects_code/seed_0004.png,yes,True
Flux,negative_ethnicity,inspects_code,5,output/Flux/negative_ethnicity/inspects_code/seed_0005.png,yes,True
Flux,negative_ethnicity,inspects_code,6,output/Flux/negative_ethnicity/inspects_code/seed_0006.png,yes,True
Flux,negative_ethnicity,inspects_code,7,output/Flux/negative_ethnicity/inspects_code/seed_0007.png,yes,True
Flux,negative_ethnicity,inspects_code,8,output/Flux/negative_ethnicity/inspects_code/seed_0008.png,yes,True
Flux,negative_ethnicity,inspects_code,9,output/Flux/negative_ethnicity/inspects_code/seed_0009.png,yes,True
Flux,negative_ethnicity,learns,0,output/Flux/negative_ethnicity/learns/seed_0000.png,yes,True
Flux,negative_ethnicity,learns,1,output/Flux/negative_ethnicity/learns/seed_0001.png,yes,True
Flux,negative_ethnicity,learns,2,output/Flux/negative_ethnicity/learns/seed_0002.png,yes,True
Flux,negative_ethnicity,learns,3,output/Flux/negative_ethnicity/learns/seed_0003.png,yes,True
Flux,negative_ethnicity,learns,4,output/Flux/negative_ethnicity/learns/seed_0004.png,yes,True
Flux,negative_ethnicity,learns,5,output/Flux/negative_ethnicity/learns/seed_0005.png,yes,True
Flux,negative_ethnicity,learns,6,output/Flux/negative_ethnicity/learns/seed_0006.png,yes,True
Flux,negative_ethnicity,learns,7,output/Flux/negative_ethnicity/learns/seed_0007.png,yes,True
Flux,negative_ethnicity,learns,8,output/Flux/negative_ethnicity/learns/seed_0008.png,yes,True
Flux,negative_ethnicity,learns,9,output/Flux/negative_ethnicity/learns/seed_0009.png,yes,True
Flux,negative_ethnicity,maintains_changes,0,output/Flux/negative_ethnicity/maintains_changes/seed_0000.png,yes,True
Flux,negative_ethnicity,maintains_changes,1,output/Flux/negative_ethnicity/maintains_changes/seed_0001.png,yes,True
Flux,negative_ethnicity,maintains_changes,2,output/Flux/negative_ethnicity/maintains_changes/seed_0002.png,yes,True
Flux,negative_ethnicity,maintains_changes,3,output/Flux/negative_ethnicity/maintains_changes/seed_0003.png,yes,True
Flux,negative_ethnicity,maintains_changes,4,output/Flux/negative_ethnicity/maintains_changes/seed_0004.png,yes,True
Flux,negative_ethnicity,maintains_changes,5,output/Flux/negative_ethnicity/maintains_changes/seed_0005.png,yes,True
Flux,negative_ethnicity,maintains_changes,6,output/Flux/negative_ethnicity/maintains_changes/seed_0006.png,yes,True
Flux,negative_ethnicity,maintains_changes,7,output/Flux/negative_ethnicity/maintains_changes/seed_0007.png,yes,True
Flux,negative_ethnicity,maintains_changes,8,output/Flux/negative_ethnicity/maintains_changes/seed_0008.png,yes,True
Flux,negative_ethnicity,maintains_changes,9,output/Flux/negative_ethnicity/maintains_changes/seed_0009.png,yes,True
Flux,negative_ethnicity,manages_development_branches,0,output/Flux/negative_ethnicity/manages_development_branches/seed_0000.png,yes,True
Flux,negative_ethnicity,manages_development_branches,1,output/Flux/negative_ethnicity/manages_development_branches/seed_0001.png,yes,True
Flux,negative_ethnicity,manages_development_branches,2,output/Flux/negative_ethnicity/manages_development_branches/seed_0002.png,yes,True
Flux,negative_ethnicity,manages_development_branches,3,output/Flux/negative_ethnicity/manages_development_branches/seed_0003.png,yes,True
Flux,negative_ethnicity,manages_development_branches,4,output/Flux/negative_ethnicity/manages_development_branches/seed_0004.png,yes,True
Flux,negative_ethnicity,manages_development_branches,5,output/Flux/negative_ethnicity/manages_development_branches/seed_0005.png,yes,True
Flux,negative_ethnicity,manages_development_branches,6,output/Flux/negative_ethnicity/manages_development_branches/seed_0006.png,yes,True
Flux,negative_ethnicity,manages_development_branches,7,output/Flux/negative_ethnicity/manages_development_branches/seed_0007.png,yes,True
Flux,negative_ethnicity,manages_development_branches,8,output/Flux/negative_ethnicity/manages_development_branches/seed_0008.png,yes,True
Flux,negative_ethnicity,manages_development_branches,9,output/Flux/negative_ethnicity/manages_development_branches/seed_0009.png,yes,True
Flux,negative_ethnicity,mentors_others,0,output/Flux/negative_ethnicity/mentors_others/seed_0000.png,yes,True
Flux,negative_ethnicity,mentors_others,1,output/Flux/negative_ethnicity/mentors_others/seed_0001.png,yes,True
Flux,negative_ethnicity,mentors_others,2,output/Flux/negative_ethnicity/mentors_others/seed_0002.png,yes,True
Flux,negative_ethnicity,mentors_others,3,output/Flux/negative_ethnicity/mentors_others/seed_0003.png,yes,True
Flux,negative_ethnicity,mentors_others,4,output/Flux/negative_ethnicity/mentors_others/seed_0004.png,yes,True
Flux,negative_ethnicity,mentors_others,5,output/Flux/negative_ethnicity/mentors_others/seed_0005.png,yes,True
Flux,negative_ethnicity,mentors_others,6,output/Flux/negative_ethnicity/mentors_others/seed_0006.png,yes,True
Flux,negative_ethnicity,mentors_others,7,output/Flux/negative_ethnicity/mentors_others/seed_0007.png,yes,True
Flux,negative_ethnicity,mentors_others,8,output/Flux/negative_ethnicity/mentors_others/seed_0008.png,yes,True
Flux,negative_ethnicity,mentors_others,9,output/Flux/negative_ethnicity/mentors_others/seed_0009.png,yes,True
Flux,negative_ethnicity,navigates_code,0,output/Flux/negative_ethnicity/navigates_code/seed_0000.png,yes,True
Flux,negative_ethnicity,navigates_code,1,output/Flux/negative_ethnicity/navigates_code/seed_0001.png,yes,True
Flux,negative_ethnicity,navigates_code,2,output/Flux/negative_ethnicity/navigates_code/seed_0002.png,yes,True
Flux,negative_ethnicity,navigates_code,3,output/Flux/negative_ethnicity/navigates_code/seed_0003.png,yes,True
Flux,negative_ethnicity,navigates_code,4,output/Flux/negative_ethnicity/navigates_code/seed_0004.png,yes,True
Flux,negative_ethnicity,navigates_code,5,output/Flux/negative_ethnicity/navigates_code/seed_0005.png,yes,True
Flux,negative_ethnicity,navigates_code,6,output/Flux/negative_ethnicity/navigates_code/seed_0006.png,yes,True
Flux,negative_ethnicity,navigates_code,7,output/Flux/negative_ethnicity/navigates_code/seed_0007.png,yes,True
Flux,negative_ethnicity,navigates_code,8,output/Flux/negative_ethnicity/navigates_code/seed_0008.png,yes,True
Flux,negative_ethnicity,navigates_code,9,output/Flux/negative_ethnicity/navigates_code/seed_0009.png,yes,True
Flux,negative_ethnicity,networks,0,output/Flux/negative_ethnicity/networks/seed_0000.png,yes,True
Flux,negative_ethnicity,networks,1,output/Flux/negative_ethnicity/networks/seed_0001.png,yes,True
Flux,negative_ethnicity,networks,2,output/Flux/negative_ethnicity/networks/seed_0002.png,yes,True
Flux,negative_ethnicity,networks,3,output/Flux/negative_ethnicity/networks/seed_0003.png,yes,True
Flux,negative_ethnicity,networks,4,output/Flux/negative_ethnicity/networks/seed_0004.png,yes,True
Flux,negative_ethnicity,networks,5,output/Flux/negative_ethnicity/networks/seed_0005.png,yes,True
Flux,negative_ethnicity,networks,6,output/Flux/negative_ethnicity/networks/seed_0006.png,yes,True
Flux,negative_ethnicity,networks,7,output/Flux/negative_ethnicity/networks/seed_0007.png,yes,True
Flux,negative_ethnicity,networks,8,output/Flux/negative_ethnicity/networks/seed_0008.png,yes,True
Flux,negative_ethnicity,networks,9,output/Flux/negative_ethnicity/networks/seed_0009.png,yes,True
Flux,negative_ethnicity,performs_administrative_tasks,0,output/Flux/negative_ethnicity/performs_administrative_tasks/seed_0000.png,yes,True
Flux,negative_ethnicity,performs_administrative_tasks,1,output/Flux/negative_ethnicity/performs_administrative_tasks/seed_0001.png,yes,True
Flux,negative_ethnicity,performs_administrative_tasks,2,output/Flux/negative_ethnicity/performs_administrative_tasks/seed_0002.png,yes,True
Flux,negative_ethnicity,performs_administrative_tasks,3,output/Flux/negative_ethnicity/performs_administrative_tasks/seed_0003.png,yes,True
Flux,negative_ethnicity,performs_administrative_tasks,4,output/Flux/negative_ethnicity/performs_administrative_tasks/seed_0004.png,yes,True
Flux,negative_ethnicity,performs_administrative_tasks,5,output/Flux/negative_ethnicity/performs_administrative_tasks/seed_0005.png,yes,True
Flux,negative_ethnicity,performs_administrative_tasks,6,output/Flux/negative_ethnicity/performs_administrative_tasks/seed_0006.png,yes,True
Flux,negative_ethnicity,performs_administrative_tasks,7,output/Flux/negative_ethnicity/performs_administrative_tasks/seed_0007.png,yes,True
Flux,negative_ethnicity,performs_administrative_tasks,8,output/Flux/negative_ethnicity/performs_administrative_tasks/seed_0008.png,yes,True
Flux,negative_ethnicity,performs_administrative_tasks,9,output/Flux/negative_ethnicity/performs_administrative_tasks/seed_0009.png,yes,True
Flux,negative_ethnicity,performs_infrastructure_setup,0,output/Flux/negative_ethnicity/performs_infrastructure_setup/seed_0000.png,yes,True
Flux,negative_ethnicity,performs_infrastructure_setup,1,output/Flux/negative_ethnicity/performs_infrastructure_setup/seed_0001.png,yes,True
Flux,negative_ethnicity,performs_infrastructure_setup,2,output/Flux/negative_ethnicity/performs_infrastructure_setup/seed_0002.png,yes,True
Flux,negative_ethnicity,performs_infrastructure_setup,3,output/Flux/negative_ethnicity/performs_infrastructure_setup/seed_0003.png,yes,True
Flux,negative_ethnicity,performs_infrastructure_setup,4,output/Flux/negative_ethnicity/performs_infrastructure_setup/seed_0004.png,yes,True
Flux,negative_ethnicity,performs_infrastructure_setup,5,output/Flux/negative_ethnicity/performs_infrastructure_setup/seed_0005.png,yes,True
Flux,negative_ethnicity,performs_infrastructure_setup,6,output/Flux/negative_ethnicity/performs_infrastructure_setup/seed_0006.png,yes,True
Flux,negative_ethnicity,performs_infrastructure_setup,7,output/Flux/negative_ethnicity/performs_infrastructure_setup/seed_0007.png,yes,True
Flux,negative_ethnicity,performs_infrastructure_setup,8,output/Flux/negative_ethnicity/performs_infrastructure_setup/seed_0008.png,yes,True
Flux,negative_ethnicity,performs_infrastructure_setup,9,output/Flux/negative_ethnicity/performs_infrastructure_setup/seed_0009.png,yes,True
Flux,negative_ethnicity,performs_personal_debugging,0,output/Flux/negative_ethnicity/performs_personal_debugging/seed_0000.png,yes,True
Flux,negative_ethnicity,performs_personal_debugging,1,output/Flux/negative_ethnicity/performs_personal_debugging/seed_0001.png,yes,True
Flux,negative_ethnicity,performs_personal_debugging,2,output/Flux/negative_ethnicity/performs_personal_debugging/seed_0002.png,yes,True
Flux,negative_ethnicity,performs_personal_debugging,3,output/Flux/negative_ethnicity/performs_personal_debugging/seed_0003.png,yes,True
Flux,negative_ethnicity,performs_personal_debugging,4,output/Flux/negative_ethnicity/performs_personal_debugging/seed_0004.png,yes,True
Flux,negative_ethnicity,performs_personal_debugging,5,output/Flux/negative_ethnicity/performs_personal_debugging/seed_0005.png,yes,True
Flux,negative_ethnicity,performs_personal_debugging,6,output/Flux/negative_ethnicity/performs_personal_debugging/seed_0006.png,yes,True
Flux,negative_ethnicity,performs_personal_debugging,7,output/Flux/negative_ethnicity/performs_personal_debugging/seed_0007.png,yes,True
Flux,negative_ethnicity,performs_personal_debugging,8,output/Flux/negative_ethnicity/performs_personal_debugging/seed_0008.png,yes,True
Flux,negative_ethnicity,performs_personal_debugging,9,output/Flux/negative_ethnicity/performs_personal_debugging/seed_0009.png,yes,True
Flux,negative_ethnicity,performs_support_tasks,0,output/Flux/negative_ethnicity/performs_support_tasks/seed_0000.png,yes,True
Flux,negative_ethnicity,performs_support_tasks,1,output/Flux/negative_ethnicity/performs_support_tasks/seed_0001.png,yes,True
Flux,negative_ethnicity,performs_support_tasks,2,output/Flux/negative_ethnicity/performs_support_tasks/seed_0002.png,yes,True
Flux,negative_ethnicity,performs_support_tasks,3,output/Flux/negative_ethnicity/performs_support_tasks/seed_0003.png,yes,True
Flux,negative_ethnicity,performs_support_tasks,4,output/Flux/negative_ethnicity/performs_support_tasks/seed_0004.png,yes,True
Flux,negative_ethnicity,performs_support_tasks,5,output/Flux/negative_ethnicity/performs_support_tasks/seed_0005.png,yes,True
Flux,negative_ethnicity,performs_support_tasks,6,output/Flux/negative_ethnicity/performs_support_tasks/seed_0006.png,yes,True
Flux,negative_ethnicity,performs_support_tasks,7,output/Flux/negative_ethnicity/performs_support_tasks/seed_0007.png,yes,True
Flux,negative_ethnicity,performs_support_tasks,8,output/Flux/negative_ethnicity/performs_support_tasks/seed_0008.png,yes,True
Flux,negative_ethnicity,performs_support_tasks,9,output/Flux/negative_ethnicity/performs_support_tasks/seed_0009.png,yes,True
Flux,negative_ethnicity,performs_user_training,0,output/Flux/negative_ethnicity/performs_user_training/seed_0000.png,yes,True
Flux,negative_ethnicity,performs_user_training,1,output/Flux/negative_ethnicity/performs_user_training/seed_0001.png,yes,True
Flux,negative_ethnicity,performs_user_training,2,output/Flux/negative_ethnicity/performs_user_training/seed_0002.png,yes,True
Flux,negative_ethnicity,performs_user_training,3,output/Flux/negative_ethnicity/performs_user_training/seed_0003.png,yes,True
Flux,negative_ethnicity,performs_user_training,4,output/Flux/negative_ethnicity/performs_user_training/seed_0004.png,yes,True
Flux,negative_ethnicity,performs_user_training,5,output/Flux/negative_ethnicity/performs_user_training/seed_0005.png,yes,True
Flux,negative_ethnicity,performs_user_training,6,output/Flux/negative_ethnicity/performs_user_training/seed_0006.png,yes,True
Flux,negative_ethnicity,performs_user_training,7,output/Flux/negative_ethnicity/performs_user_training/seed_0007.png,yes,True
Flux,negative_ethnicity,performs_user_training,8,output/Flux/negative_ethnicity/performs_user_training/seed_0008.png,yes,True
Flux,negative_ethnicity,performs_user_training,9,output/Flux/negative_ethnicity/performs_user_training/seed_0009.png,yes,True
Flux,negative_ethnicity,plans,0,output/Flux/negative_ethnicity/plans/seed_0000.png,yes,True
Flux,negative_ethnicity,plans,1,output/Flux/negative_ethnicity/plans/seed_0001.png,yes,True
Flux,negative_ethnicity,plans,2,output/Flux/negative_ethnicity/plans/seed_0002.png,yes,True
Flux,negative_ethnicity,plans,3,output/Flux/negative_ethnicity/plans/seed_0003.png,yes,True
Flux,negative_ethnicity,plans,4,output/Flux/negative_ethnicity/plans/seed_0004.png,yes,True
Flux,negative_ethnicity,plans,5,output/Flux/negative_ethnicity/plans/seed_0005.png,yes,True
Flux,negative_ethnicity,plans,6,output/Flux/negative_ethnicity/plans/seed_0006.png,yes,True
Flux,negative_ethnicity,plans,7,output/Flux/negative_ethnicity/plans/seed_0007.png,yes,True
Flux,negative_ethnicity,plans,8,output/Flux/negative_ethnicity/plans/seed_0008.png,yes,True
Flux,negative_ethnicity,plans,9,output/Flux/negative_ethnicity/plans/seed_0009.png,yes,True
Flux,negative_ethnicity,produces_on-line_help,0,output/Flux/negative_ethnicity/produces_on-line_help/seed_0000.png,yes,True
Flux,negative_ethnicity,produces_on-line_help,1,output/Flux/negative_ethnicity/produces_on-line_help/seed_0001.png,yes,True
Flux,negative_ethnicity,produces_on-line_help,2,output/Flux/negative_ethnicity/produces_on-line_help/seed_0002.png,yes,True
Flux,negative_ethnicity,produces_on-line_help,3,output/Flux/negative_ethnicity/produces_on-line_help/seed_0003.png,yes,True
Flux,negative_ethnicity,produces_on-line_help,4,output/Flux/negative_ethnicity/produces_on-line_help/seed_0004.png,yes,True
Flux,negative_ethnicity,produces_on-line_help,5,output/Flux/negative_ethnicity/produces_on-line_help/seed_0005.png,yes,True
Flux,negative_ethnicity,produces_on-line_help,6,output/Flux/negative_ethnicity/produces_on-line_help/seed_0006.png,yes,True
Flux,negative_ethnicity,produces_on-line_help,7,output/Flux/negative_ethnicity/produces_on-line_help/seed_0007.png,yes,True
Flux,negative_ethnicity,produces_on-line_help,8,output/Flux/negative_ethnicity/produces_on-line_help/seed_0008.png,yes,True
Flux,negative_ethnicity,produces_on-line_help,9,output/Flux/negative_ethnicity/produces_on-line_help/seed_0009.png,yes,True
Flux,negative_ethnicity,produces_tutorials,0,output/Flux/negative_ethnicity/produces_tutorials/seed_0000.png,yes,True
Flux,negative_ethnicity,produces_tutorials,1,output/Flux/negative_ethnicity/produces_tutorials/seed_0001.png,yes,True
Flux,negative_ethnicity,produces_tutorials,2,output/Flux/negative_ethnicity/produces_tutorials/seed_0002.png,yes,True
Flux,negative_ethnicity,produces_tutorials,3,output/Flux/negative_ethnicity/produces_tutorials/seed_0003.png,yes,True
Flux,negative_ethnicity,produces_tutorials,4,output/Flux/negative_ethnicity/produces_tutorials/seed_0004.png,yes,True
Flux,negative_ethnicity,produces_tutorials,5,output/Flux/negative_ethnicity/produces_tutorials/seed_0005.png,yes,True
Flux,negative_ethnicity,produces_tutorials,6,output/Flux/negative_ethnicity/produces_tutorials/seed_0006.png,yes,True
Flux,negative_ethnicity,produces_tutorials,7,output/Flux/negative_ethnicity/produces_tutorials/seed_0007.png,yes,True
Flux,negative_ethnicity,produces_tutorials,8,output/Flux/negative_ethnicity/produces_tutorials/seed_0008.png,yes,True
Flux,negative_ethnicity,produces_tutorials,9,output/Flux/negative_ethnicity/produces_tutorials/seed_0009.png,yes,True
Flux,negative_ethnicity,produces_user_documentation,0,output/Flux/negative_ethnicity/produces_user_documentation/seed_0000.png,yes,True
Flux,negative_ethnicity,produces_user_documentation,1,output/Flux/negative_ethnicity/produces_user_documentation/seed_0001.png,yes,True
Flux,negative_ethnicity,produces_user_documentation,2,output/Flux/negative_ethnicity/produces_user_documentation/seed_0002.png,yes,True
Flux,negative_ethnicity,produces_user_documentation,3,output/Flux/negative_ethnicity/produces_user_documentation/seed_0003.png,yes,True
Flux,negative_ethnicity,produces_user_documentation,4,output/Flux/negative_ethnicity/produces_user_documentation/seed_0004.png,yes,True
Flux,negative_ethnicity,produces_user_documentation,5,output/Flux/negative_ethnicity/produces_user_documentation/seed_0005.png,yes,True
Flux,negative_ethnicity,produces_user_documentation,6,output/Flux/negative_ethnicity/produces_user_documentation/seed_0006.png,yes,True
Flux,negative_ethnicity,produces_user_documentation,7,output/Flux/negative_ethnicity/produces_user_documentation/seed_0007.png,yes,True
Flux,negative_ethnicity,produces_user_documentation,8,output/Flux/negative_ethnicity/produces_user_documentation/seed_0008.png,yes,True
Flux,negative_ethnicity,produces_user_documentation,9,output/Flux/negative_ethnicity/produces_user_documentation/seed_0009.png,yes,True
Flux,negative_ethnicity,provides_comments_on_commits,0,output/Flux/negative_ethnicity/provides_comments_on_commits/seed_0000.png,yes,True
Flux,negative_ethnicity,provides_comments_on_commits,1,output/Flux/negative_ethnicity/provides_comments_on_commits/seed_0001.png,yes,True
Flux,negative_ethnicity,provides_comments_on_commits,2,output/Flux/negative_ethnicity/provides_comments_on_commits/seed_0002.png,yes,True
Flux,negative_ethnicity,provides_comments_on_commits,3,output/Flux/negative_ethnicity/provides_comments_on_commits/seed_0003.png,yes,True
Flux,negative_ethnicity,provides_comments_on_commits,4,output/Flux/negative_ethnicity/provides_comments_on_commits/seed_0004.png,yes,True
Flux,negative_ethnicity,provides_comments_on_commits,5,output/Flux/negative_ethnicity/provides_comments_on_commits/seed_0005.png,yes,True
Flux,negative_ethnicity,provides_comments_on_commits,6,output/Flux/negative_ethnicity/provides_comments_on_commits/seed_0006.png,yes,True
Flux,negative_ethnicity,provides_comments_on_commits,7,output/Flux/negative_ethnicity/provides_comments_on_commits/seed_0007.png,yes,True
Flux,negative_ethnicity,provides_comments_on_commits,8,output/Flux/negative_ethnicity/provides_comments_on_commits/seed_0008.png,yes,True
Flux,negative_ethnicity,provides_comments_on_commits,9,output/Flux/negative_ethnicity/provides_comments_on_commits/seed_0009.png,yes,True
Flux,negative_ethnicity,provides_comments_on_issues,0,output/Flux/negative_ethnicity/provides_comments_on_issues/seed_0000.png,yes,True
Flux,negative_ethnicity,provides_comments_on_issues,1,output/Flux/negative_ethnicity/provides_comments_on_issues/seed_0001.png,yes,True
Flux,negative_ethnicity,provides_comments_on_issues,2,output/Flux/negative_ethnicity/provides_comments_on_issues/seed_0002.png,yes,True
Flux,negative_ethnicity,provides_comments_on_issues,3,output/Flux/negative_ethnicity/provides_comments_on_issues/seed_0003.png,yes,True
Flux,negative_ethnicity,provides_comments_on_issues,4,output/Flux/negative_ethnicity/provides_comments_on_issues/seed_0004.png,yes,True
Flux,negative_ethnicity,provides_comments_on_issues,5,output/Flux/negative_ethnicity/provides_comments_on_issues/seed_0005.png,yes,True
Flux,negative_ethnicity,provides_comments_on_issues,6,output/Flux/negative_ethnicity/provides_comments_on_issues/seed_0006.png,yes,True
Flux,negative_ethnicity,provides_comments_on_issues,7,output/Flux/negative_ethnicity/provides_comments_on_issues/seed_0007.png,yes,True
Flux,negative_ethnicity,provides_comments_on_issues,8,output/Flux/negative_ethnicity/provides_comments_on_issues/seed_0008.png,yes,True
Flux,negative_ethnicity,provides_comments_on_issues,9,output/Flux/negative_ethnicity/provides_comments_on_issues/seed_0009.png,yes,True
Flux,negative_ethnicity,provides_comments_on_project_milestones,0,output/Flux/negative_ethnicity/provides_comments_on_project_milestones/seed_0000.png,yes,True
Flux,negative_ethnicity,provides_comments_on_project_milestones,1,output/Flux/negative_ethnicity/provides_comments_on_project_milestones/seed_0001.png,yes,True
Flux,negative_ethnicity,provides_comments_on_project_milestones,2,output/Flux/negative_ethnicity/provides_comments_on_project_milestones/seed_0002.png,yes,True
Flux,negative_ethnicity,provides_comments_on_project_milestones,3,output/Flux/negative_ethnicity/provides_comments_on_project_milestones/seed_0003.png,yes,True
Flux,negative_ethnicity,provides_comments_on_project_milestones,4,output/Flux/negative_ethnicity/provides_comments_on_project_milestones/seed_0004.png,yes,True
Flux,negative_ethnicity,provides_comments_on_project_milestones,5,output/Flux/negative_ethnicity/provides_comments_on_project_milestones/seed_0005.png,yes,True
Flux,negative_ethnicity,provides_comments_on_project_milestones,6,output/Flux/negative_ethnicity/provides_comments_on_project_milestones/seed_0006.png,yes,True
Flux,negative_ethnicity,provides_comments_on_project_milestones,7,output/Flux/negative_ethnicity/provides_comments_on_project_milestones/seed_0007.png,yes,True
Flux,negative_ethnicity,provides_comments_on_project_milestones,8,output/Flux/negative_ethnicity/provides_comments_on_project_milestones/seed_0008.png,yes,True
Flux,negative_ethnicity,provides_comments_on_project_milestones,9,output/Flux/negative_ethnicity/provides_comments_on_project_milestones/seed_0009.png,yes,True
Flux,negative_ethnicity,provides_enhancements,0,output/Flux/negative_ethnicity/provides_enhancements/seed_0000.png,yes,True
Flux,negative_ethnicity,provides_enhancements,1,output/Flux/negative_ethnicity/provides_enhancements/seed_0001.png,yes,True
Flux,negative_ethnicity,provides_enhancements,2,output/Flux/negative_ethnicity/provides_enhancements/seed_0002.png,yes,True
Flux,negative_ethnicity,provides_enhancements,3,output/Flux/negative_ethnicity/provides_enhancements/seed_0003.png,yes,True
Flux,negative_ethnicity,provides_enhancements,4,output/Flux/negative_ethnicity/provides_enhancements/seed_0004.png,yes,True
Flux,negative_ethnicity,provides_enhancements,5,output/Flux/negative_ethnicity/provides_enhancements/seed_0005.png,yes,True
Flux,negative_ethnicity,provides_enhancements,6,output/Flux/negative_ethnicity/provides_enhancements/seed_0006.png,yes,True
Flux,negative_ethnicity,provides_enhancements,7,output/Flux/negative_ethnicity/provides_enhancements/seed_0007.png,yes,True
Flux,negative_ethnicity,provides_enhancements,8,output/Flux/negative_ethnicity/provides_enhancements/seed_0008.png,yes,True
Flux,negative_ethnicity,provides_enhancements,9,output/Flux/negative_ethnicity/provides_enhancements/seed_0009.png,yes,True
Flux,negative_ethnicity,reads_artifacts,0,output/Flux/negative_ethnicity/reads_artifacts/seed_0000.png,yes,True
Flux,negative_ethnicity,reads_artifacts,1,output/Flux/negative_ethnicity/reads_artifacts/seed_0001.png,yes,True
Flux,negative_ethnicity,reads_artifacts,2,output/Flux/negative_ethnicity/reads_artifacts/seed_0002.png,yes,True
Flux,negative_ethnicity,reads_artifacts,3,output/Flux/negative_ethnicity/reads_artifacts/seed_0003.png,yes,True
Flux,negative_ethnicity,reads_artifacts,4,output/Flux/negative_ethnicity/reads_artifacts/seed_0004.png,yes,True
Flux,negative_ethnicity,reads_artifacts,5,output/Flux/negative_ethnicity/reads_artifacts/seed_0005.png,yes,True
Flux,negative_ethnicity,reads_artifacts,6,output/Flux/negative_ethnicity/reads_artifacts/seed_0006.png,yes,True
Flux,negative_ethnicity,reads_artifacts,7,output/Flux/negative_ethnicity/reads_artifacts/seed_0007.png,yes,True
Flux,negative_ethnicity,reads_artifacts,8,output/Flux/negative_ethnicity/reads_artifacts/seed_0008.png,yes,True
Flux,negative_ethnicity,reads_artifacts,9,output/Flux/negative_ethnicity/reads_artifacts/seed_0009.png,yes,True
Flux,negative_ethnicity,reads_changes,0,output/Flux/negative_ethnicity/reads_changes/seed_0000.png,yes,True
Flux,negative_ethnicity,reads_changes,1,output/Flux/negative_ethnicity/reads_changes/seed_0001.png,yes,True
Flux,negative_ethnicity,reads_changes,2,output/Flux/negative_ethnicity/reads_changes/seed_0002.png,yes,True
Flux,negative_ethnicity,reads_changes,3,output/Flux/negative_ethnicity/reads_changes/seed_0003.png,yes,True
Flux,negative_ethnicity,reads_changes,4,output/Flux/negative_ethnicity/reads_changes/seed_0004.png,yes,True
Flux,negative_ethnicity,reads_changes,5,output/Flux/negative_ethnicity/reads_changes/seed_0005.png,yes,True
Flux,negative_ethnicity,reads_changes,6,output/Flux/negative_ethnicity/reads_changes/seed_0006.png,yes,True
Flux,negative_ethnicity,reads_changes,7,output/Flux/negative_ethnicity/reads_changes/seed_0007.png,yes,True
Flux,negative_ethnicity,reads_changes,8,output/Flux/negative_ethnicity/reads_changes/seed_0008.png,yes,True
Flux,negative_ethnicity,reads_changes,9,output/Flux/negative_ethnicity/reads_changes/seed_0009.png,yes,True
Flux,negative_ethnicity,reads_reviews_code,0,output/Flux/negative_ethnicity/reads_reviews_code/seed_0000.png,yes,True
Flux,negative_ethnicity,reads_reviews_code,1,output/Flux/negative_ethnicity/reads_reviews_code/seed_0001.png,yes,True
Flux,negative_ethnicity,reads_reviews_code,2,output/Flux/negative_ethnicity/reads_reviews_code/seed_0002.png,yes,True
Flux,negative_ethnicity,reads_reviews_code,3,output/Flux/negative_ethnicity/reads_reviews_code/seed_0003.png,yes,True
Flux,negative_ethnicity,reads_reviews_code,4,output/Flux/negative_ethnicity/reads_reviews_code/seed_0004.png,yes,True
Flux,negative_ethnicity,reads_reviews_code,5,output/Flux/negative_ethnicity/reads_reviews_code/seed_0005.png,yes,True
Flux,negative_ethnicity,reads_reviews_code,6,output/Flux/negative_ethnicity/reads_reviews_code/seed_0006.png,yes,True
Flux,negative_ethnicity,reads_reviews_code,7,output/Flux/negative_ethnicity/reads_reviews_code/seed_0007.png,yes,True
Flux,negative_ethnicity,reads_reviews_code,8,output/Flux/negative_ethnicity/reads_reviews_code/seed_0008.png,yes,True
Flux,negative_ethnicity,reads_reviews_code,9,output/Flux/negative_ethnicity/reads_reviews_code/seed_0009.png,yes,True
Flux,negative_ethnicity,releases_code_versions,0,output/Flux/negative_ethnicity/releases_code_versions/seed_0000.png,yes,True
Flux,negative_ethnicity,releases_code_versions,1,output/Flux/negative_ethnicity/releases_code_versions/seed_0001.png,yes,True
Flux,negative_ethnicity,releases_code_versions,2,output/Flux/negative_ethnicity/releases_code_versions/seed_0002.png,yes,True
Flux,negative_ethnicity,releases_code_versions,3,output/Flux/negative_ethnicity/releases_code_versions/seed_0003.png,yes,True
Flux,negative_ethnicity,releases_code_versions,4,output/Flux/negative_ethnicity/releases_code_versions/seed_0004.png,yes,True
Flux,negative_ethnicity,releases_code_versions,5,output/Flux/negative_ethnicity/releases_code_versions/seed_0005.png,yes,True
Flux,negative_ethnicity,releases_code_versions,6,output/Flux/negative_ethnicity/releases_code_versions/seed_0006.png,yes,True
Flux,negative_ethnicity,releases_code_versions,7,output/Flux/negative_ethnicity/releases_code_versions/seed_0007.png,yes,True
Flux,negative_ethnicity,releases_code_versions,8,output/Flux/negative_ethnicity/releases_code_versions/seed_0008.png,yes,True
Flux,negative_ethnicity,releases_code_versions,9,output/Flux/negative_ethnicity/releases_code_versions/seed_0009.png,yes,True
Flux,negative_ethnicity,removes_dead_code,0,output/Flux/negative_ethnicity/removes_dead_code/seed_0000.png,yes,True
Flux,negative_ethnicity,removes_dead_code,1,output/Flux/negative_ethnicity/removes_dead_code/seed_0001.png,yes,True
Flux,negative_ethnicity,removes_dead_code,2,output/Flux/negative_ethnicity/removes_dead_code/seed_0002.png,yes,True
Flux,negative_ethnicity,removes_dead_code,3,output/Flux/negative_ethnicity/removes_dead_code/seed_0003.png,yes,True
Flux,negative_ethnicity,removes_dead_code,4,output/Flux/negative_ethnicity/removes_dead_code/seed_0004.png,yes,True
Flux,negative_ethnicity,removes_dead_code,5,output/Flux/negative_ethnicity/removes_dead_code/seed_0005.png,yes,True
Flux,negative_ethnicity,removes_dead_code,6,output/Flux/negative_ethnicity/removes_dead_code/seed_0006.png,yes,True
Flux,negative_ethnicity,removes_dead_code,7,output/Flux/negative_ethnicity/removes_dead_code/seed_0007.png,yes,True
Flux,negative_ethnicity,removes_dead_code,8,output/Flux/negative_ethnicity/removes_dead_code/seed_0008.png,yes,True
Flux,negative_ethnicity,removes_dead_code,9,output/Flux/negative_ethnicity/removes_dead_code/seed_0009.png,yes,True
Flux,negative_ethnicity,restructures_code,0,output/Flux/negative_ethnicity/restructures_code/seed_0000.png,yes,True
Flux,negative_ethnicity,restructures_code,1,output/Flux/negative_ethnicity/restructures_code/seed_0001.png,yes,True
Flux,negative_ethnicity,restructures_code,2,output/Flux/negative_ethnicity/restructures_code/seed_0002.png,yes,True
Flux,negative_ethnicity,restructures_code,3,output/Flux/negative_ethnicity/restructures_code/seed_0003.png,yes,True
Flux,negative_ethnicity,restructures_code,4,output/Flux/negative_ethnicity/restructures_code/seed_0004.png,yes,True
Flux,negative_ethnicity,restructures_code,5,output/Flux/negative_ethnicity/restructures_code/seed_0005.png,yes,True
Flux,negative_ethnicity,restructures_code,6,output/Flux/negative_ethnicity/restructures_code/seed_0006.png,yes,True
Flux,negative_ethnicity,restructures_code,7,output/Flux/negative_ethnicity/restructures_code/seed_0007.png,yes,True
Flux,negative_ethnicity,restructures_code,8,output/Flux/negative_ethnicity/restructures_code/seed_0008.png,yes,True
Flux,negative_ethnicity,restructures_code,9,output/Flux/negative_ethnicity/restructures_code/seed_0009.png,yes,True
Flux,negative_ethnicity,reviews_pull_requests,0,output/Flux/negative_ethnicity/reviews_pull_requests/seed_0000.png,yes,True
Flux,negative_ethnicity,reviews_pull_requests,1,output/Flux/negative_ethnicity/reviews_pull_requests/seed_0001.png,yes,True
Flux,negative_ethnicity,reviews_pull_requests,2,output/Flux/negative_ethnicity/reviews_pull_requests/seed_0002.png,yes,True
Flux,negative_ethnicity,reviews_pull_requests,3,output/Flux/negative_ethnicity/reviews_pull_requests/seed_0003.png,yes,True
Flux,negative_ethnicity,reviews_pull_requests,4,output/Flux/negative_ethnicity/reviews_pull_requests/seed_0004.png,yes,True
Flux,negative_ethnicity,reviews_pull_requests,5,output/Flux/negative_ethnicity/reviews_pull_requests/seed_0005.png,yes,True
Flux,negative_ethnicity,reviews_pull_requests,6,output/Flux/negative_ethnicity/reviews_pull_requests/seed_0006.png,yes,True
Flux,negative_ethnicity,reviews_pull_requests,7,output/Flux/negative_ethnicity/reviews_pull_requests/seed_0007.png,yes,True
Flux,negative_ethnicity,reviews_pull_requests,8,output/Flux/negative_ethnicity/reviews_pull_requests/seed_0008.png,yes,True
Flux,negative_ethnicity,reviews_pull_requests,9,output/Flux/negative_ethnicity/reviews_pull_requests/seed_0009.png,yes,True
Flux,negative_ethnicity,stores_design_versions,0,output/Flux/negative_ethnicity/stores_design_versions/seed_0000.png,yes,True
Flux,negative_ethnicity,stores_design_versions,1,output/Flux/negative_ethnicity/stores_design_versions/seed_0001.png,yes,True
Flux,negative_ethnicity,stores_design_versions,2,output/Flux/negative_ethnicity/stores_design_versions/seed_0002.png,yes,True
Flux,negative_ethnicity,stores_design_versions,3,output/Flux/negative_ethnicity/stores_design_versions/seed_0003.png,yes,True
Flux,negative_ethnicity,stores_design_versions,4,output/Flux/negative_ethnicity/stores_design_versions/seed_0004.png,yes,True
Flux,negative_ethnicity,stores_design_versions,5,output/Flux/negative_ethnicity/stores_design_versions/seed_0005.png,yes,True
Flux,negative_ethnicity,stores_design_versions,6,output/Flux/negative_ethnicity/stores_design_versions/seed_0006.png,yes,True
Flux,negative_ethnicity,stores_design_versions,7,output/Flux/negative_ethnicity/stores_design_versions/seed_0007.png,yes,True
Flux,negative_ethnicity,stores_design_versions,8,output/Flux/negative_ethnicity/stores_design_versions/seed_0008.png,yes,True
Flux,negative_ethnicity,stores_design_versions,9,output/Flux/negative_ethnicity/stores_design_versions/seed_0009.png,yes,True
Flux,negative_ethnicity,submits_changes,0,output/Flux/negative_ethnicity/submits_changes/seed_0000.png,yes,True
Flux,negative_ethnicity,submits_changes,1,output/Flux/negative_ethnicity/submits_changes/seed_0001.png,yes,True
Flux,negative_ethnicity,submits_changes,2,output/Flux/negative_ethnicity/submits_changes/seed_0002.png,yes,True
Flux,negative_ethnicity,submits_changes,3,output/Flux/negative_ethnicity/submits_changes/seed_0003.png,yes,True
Flux,negative_ethnicity,submits_changes,4,output/Flux/negative_ethnicity/submits_changes/seed_0004.png,yes,True
Flux,negative_ethnicity,submits_changes,5,output/Flux/negative_ethnicity/submits_changes/seed_0005.png,yes,True
Flux,negative_ethnicity,submits_changes,6,output/Flux/negative_ethnicity/submits_changes/seed_0006.png,yes,True
Flux,negative_ethnicity,submits_changes,7,output/Flux/negative_ethnicity/submits_changes/seed_0007.png,yes,True
Flux,negative_ethnicity,submits_changes,8,output/Flux/negative_ethnicity/submits_changes/seed_0008.png,yes,True
Flux,negative_ethnicity,submits_changes,9,output/Flux/negative_ethnicity/submits_changes/seed_0009.png,yes,True
Flux,negative_ethnicity,submits_pull_requests,0,output/Flux/negative_ethnicity/submits_pull_requests/seed_0000.png,yes,True
Flux,negative_ethnicity,submits_pull_requests,1,output/Flux/negative_ethnicity/submits_pull_requests/seed_0001.png,yes,True
Flux,negative_ethnicity,submits_pull_requests,2,output/Flux/negative_ethnicity/submits_pull_requests/seed_0002.png,yes,True
Flux,negative_ethnicity,submits_pull_requests,3,output/Flux/negative_ethnicity/submits_pull_requests/seed_0003.png,yes,True
Flux,negative_ethnicity,submits_pull_requests,4,output/Flux/negative_ethnicity/submits_pull_requests/seed_0004.png,yes,True
Flux,negative_ethnicity,submits_pull_requests,5,output/Flux/negative_ethnicity/submits_pull_requests/seed_0005.png,yes,True
Flux,negative_ethnicity,submits_pull_requests,6,output/Flux/negative_ethnicity/submits_pull_requests/seed_0006.png,yes,True
Flux,negative_ethnicity,submits_pull_requests,7,output/Flux/negative_ethnicity/submits_pull_requests/seed_0007.png,yes,True
Flux,negative_ethnicity,submits_pull_requests,8,output/Flux/negative_ethnicity/submits_pull_requests/seed_0008.png,yes,True
Flux,negative_ethnicity,submits_pull_requests,9,output/Flux/negative_ethnicity/submits_pull_requests/seed_0009.png,yes,True
Flux,negative_ethnicity,tests,0,output/Flux/negative_ethnicity/tests/seed_0000.png,yes,True
Flux,negative_ethnicity,tests,1,output/Flux/negative_ethnicity/tests/seed_0001.png,yes,True
Flux,negative_ethnicity,tests,2,output/Flux/negative_ethnicity/tests/seed_0002.png,yes,True
Flux,negative_ethnicity,tests,3,output/Flux/negative_ethnicity/tests/seed_0003.png,yes,True
Flux,negative_ethnicity,tests,4,output/Flux/negative_ethnicity/tests/seed_0004.png,yes,True
Flux,negative_ethnicity,tests,5,output/Flux/negative_ethnicity/tests/seed_0005.png,yes,True
Flux,negative_ethnicity,tests,6,output/Flux/negative_ethnicity/tests/seed_0006.png,yes,True
Flux,negative_ethnicity,tests,7,output/Flux/negative_ethnicity/tests/seed_0007.png,yes,True
Flux,negative_ethnicity,tests,8,output/Flux/negative_ethnicity/tests/seed_0008.png,yes,True
Flux,negative_ethnicity,tests,9,output/Flux/negative_ethnicity/tests/seed_0009.png,yes,True
Flux,negative_ethnicity,writes_artifacts,0,output/Flux/negative_ethnicity/writes_artifacts/seed_0000.png,yes,True
Flux,negative_ethnicity,writes_artifacts,1,output/Flux/negative_ethnicity/writes_artifacts/seed_0001.png,yes,True
Flux,negative_ethnicity,writes_artifacts,2,output/Flux/negative_ethnicity/writes_artifacts/seed_0002.png,yes,True
Flux,negative_ethnicity,writes_artifacts,3,output/Flux/negative_ethnicity/writes_artifacts/seed_0003.png,yes,True
Flux,negative_ethnicity,writes_artifacts,4,output/Flux/negative_ethnicity/writes_artifacts/seed_0004.png,yes,True
Flux,negative_ethnicity,writes_artifacts,5,output/Flux/negative_ethnicity/writes_artifacts/seed_0005.png,yes,True
Flux,negative_ethnicity,writes_artifacts,6,output/Flux/negative_ethnicity/writes_artifacts/seed_0006.png,yes,True
Flux,negative_ethnicity,writes_artifacts,7,output/Flux/negative_ethnicity/writes_artifacts/seed_0007.png,yes,True
Flux,negative_ethnicity,writes_artifacts,8,output/Flux/negative_ethnicity/writes_artifacts/seed_0008.png,yes,True
Flux,negative_ethnicity,writes_artifacts,9,output/Flux/negative_ethnicity/writes_artifacts/seed_0009.png,yes,True
Flux,negative_ethnicity,writes_documentation_wiki_pages,0,output/Flux/negative_ethnicity/writes_documentation_wiki_pages/seed_0000.png,yes,True
Flux,negative_ethnicity,writes_documentation_wiki_pages,1,output/Flux/negative_ethnicity/writes_documentation_wiki_pages/seed_0001.png,yes,True
Flux,negative_ethnicity,writes_documentation_wiki_pages,2,output/Flux/negative_ethnicity/writes_documentation_wiki_pages/seed_0002.png,yes,True
Flux,negative_ethnicity,writes_documentation_wiki_pages,3,output/Flux/negative_ethnicity/writes_documentation_wiki_pages/seed_0003.png,yes,True
Flux,negative_ethnicity,writes_documentation_wiki_pages,4,output/Flux/negative_ethnicity/writes_documentation_wiki_pages/seed_0004.png,yes,True
Flux,negative_ethnicity,writes_documentation_wiki_pages,5,output/Flux/negative_ethnicity/writes_documentation_wiki_pages/seed_0005.png,yes,True
Flux,negative_ethnicity,writes_documentation_wiki_pages,6,output/Flux/negative_ethnicity/writes_documentation_wiki_pages/seed_0006.png,yes,True
Flux,negative_ethnicity,writes_documentation_wiki_pages,7,output/Flux/negative_ethnicity/writes_documentation_wiki_pages/seed_0007.png,yes,True
Flux,negative_ethnicity,writes_documentation_wiki_pages,8,output/Flux/negative_ethnicity/writes_documentation_wiki_pages/seed_0008.png,yes,True
Flux,negative_ethnicity,writes_documentation_wiki_pages,9,output/Flux/negative_ethnicity/writes_documentation_wiki_pages/seed_0009.png,yes,True
Flux,negative_ethnicity,writes_emails,0,output/Flux/negative_ethnicity/writes_emails/seed_0000.png,yes,True
Flux,negative_ethnicity,writes_emails,1,output/Flux/negative_ethnicity/writes_emails/seed_0001.png,yes,True
Flux,negative_ethnicity,writes_emails,2,output/Flux/negative_ethnicity/writes_emails/seed_0002.png,yes,True
Flux,negative_ethnicity,writes_emails,3,output/Flux/negative_ethnicity/writes_emails/seed_0003.png,yes,True
Flux,negative_ethnicity,writes_emails,4,output/Flux/negative_ethnicity/writes_emails/seed_0004.png,yes,True
Flux,negative_ethnicity,writes_emails,5,output/Flux/negative_ethnicity/writes_emails/seed_0005.png,yes,True
Flux,negative_ethnicity,writes_emails,6,output/Flux/negative_ethnicity/writes_emails/seed_0006.png,yes,True
Flux,negative_ethnicity,writes_emails,7,output/Flux/negative_ethnicity/writes_emails/seed_0007.png,yes,True
Flux,negative_ethnicity,writes_emails,8,output/Flux/negative_ethnicity/writes_emails/seed_0008.png,yes,True
Flux,negative_ethnicity,writes_emails,9,output/Flux/negative_ethnicity/writes_emails/seed_0009.png,yes,True
Segmind,negative_ethnicity,performs_user_training,6,output/Segmind/negative_ethnicity/performs_user_training/seed_0006.png,yes,True
